{"type":"FeatureCollection","metadata":{"proyecto":"Mapa Atl\u00e1ntico \u2014 Polygons (Air-e)","fecha":"2026-07-14","fuentes":"DANE MGN 2024, catastro IDEEP Soledad, POT Barranquilla, catastro AMB Galapa, AAA, OSM","tipo":"barrios","total":734,"municipios":23},"features":[{"type":"Feature","properties":{"nombre":"CIUDAD SALITRE","municipio":"SOLEDAD","color":"#ea580c"},"geometry":{"type":"Polygon","coordinates":[[[-74.81763703691041,10.877006559835104],[-74.81391105494616,10.876620904876951],[-74.81119922987772,10.880098241537407],[-74.80799374892008,10.880404916216635],[-74.80671603806132,10.882357250094735],[-74.8057287872644,10.88612126394271],[-74.80743357522343,10.88713474807829],[-74.80994658234525,10.88793244209332],[-74.81103764015779,10.88600867407324],[-74.81165157162476,10.886407859338023],[-74.81331492909189,10.88443657590808],[-74.81420889019977,10.885144782320431],[-74.81510035024827,10.883973296562035],[-74.81403331786764,10.883158602767312],[-74.81707895150369,10.879584366562222],[-74.81763703691041,10.877006559835104]]]}},{"type":"Feature","properties":{"nombre":"SI NOS DEJAN","municipio":"SOLEDAD","color":"#ea580c"},"geometry":{"type":"Polygon","coordinates":[[[-74.80994658234525,10.88793244209332],[-74.81103764015779,10.88600867407324],[-74.81165157162476,10.886407859338023],[-74.81071700038717,10.888151549518238],[-74.80994658234525,10.88793244209332]]]}},{"type":"Feature","properties":{"nombre":"SAN BERNARDO","municipio":"SOLEDAD","color":"#ea580c"},"geometry":{"type":"Polygon","coordinates":[[[-74.8116471706826,10.886412385225988],[-74.81331492909189,10.88443657590808],[-74.81420889019977,10.885144782320431],[-74.81177360345562,10.888422418983467],[-74.81071700038717,10.888151549518238],[-74.8116471706826,10.886412385225988]]]}},{"type":"Feature","properties":{"nombre":"DON BOSCO","municipio":"SOLEDAD","color":"#ea580c"},"geometry":{"type":"Polygon","coordinates":[[[-74.81177360345562,10.888422418983467],[-74.81496615312943,10.884254038556495],[-74.81744947748443,10.885905965907048],[-74.81468341539478,10.889524983939708],[-74.81177360345562,10.888422418983467]]]}},{"type":"Feature","properties":{"nombre":"VILLA MURILLO","municipio":"SOLEDAD","color":"#ea580c"},"geometry":{"type":"Polygon","coordinates":[[[-74.80234010799629,10.894306474260528],[-74.80333950798871,10.891962058212503],[-74.80411714007388,10.892105754055363],[-74.80401528682252,10.894556726369975],[-74.80234010799629,10.894306474260528]]]}},{"type":"Feature","properties":{"nombre":"VILLA MARIA SILENA","municipio":"SOLEDAD","color":"#ea580c"},"geometry":{"type":"Polygon","coordinates":[[[-74.81468341539478,10.889524983939708],[-74.81751796913412,10.885819740544413],[-74.81947525826004,10.887110289078459],[-74.81975889091413,10.88879359665834],[-74.81820041218305,10.890412516797605],[-74.81672109162413,10.889763294338525],[-74.81468341539478,10.889524983939708]]]}},{"type":"Feature","properties":{"nombre":"NUEVA ESPERANZA","municipio":"SOLEDAD","color":"#ea580c"},"geometry":{"type":"MultiPolygon","coordinates":[[[[-74.82901547312234,10.895667795627087],[-74.82394588735066,10.890820882035847],[-74.82024167528414,10.891160386587062],[-74.81893331563603,10.890861857916109],[-74.8168817767889,10.889810936271413],[-74.81493115057272,10.889580008454223],[-74.81542946819934,10.892256086715484],[-74.81576217712988,10.892195235138153],[-74.81741104188971,10.894176805975304],[-74.82051781265494,10.89538353697876],[-74.82125469152241,10.893384353578737],[-74.82201765851372,10.89361292917839],[-74.8274283029618,10.898744148042487],[-74.82901547312234,10.895667795627087]]],[[[-74.7996996358937,10.895758961928124],[-74.79653645886964,10.89705848002551],[-74.79592428232432,10.898854808441094],[-74.79605662825287,10.899225855321328],[-74.79728868477416,10.899649000137286],[-74.79771183936174,10.899405288226205],[-74.79946548113237,10.896703343034963],[-74.7996996358937,10.895758961928124]]]]}},{"type":"Feature","properties":{"nombre":"Urbanizacion Las Colinas","municipio":"SOLEDAD","color":"#ea580c"},"geometry":{"type":"Polygon","coordinates":[[[-74.81530430774264,10.895703361294782],[-74.81691158980645,10.893540707317593],[-74.81741104188971,10.894176805975304],[-74.81889414684183,10.894817425643835],[-74.81871544809366,10.897329662233975],[-74.81676898998991,10.89733621615902],[-74.81683455300684,10.896001607137633],[-74.81530430774264,10.895703361294782]]]}},{"type":"Feature","properties":{"nombre":"VILLA SANTA","municipio":"SOLEDAD","color":"#ea580c"},"geometry":{"type":"Polygon","coordinates":[[[-74.81523647588612,10.8957039312672],[-74.81408495293519,10.895042875855664],[-74.81649389316638,10.893123125657288],[-74.81691114167909,10.893540351327806],[-74.81523647588612,10.8957039312672]]]}},{"type":"Feature","properties":{"nombre":"SALCEDO","municipio":"SOLEDAD","color":"#ea580c"},"geometry":{"type":"Polygon","coordinates":[[[-74.75973906898857,10.922516072148058],[-74.76007915412345,10.921121262528215],[-74.7610823609707,10.921539386199402],[-74.76065554903694,10.922642426282488],[-74.75973906898857,10.922516072148058]]]}},{"type":"Feature","properties":{"nombre":"Barrio 10","municipio":"SOLEDAD","color":"#ea580c"},"geometry":{"type":"Polygon","coordinates":[[[-74.81418220623783,10.897157771467857],[-74.81031669201107,10.895103817388952],[-74.8075053618888,10.896457149453358],[-74.80655742236951,10.895863232037613],[-74.80801868588958,10.893180522253255],[-74.81058858646287,10.891309719088232],[-74.81177360345562,10.888422418983467],[-74.81401191930883,10.889292581604504],[-74.81289347631125,10.891906302156348],[-74.81392309222848,10.893346927759623],[-74.81576217712988,10.892195235138153],[-74.81648580832035,10.893129954777667],[-74.81407022965328,10.895013998472287],[-74.81505935108513,10.895664143074761],[-74.81418220623783,10.897157771467857]]]}},{"type":"Feature","properties":{"nombre":"LA CENTRAL","municipio":"SOLEDAD","color":"#ea580c"},"geometry":{"type":"Polygon","coordinates":[[[-74.80414194201117,10.892681450177063],[-74.80405306930518,10.88808095091108],[-74.80504769477122,10.887398699541263],[-74.80560277159238,10.886087951216547],[-74.8077268924818,10.887252261570461],[-74.81177360345562,10.888422418983467],[-74.81058858646287,10.891309719088232],[-74.80801868588958,10.893180522253255],[-74.80744599333755,10.894382470434728],[-74.80414194201117,10.892681450177063]]]}},{"type":"Feature","properties":{"nombre":"CIUDAD CARIBE IV","municipio":"SOLEDAD","color":"#ea580c"},"geometry":{"type":"Polygon","coordinates":[[[-74.81397282021707,10.889393980377882],[-74.81493115057272,10.889580008454223],[-74.81554058649095,10.89228422772198],[-74.81392309222848,10.893346927759623],[-74.81289347631125,10.891906302156348],[-74.81397282021707,10.889393980377882]]]}},{"type":"Feature","properties":{"nombre":"LA CANDELARIA II","municipio":"SOLEDAD","color":"#ea580c"},"geometry":{"type":"Polygon","coordinates":[[[-74.80058655133693,10.893567892501265],[-74.79783891356209,10.892138789999953],[-74.80028805726118,10.890730027381373],[-74.80170526105015,10.8916265220862],[-74.80058655133693,10.893567892501265]]]}},{"type":"Feature","properties":{"nombre":"LA CANDELARIA I","municipio":"SOLEDAD","color":"#ea580c"},"geometry":{"type":"Polygon","coordinates":[[[-74.79983529351937,10.895456550201548],[-74.80170526105015,10.8916265220862],[-74.80336241528767,10.891904577942006],[-74.80246759543562,10.894149884284886],[-74.80203029142821,10.894198173027071],[-74.80117531071609,10.895918368265026],[-74.79983529351937,10.895456550201548]]]}},{"type":"Feature","properties":{"nombre":"LAS COMETAS","municipio":"SOLEDAD","color":"#ea580c"},"geometry":{"type":"Polygon","coordinates":[[[-74.79684634861624,10.89694150159525],[-74.79279848592165,10.895401640812775],[-74.79425385655121,10.894170331225588],[-74.79783891356209,10.892138789999953],[-74.80082061998475,10.893699097196052],[-74.7996996358937,10.895758961928124],[-74.79684634861624,10.89694150159525]]]}},{"type":"Feature","properties":{"nombre":"Do\u00f1a Manuela","municipio":"SOLEDAD","color":"#ea580c"},"geometry":{"type":"Polygon","coordinates":[[[-74.78676123368645,10.898232069763498],[-74.78582065947546,10.89414957782063],[-74.78733667448267,10.892584668545847],[-74.78998700956653,10.89292348298393],[-74.7904901268271,10.894276794709846],[-74.79100612553216,10.894745828683613],[-74.79326623287044,10.893327676460997],[-74.7933358774478,10.894104321336966],[-74.7937803778655,10.894521218454154],[-74.7903991430158,10.897249143810104],[-74.78867327313074,10.897903437471209],[-74.78854360529137,10.894986701692583],[-74.7880494894555,10.894974657784768],[-74.78769968045259,10.897988034012501],[-74.78676123368645,10.898232069763498]]]}},{"type":"Feature","properties":{"nombre":"LA CANDELARIA","municipio":"SOLEDAD","color":"#ea580c"},"geometry":{"type":"Polygon","coordinates":[[[-74.79094561197,10.889492611532479],[-74.792066959406,10.88946668767611],[-74.79297378442433,10.889841236587847],[-74.7899239787561,10.892665516910276],[-74.78925846717985,10.890841390913222],[-74.79094561197,10.889492611532479]]]}},{"type":"Feature","properties":{"nombre":"VILLA SOL","municipio":"SOLEDAD","color":"#ea580c"},"geometry":{"type":"Polygon","coordinates":[[[-74.78993878039047,10.892793751853935],[-74.79344968551113,10.88949844308899],[-74.79420415497242,10.89035912136462],[-74.79328930050167,10.892361601480355],[-74.79326623287044,10.893327676460997],[-74.79100612553002,10.894745827779623],[-74.7904901268271,10.894276794709846],[-74.78993878039047,10.892793751853935]]]}},{"type":"Feature","properties":{"nombre":"VILLA MARIA","municipio":"SOLEDAD","color":"#ea580c"},"geometry":{"type":"Polygon","coordinates":[[[-74.79319283661715,10.893028402786324],[-74.79420415497242,10.89035912136462],[-74.79684396531093,10.89268695507979],[-74.7937803778655,10.894521218454154],[-74.7933358774478,10.894104321336966],[-74.79319283661715,10.893028402786324]]]}},{"type":"Feature","properties":{"nombre":"BELLA JERUSALEN","municipio":"SOLEDAD","color":"#ea580c"},"geometry":{"type":"Polygon","coordinates":[[[-74.7874588639483,10.889959839566727],[-74.78780816876265,10.88830939875332],[-74.79084556267689,10.889572595960638],[-74.78929917191574,10.890952960621004],[-74.78797933282189,10.890929272000594],[-74.7874588639483,10.889959839566727]]]}},{"type":"Feature","properties":{"nombre":"CIUDAD PARAISO","municipio":"SOLEDAD","color":"#ea580c"},"geometry":{"type":"Polygon","coordinates":[[[-74.79420415497242,10.89035912136462],[-74.79344968551113,10.88949844308899],[-74.79297378442433,10.889841236587847],[-74.7912626631144,10.88935165064494],[-74.79084556267689,10.889572595960638],[-74.78772507355148,10.888289605877196],[-74.78946040005603,10.886918549663552],[-74.78969464134784,10.88704105055863],[-74.79037249587063,10.885364890616824],[-74.78969888262986,10.885064251848245],[-74.79017760433194,10.882805301621556],[-74.79091886146729,10.881410503033043],[-74.79144653517884,10.881630250037146],[-74.79219462437801,10.882736630163784],[-74.79381941515965,10.883602789427195],[-74.79289772876004,10.885780343373082],[-74.7950645117251,10.88643974016988],[-74.79464991584747,10.887120190683891],[-74.79512036144617,10.887378048535835],[-74.79423727840886,10.888894439391724],[-74.79420415497242,10.89035912136462]]]}},{"type":"Feature","properties":{"nombre":"GRANABASTOS","municipio":"SOLEDAD","color":"#ea580c"},"geometry":{"type":"Polygon","coordinates":[[[-74.79684396531093,10.89268695507979],[-74.79420415497242,10.89035912136462],[-74.79423727840886,10.888894439391724],[-74.79763419541435,10.882680082995781],[-74.79837686065363,10.883087634677095],[-74.79998016983176,10.880682203438607],[-74.80176218756958,10.882656081945116],[-74.80566020892302,10.886062557832107],[-74.80504769477122,10.887398699541263],[-74.80405306930518,10.88808095091108],[-74.8040726584673,10.892109107401318],[-74.80206532732552,10.891854290560167],[-74.80028805726118,10.890730027381373],[-74.79684396531093,10.89268695507979]]]}},{"type":"Feature","properties":{"nombre":"VI\u00d1AS DEL REY","municipio":"SOLEDAD","color":"#ea580c"},"geometry":{"type":"Polygon","coordinates":[[[-74.77861845788715,10.894808569317927],[-74.78084660108566,10.8953550219866],[-74.78042848611518,10.896561333146254],[-74.78161682652708,10.89725333264713],[-74.77991347234841,10.899173273008232],[-74.77836874386703,10.898087694783886],[-74.77630059025871,10.897483540879925],[-74.77861845788715,10.894808569317927]]]}},{"type":"Feature","properties":{"nombre":"A.S.D","municipio":"SOLEDAD","color":"#ea580c"},"geometry":{"type":"Polygon","coordinates":[[[-74.79289772876004,10.885780343373082],[-74.79381941515965,10.883602789427195],[-74.79219462437801,10.882736630163784],[-74.79136576081052,10.881737943690522],[-74.79229895671742,10.880205484392901],[-74.79534489073774,10.881459968803131],[-74.7965591453012,10.877493516036145],[-74.79722357644523,10.878106034014674],[-74.7988417532083,10.876936946514483],[-74.79935786445463,10.876026615914618],[-74.80046220935637,10.876344337559825],[-74.79926558601484,10.879518671344114],[-74.79866326442705,10.87952010078708],[-74.79998016983176,10.880682203438607],[-74.79837686065363,10.883087634677095],[-74.79763419541435,10.882680082995781],[-74.79512036144617,10.887378048535835],[-74.79464991584747,10.887120190683891],[-74.7950645117251,10.88643974016988],[-74.79289772876004,10.885780343373082]]]}},{"type":"Feature","properties":{"nombre":"VILLA GLADIS","municipio":"SOLEDAD","color":"#ea580c"},"geometry":{"type":"Polygon","coordinates":[[[-74.76937267716492,10.88392419294654],[-74.76934632422471,10.882315735484255],[-74.77239998039079,10.88255679947532],[-74.77305376472688,10.882937584766713],[-74.77284723694545,10.883630984879229],[-74.77136184100998,10.883270070036547],[-74.7710047221097,10.884653583448626],[-74.76937267716492,10.88392419294654]]]}},{"type":"Feature","properties":{"nombre":"EL ESFUERZO","municipio":"SOLEDAD","color":"#ea580c"},"geometry":{"type":"Polygon","coordinates":[[[-74.76934632422471,10.882315735484255],[-74.76952157183575,10.880774109844454],[-74.77323763638367,10.8811984742784],[-74.77307280113126,10.881578081481027],[-74.77203294752395,10.881440206626927],[-74.77194920014986,10.882518648877573],[-74.76934632422471,10.882315735484255]]]}},{"type":"Feature","properties":{"nombre":"VILLA ANITA","municipio":"SOLEDAD","color":"#ea580c"},"geometry":{"type":"Polygon","coordinates":[[[-74.77194920014986,10.882518648877573],[-74.77203294752395,10.881440206626927],[-74.77307280113126,10.881578081481027],[-74.77323774821983,10.881197796037341],[-74.77393926266672,10.881315310109311],[-74.77305376472688,10.882937584766713],[-74.77194920014986,10.882518648877573]]]}},{"type":"Feature","properties":{"nombre":"Barrio 21","municipio":"SOLEDAD","color":"#ea580c"},"geometry":{"type":"Polygon","coordinates":[[[-74.7691570287764,10.900188263477798],[-74.76976513455585,10.889938617463743],[-74.76999115404253,10.88806047545284],[-74.77029459503434,10.894006383120276],[-74.7691570287764,10.900188263477798]]]}},{"type":"Feature","properties":{"nombre":"SAN VICENTE","municipio":"SOLEDAD","color":"#ea580c"},"geometry":{"type":"Polygon","coordinates":[[[-74.78541450809864,10.89122720463022],[-74.78374050070099,10.891024380116365],[-74.78427081927609,10.88938959823764],[-74.78361450569021,10.889206270402813],[-74.78405128298941,10.88856621358618],[-74.78535305425312,10.889108112461013],[-74.78753312689754,10.889372545052563],[-74.7874588639483,10.889959839566727],[-74.78797933282189,10.890929272000594],[-74.78929917191574,10.890952960621004],[-74.78966386350555,10.891952559810306],[-74.78721454941527,10.891883275203607],[-74.78541450809864,10.89122720463022]]]}},{"type":"Feature","properties":{"nombre":"VILLA ESTHER","municipio":"SOLEDAD","color":"#ea580c"},"geometry":{"type":"Polygon","coordinates":[[[-74.78712413488502,10.891935127857288],[-74.78966386350555,10.891952559810306],[-74.78998700956653,10.89292348298393],[-74.78656176922266,10.89250083293919],[-74.78712413488502,10.891935127857288]]]}},{"type":"Feature","properties":{"nombre":"ALTOS DE JESUS","municipio":"SOLEDAD","color":"#ea580c"},"geometry":{"type":"MultiPolygon","coordinates":[[[[-74.7861915881593,10.895783903161345],[-74.78549871043624,10.895941022543163],[-74.7854978601644,10.895556093334113],[-74.78442553324116,10.8944796424946],[-74.78655719894769,10.892493913588526],[-74.78733667448267,10.892584668545847],[-74.78582065947546,10.89414957782063],[-74.7861915881593,10.895783903161345]]],[[[-74.7861915881593,10.895783903161345],[-74.7861976192165,10.895782732129268],[-74.78622158084309,10.895887543902031],[-74.7861915881593,10.895783903161345]]]]}},{"type":"Feature","properties":{"nombre":"ZARABANDA","municipio":"SOLEDAD","color":"#ea580c"},"geometry":{"type":"Polygon","coordinates":[[[-74.78056848561397,10.89828632560965],[-74.78109082871816,10.899242919821425],[-74.77984409587036,10.899641718681188],[-74.77991347234841,10.899173273008232],[-74.78056848561397,10.89828632560965]]]}},{"type":"Feature","properties":{"nombre":"AEROPUERTO","municipio":"SOLEDAD","color":"#ea580c"},"geometry":{"type":"Polygon","coordinates":[[[-74.792135,10.880581],[-74.791367,10.880106],[-74.791903,10.879299],[-74.78928,10.877052],[-74.789916,10.875648],[-74.787964,10.875124],[-74.787172,10.877508],[-74.785734,10.877416],[-74.784778,10.879141],[-74.783131,10.878853],[-74.782887,10.877049],[-74.781263,10.876627],[-74.779188,10.879091],[-74.780397,10.88026],[-74.778229,10.884074],[-74.776806,10.882613],[-74.774682,10.882392],[-74.773628,10.881771],[-74.772847,10.883634],[-74.771362,10.883273],[-74.771005,10.884657],[-74.769465,10.883977],[-74.770256,10.890093],[-74.770295,10.894006],[-74.769157,10.900188],[-74.77008,10.900898],[-74.770373,10.900539],[-74.772316,10.902188],[-74.774614,10.899463],[-74.774911,10.899475],[-74.778736,10.894658],[-74.781796,10.895669],[-74.78261,10.893251],[-74.782886,10.893324],[-74.782998,10.892954],[-74.78384,10.893201],[-74.783915,10.892431],[-74.784906,10.892651],[-74.785276,10.891406],[-74.78531,10.891192],[-74.783741,10.891027],[-74.78427,10.889393],[-74.783615,10.889209],[-74.783726,10.88895],[-74.784051,10.888566],[-74.785353,10.889108],[-74.787533,10.889376],[-74.787786,10.88819],[-74.78946,10.886919],[-74.789695,10.887041],[-74.790371,10.885368],[-74.789699,10.885067],[-74.790178,10.882805],[-74.790868,10.881446],[-74.791434,10.881638],[-74.792135,10.880581]]]}},{"type":"Feature","properties":{"nombre":"VILLA DEL REY","municipio":"SOLEDAD","color":"#ea580c"},"geometry":{"type":"MultiPolygon","coordinates":[[[[-74.7853284894539,10.891195959032977],[-74.78718701458907,10.891873151947202],[-74.78161682652708,10.89725333264713],[-74.78042848611518,10.896561333146254],[-74.78084660108566,10.8953550219866],[-74.78179618971964,10.895668898080698],[-74.78260994072691,10.893251100713139],[-74.7828863428012,10.893324394606058],[-74.7829981002916,10.892954336087634],[-74.78383986598608,10.893201032582589],[-74.78391529584951,10.892430838853757],[-74.78490596082311,10.892651401685534],[-74.7853284894539,10.891195959032977]]],[[[-74.7853284894539,10.891195959032977],[-74.78531009991399,10.891189279458679],[-74.78533152019162,10.891184985849472],[-74.7853284894539,10.891195959032977]]]]}},{"type":"Feature","properties":{"nombre":"PRADO DE SOLEDAD","municipio":"SOLEDAD","color":"#ea580c"},"geometry":{"type":"Polygon","coordinates":[[[-74.78465916949163,10.899065616722716],[-74.78194146300373,10.899055246300545],[-74.78122731589636,10.897638173846156],[-74.78442553324116,10.8944796424946],[-74.7854978601644,10.895556093334113],[-74.78549871043624,10.895941022543163],[-74.7861976192165,10.895782732129268],[-74.78676123368645,10.898232069763498],[-74.78465916949163,10.899065616722716]]]}},{"type":"Feature","properties":{"nombre":"MARTHA GISELLA","municipio":"SOLEDAD","color":"#ea580c"},"geometry":{"type":"Polygon","coordinates":[[[-74.78804873326003,10.895058427755252],[-74.78854360620599,10.894986701690463],[-74.78853947460462,10.897911619632819],[-74.78769968045259,10.897988034012501],[-74.78804873326003,10.895058427755252]]]}},{"type":"Feature","properties":{"nombre":"Martha Gisella","municipio":"SOLEDAD","color":"#ea580c"},"geometry":{"type":"Polygon","coordinates":[[[-74.78565007113252,10.900686682804144],[-74.78400947484876,10.899068562768948],[-74.78934769353683,10.897763823922448],[-74.79129823737952,10.896478900215882],[-74.79169866201386,10.896925834499774],[-74.79219196971363,10.898567009185776],[-74.79062254101174,10.898902520716563],[-74.79091603849926,10.900319723101212],[-74.79147112472262,10.900787369062924],[-74.78921985693596,10.90064162524034],[-74.7885523605787,10.90077325242926],[-74.78806570961578,10.901407920609694],[-74.78565007113252,10.900686682804144]]]}},{"type":"Feature","properties":{"nombre":"VILLA MONIKA","municipio":"SOLEDAD","color":"#ea580c"},"geometry":{"type":"Polygon","coordinates":[[[-74.78119435474491,10.897670739480313],[-74.78194146300373,10.899055246300545],[-74.78109082871816,10.899242919821425],[-74.78057937701497,10.898271070358662],[-74.78119435474491,10.897670739480313]]]}},{"type":"Feature","properties":{"nombre":"VILLA ADELA II","municipio":"SOLEDAD","color":"#ea580c"},"geometry":{"type":"Polygon","coordinates":[[[-74.78159843151757,10.902272010636965],[-74.77917405904039,10.900612934845894],[-74.77993580130747,10.899574035409735],[-74.78221219368014,10.899012520310887],[-74.78260889827907,10.902132858487454],[-74.78217745858613,10.90189381488779],[-74.78181726801505,10.902490665331873],[-74.78210432326516,10.90266963013912],[-74.78193898646857,10.90306054162741],[-74.78125732845878,10.902837850789378],[-74.78159843151757,10.902272010636965]]]}},{"type":"Feature","properties":{"nombre":"CIUDAD BOLIVAR","municipio":"SOLEDAD","color":"#ea580c"},"geometry":{"type":"Polygon","coordinates":[[[-74.78241812547698,10.904782247984649],[-74.78337971180763,10.90357810933473],[-74.78343990698247,10.902213454651733],[-74.78488542419306,10.902273929356253],[-74.78460920057069,10.903048213845699],[-74.7852344558042,10.903095882054622],[-74.7844592366753,10.904286452263902],[-74.78389675694233,10.904636997630048],[-74.78241812547698,10.904782247984649]]]}},{"type":"Feature","properties":{"nombre":"SOLEDAD DOS MIL","municipio":"SOLEDAD","color":"#ea580c"},"geometry":{"type":"Polygon","coordinates":[[[-74.78059131100812,10.909412724571132],[-74.78016511298486,10.907168098660438],[-74.78195499249617,10.905519748056138],[-74.78213742681183,10.904845403831416],[-74.78403133043021,10.9045973190427],[-74.78521117759016,10.903168511853783],[-74.78796965303958,10.903788983425462],[-74.78806533553602,10.904216821222375],[-74.78978184208879,10.905492262500607],[-74.7908891497535,10.907101149123248],[-74.7880951936543,10.908843653981034],[-74.784769198339,10.908328050071539],[-74.78059131100812,10.909412724571132]]]}},{"type":"Feature","properties":{"nombre":"MONTECARMELO","municipio":"SOLEDAD","color":"#ea580c"},"geometry":{"type":"Polygon","coordinates":[[[-74.78214366502863,10.901949029980766],[-74.78343990698247,10.902213454651733],[-74.78334740594914,10.903521003363563],[-74.78262237675251,10.903283966355438],[-74.78273227431848,10.903009795619663],[-74.78181726801505,10.902490665331873],[-74.78214366502863,10.901949029980766]]]}},{"type":"Feature","properties":{"nombre":"VILLA ADELA I","municipio":"SOLEDAD","color":"#ea580c"},"geometry":{"type":"Polygon","coordinates":[[[-74.78184080911974,10.904366648766574],[-74.78194702801454,10.904048529755418],[-74.78013158696842,10.903418435537143],[-74.77803918821247,10.902059737664375],[-74.77917405904039,10.900612934845894],[-74.78159843151757,10.902272010636965],[-74.78125732845878,10.902837850789378],[-74.78193898646857,10.90306054162741],[-74.78210432326516,10.90266963013912],[-74.78337971180763,10.90357810933473],[-74.78248374055997,10.90472831200332],[-74.78184080911974,10.904366648766574]]]}},{"type":"Feature","properties":{"nombre":"A.H.I","municipio":"SOLEDAD","color":"#ea580c"},"geometry":{"type":"Polygon","coordinates":[[[-74.77136941538288,10.908887577149944],[-74.76936728302132,10.903874148740947],[-74.76909512932862,10.900148795105405],[-74.77008043887218,10.900898172875326],[-74.7703728023933,10.900539277298932],[-74.77231601701415,10.902188081407642],[-74.77461380752344,10.899463388096029],[-74.77917405904039,10.900612934845894],[-74.77685158640188,10.903511908365005],[-74.77553455847105,10.905772711257185],[-74.7733769325188,10.903262755011353],[-74.77283732565841,10.904284878643496],[-74.77460147288147,10.906419224539537],[-74.77369061653046,10.907415474177787],[-74.77136941538288,10.908887577149944]]]}},{"type":"Feature","properties":{"nombre":"MANUELA BELTRAN","municipio":"SOLEDAD","color":"#ea580c"},"geometry":{"type":"Polygon","coordinates":[[[-74.77696448739695,10.908845461267966],[-74.777315410401,10.907594858658758],[-74.77480160517405,10.906331107302218],[-74.77609981016903,10.905128104483259],[-74.77685158640188,10.903511908365005],[-74.77803918821247,10.902059737664375],[-74.78013158696842,10.903418435537143],[-74.78194702801454,10.904048529755418],[-74.78184080911974,10.904366648766574],[-74.78248374055997,10.90472831200332],[-74.78053817669539,10.906916563518346],[-74.78016511298486,10.907168098660438],[-74.77904738031071,10.906979210539555],[-74.77814780944054,10.90771606294447],[-74.77795115725544,10.908643294905133],[-74.77729903641708,10.90903154015146],[-74.77696448739695,10.908845461267966]]]}},{"type":"Feature","properties":{"nombre":"URB. PORTAL DE SAN ANTONIO","municipio":"SOLEDAD","color":"#ea580c"},"geometry":{"type":"Polygon","coordinates":[[[-74.77460185329501,10.906452564332934],[-74.77283732565841,10.904284878643496],[-74.7733769325188,10.903262755011353],[-74.77553455847105,10.905772711257185],[-74.77460185329501,10.906452564332934]]]}},{"type":"Feature","properties":{"nombre":"Barrio 19","municipio":"SOLEDAD","color":"#ea580c"},"geometry":{"type":"Polygon","coordinates":[[[-74.75968515542952,10.916412396449294],[-74.75899433586744,10.91592651506041],[-74.76018331829968,10.91471926943273],[-74.7610226667718,10.912766247947795],[-74.76051310150993,10.910249493704105],[-74.760718726241,10.909642645262604],[-74.76157977703929,10.909003948993808],[-74.76409033808295,10.909653827767151],[-74.76240751639315,10.913930748865837],[-74.76194418967894,10.914381733743081],[-74.76133231616149,10.914104353025568],[-74.76096421223119,10.91548084119378],[-74.76071612706971,10.915389890979501],[-74.75968515542952,10.916412396449294]]]}},{"type":"Feature","properties":{"nombre":"RENACER","municipio":"SOLEDAD","color":"#ea580c"},"geometry":{"type":"Polygon","coordinates":[[[-74.77509481588015,10.8990664266105],[-74.77642663350576,10.898455796335163],[-74.77810377630104,10.89872429756868],[-74.77873107862138,10.898300963522527],[-74.7800723375487,10.89932876892556],[-74.77917405904039,10.900612934845894],[-74.77476947969386,10.899573177081589],[-74.77509481588015,10.8990664266105]]]}},{"type":"Feature","properties":{"nombre":"23 DE NOVIEMBRE","municipio":"SOLEDAD","color":"#ea580c"},"geometry":{"type":"Polygon","coordinates":[[[-74.77529973337724,10.89899957544735],[-74.77630059025871,10.897483540879925],[-74.77873107862138,10.898300963522527],[-74.77810377630104,10.89872429756868],[-74.77642663350576,10.898455796335163],[-74.77529973337724,10.89899957544735]]]}},{"type":"Feature","properties":{"nombre":"ZONA INDUSTRIAL","municipio":"SOLEDAD","color":"#ea580c"},"geometry":{"type":"MultiPolygon","coordinates":[[[[-74.77871811069004,10.926837538781559],[-74.77701756147128,10.922667008010956],[-74.77537075614141,10.923571368577855],[-74.77461078830453,10.924687891277664],[-74.77522262394135,10.925708438376766],[-74.77646113333714,10.925813387815596],[-74.77682101691778,10.92662624784447],[-74.77758973954171,10.926596907877824],[-74.77735396812604,10.92703911229171],[-74.77871811069004,10.926837538781559]]],[[[-74.77128300146913,10.908677712698724],[-74.76924038005671,10.903068899587494],[-74.7690624006032,10.899228401564807],[-74.76976513455585,10.889938617463743],[-74.76780393301257,10.890092556772498],[-74.76459096606617,10.890908962167963],[-74.76480468660476,10.891575850013396],[-74.76510080115261,10.89156103460161],[-74.76524047065918,10.89342860718811],[-74.76438780318726,10.897175542225746],[-74.76453189675735,10.89807323457013],[-74.76427112584533,10.898500125049827],[-74.76374698207408,10.898361426975931],[-74.76335866694102,10.898870141589523],[-74.76642209634545,10.900058353328214],[-74.76679032027607,10.901079161765804],[-74.76751807705968,10.901454823600176],[-74.76614144612324,10.90401970497147],[-74.76512453665352,10.908390243079749],[-74.76482980894949,10.908332330890651],[-74.76439671212788,10.908869656549435],[-74.76782490910574,10.909688229308683],[-74.76773778410829,10.910116360301606],[-74.7693348134848,10.90908662934333],[-74.77128300146913,10.908677712698724]]],[[[-74.77015166284497,10.942542042852397],[-74.76734990469548,10.936891215115471],[-74.76593060512694,10.935114345795041],[-74.76455725942449,10.935318472753302],[-74.7622663715659,10.934772905456086],[-74.75978773800519,10.934663642877435],[-74.75979161125969,10.935548880200948],[-74.75927072228087,10.935521711827393],[-74.75787013929724,10.936274605683625],[-74.75856624271819,10.938726089537514],[-74.75900316745032,10.938743815957027],[-74.7593015419396,10.93939307313572],[-74.75950312747018,10.944455496379426],[-74.76085315565531,10.94418811694642],[-74.76178055713875,10.945122192239952],[-74.76251487077799,10.945365915416271],[-74.76282133980821,10.942386872654437],[-74.77015166284497,10.942542042852397]]]]}},{"type":"Feature","properties":{"nombre":"RIGOBERTA MENCHU","municipio":"SOLEDAD","color":"#ea580c"},"geometry":{"type":"Polygon","coordinates":[[[-74.76469753877339,10.90836974881355],[-74.76614144612324,10.90401970497147],[-74.76626002469769,10.904050761515876],[-74.76512453665352,10.908390243079749],[-74.76469753877339,10.90836974881355]]]}},{"type":"Feature","properties":{"nombre":"LA ESPERANZA","municipio":"SOLEDAD","color":"#ea580c"},"geometry":{"type":"Polygon","coordinates":[[[-74.76413062351689,10.909484552423775],[-74.76438491507808,10.908867059642397],[-74.76782490910574,10.909688229308683],[-74.76773778410829,10.910116360301606],[-74.76619141031493,10.910121727807889],[-74.76413062351689,10.909484552423775]]]}},{"type":"Feature","properties":{"nombre":"LA LOMA","municipio":"SOLEDAD","color":"#ea580c"},"geometry":{"type":"Polygon","coordinates":[[[-74.76194418967894,10.914381733743081],[-74.76240751639315,10.913930748865837],[-74.76310568194634,10.912167304404552],[-74.76486167293903,10.912683685440749],[-74.76382436714711,10.915428369354755],[-74.76194418967894,10.914381733743081]]]}},{"type":"Feature","properties":{"nombre":"JUAN DOMINGUEZ ROMERO","municipio":"SOLEDAD","color":"#ea580c"},"geometry":{"type":"Polygon","coordinates":[[[-74.76310568194634,10.912167304404552],[-74.76408768095895,10.909664995207974],[-74.76773778410829,10.910116360301606],[-74.76625329125292,10.91326282397181],[-74.76310568194634,10.912167304404552]]]}},{"type":"Feature","properties":{"nombre":"PUMAREJO","municipio":"SOLEDAD","color":"#ea580c"},"geometry":{"type":"Polygon","coordinates":[[[-74.76815644593344,10.911096303843504],[-74.76868314285625,10.910979969044893],[-74.76888344156005,10.910364097322155],[-74.77014546853727,10.910333498185633],[-74.77084873497633,10.909837644711947],[-74.768949666657,10.915226944282216],[-74.76676150643976,10.914567455588431],[-74.76815644593344,10.911096303843504]]]}},{"type":"Feature","properties":{"nombre":"LA FLORESTA PLAN II","municipio":"SOLEDAD","color":"#ea580c"},"geometry":{"type":"Polygon","coordinates":[[[-74.768949666657,10.915226944282216],[-74.76995516947866,10.912389389201895],[-74.77048118879931,10.912566274769283],[-74.76965159749038,10.915457603863342],[-74.768949666657,10.915226944282216]]]}},{"type":"Feature","properties":{"nombre":"EL PASITO","municipio":"SOLEDAD","color":"#ea580c"},"geometry":{"type":"Polygon","coordinates":[[[-74.76687617637363,10.916468847089346],[-74.76380352885565,10.915479120489993],[-74.76484745523584,10.91279004476568],[-74.76625329125292,10.91326282397181],[-74.7670854190699,10.911179297364574],[-74.76799885074755,10.911184658300181],[-74.76676150643976,10.914567455588431],[-74.76749881417061,10.914791959570653],[-74.76687617637363,10.916468847089346]]]}},{"type":"Feature","properties":{"nombre":"SAN ANTONIO 2","municipio":"SOLEDAD","color":"#ea580c"},"geometry":{"type":"Polygon","coordinates":[[[-74.76687617637363,10.916468847089346],[-74.76749881417061,10.914791959570653],[-74.76965159749038,10.915457603863342],[-74.76928703110099,10.916522692504541],[-74.76773226097498,10.916328095237791],[-74.76756796744246,10.916744222563763],[-74.76687617637363,10.916468847089346]]]}},{"type":"Feature","properties":{"nombre":"SAN ANTONIO","municipio":"SOLEDAD","color":"#ea580c"},"geometry":{"type":"Polygon","coordinates":[[[-74.76965159749038,10.915457603863342],[-74.77024614206893,10.913333275965229],[-74.77142333786105,10.913634050114954],[-74.77325088777798,10.913505929107249],[-74.77376797246333,10.91470431830181],[-74.77122226288101,10.914768991411353],[-74.77014523433982,10.915665163574953],[-74.76965159749038,10.915457603863342]]]}},{"type":"Feature","properties":{"nombre":"LA ILUSION","municipio":"SOLEDAD","color":"#ea580c"},"geometry":{"type":"Polygon","coordinates":[[[-74.77807227333956,10.917213484179252],[-74.77701000378504,10.91400525725364],[-74.77837853812615,10.913065008777117],[-74.7801665193219,10.91751120363516],[-74.77807227333956,10.917213484179252]]]}},{"type":"Feature","properties":{"nombre":"EL OASIS","municipio":"SOLEDAD","color":"#ea580c"},"geometry":{"type":"Polygon","coordinates":[[[-74.7743854291625,10.912506166184718],[-74.77268848175312,10.912132653300347],[-74.77174123282788,10.909811702853434],[-74.77380104632941,10.9097477911577],[-74.77652033059172,10.910239373869468],[-74.77848565083633,10.911164337347342],[-74.77896941711188,10.911689757833084],[-74.77814523633407,10.913432780374338],[-74.77583042279807,10.914543016288823],[-74.77442739191373,10.914652747361771],[-74.7743854291625,10.912506166184718]]]}},{"type":"Feature","properties":{"nombre":"EL RECUERDO","municipio":"SOLEDAD","color":"#ea580c"},"geometry":{"type":"Polygon","coordinates":[[[-74.77376797246333,10.91470431830181],[-74.77268848175312,10.912132653300347],[-74.77437151651144,10.912463642914103],[-74.77442739191373,10.914652747361771],[-74.77376797246333,10.91470431830181]]]}},{"type":"Feature","properties":{"nombre":"LA FLORESTA I","municipio":"SOLEDAD","color":"#ea580c"},"geometry":{"type":"Polygon","coordinates":[[[-74.76995516947866,10.912389389201895],[-74.77085216861389,10.909827355948352],[-74.77174123282788,10.909811702853434],[-74.77325088777798,10.913505929107249],[-74.77142333786105,10.913634050114954],[-74.77028069385999,10.913342507003962],[-74.77050954734236,10.91259571566961],[-74.76995516947866,10.912389389201895]]]}},{"type":"Feature","properties":{"nombre":"Barrio 20","municipio":"SOLEDAD","color":"#ea580c"},"geometry":{"type":"Polygon","coordinates":[[[-74.77576711658043,10.910089101032364],[-74.77174123282788,10.909811702853434],[-74.77136941538288,10.908887577149944],[-74.7718052278839,10.908652328092415],[-74.77403478391831,10.908994279051603],[-74.77616750798798,10.909779078782925],[-74.77576711658043,10.910089101032364]]]}},{"type":"Feature","properties":{"nombre":"Barrio 22","municipio":"SOLEDAD","color":"#ea580c"},"geometry":{"type":"Polygon","coordinates":[[[-74.7743280788052,10.908142352238789],[-74.77432326897586,10.908138216614892],[-74.7743409301616,10.908144408492143],[-74.7743280788052,10.908142352238789]]]}},{"type":"Feature","properties":{"nombre":"URB. CIUDAD DEL PARQUE","municipio":"SOLEDAD","color":"#ea580c"},"geometry":{"type":"Polygon","coordinates":[[[-74.77575566165794,10.909615109103468],[-74.77403478391831,10.908994279051603],[-74.7718052278839,10.908652328092415],[-74.77356314372643,10.907476887470382],[-74.7743280788052,10.908142352238789],[-74.777301690715,10.909010385446885],[-74.77673396349834,10.909557549220718],[-74.77575566165794,10.909615109103468]]]}},{"type":"Feature","properties":{"nombre":"LINDA MARIA II","municipio":"SOLEDAD","color":"#ea580c"},"geometry":{"type":"Polygon","coordinates":[[[-74.77446978076857,10.908130994073233],[-74.77672362955926,10.908078086214962],[-74.77702694172136,10.908200871286938],[-74.77684081205896,10.908783031747552],[-74.77446978076857,10.908130994073233]]]}},{"type":"Feature","properties":{"nombre":"SAN JUAN EUDES","municipio":"SOLEDAD","color":"#ea580c"},"geometry":{"type":"Polygon","coordinates":[[[-74.77460185329501,10.906452564332934],[-74.77508136455636,10.906595784616314],[-74.77563663148022,10.90807346635264],[-74.77432168952046,10.908138295238063],[-74.77356314372643,10.907476887470382],[-74.77460185329501,10.906452564332934]]]}},{"type":"Feature","properties":{"nombre":"LINDA MARIA","municipio":"SOLEDAD","color":"#ea580c"},"geometry":{"type":"Polygon","coordinates":[[[-74.77702694172136,10.908200871286938],[-74.7756206126819,10.908120444813168],[-74.77572744000005,10.907859019378648],[-74.77497258952796,10.90669465395713],[-74.777315410401,10.907594858658758],[-74.77702694172136,10.908200871286938]]]}},{"type":"Feature","properties":{"nombre":"LA FE","municipio":"SOLEDAD","color":"#ea580c"},"geometry":{"type":"Polygon","coordinates":[[[-74.77576711658043,10.910089101032364],[-74.77773925042035,10.90873709554215],[-74.77977574075175,10.90964437385681],[-74.77897572602532,10.911696538605783],[-74.77844560066943,10.911141710164975],[-74.77576711658043,10.910089101032364]]]}},{"type":"Feature","properties":{"nombre":"TAJAMAR","municipio":"SOLEDAD","color":"#ea580c"},"geometry":{"type":"Polygon","coordinates":[[[-74.78062580228138,10.909407192588429],[-74.78178271047217,10.910954503075983],[-74.78128072700711,10.91127478739055],[-74.77935545098678,10.910333318097374],[-74.77977574075175,10.90964437385681],[-74.78062580228138,10.909407192588429]]]}},{"type":"Feature","properties":{"nombre":"LA BONANZA","municipio":"SOLEDAD","color":"#ea580c"},"geometry":{"type":"Polygon","coordinates":[[[-74.77933712236829,10.906896173483762],[-74.78016511298486,10.907168098660438],[-74.78059131100812,10.909412724571132],[-74.77977574075175,10.90964437385681],[-74.77773925042035,10.90873709554215],[-74.77814780944054,10.90771606294447],[-74.77933712236829,10.906896173483762]]]}},{"type":"Feature","properties":{"nombre":"LA FARRUCA","municipio":"SOLEDAD","color":"#ea580c"},"geometry":{"type":"Polygon","coordinates":[[[-74.78328711448293,10.912475001017924],[-74.78351811214573,10.911938217704435],[-74.78526962319509,10.912158471953907],[-74.78467610853669,10.912865977792793],[-74.78328711448293,10.912475001017924]]]}},{"type":"Feature","properties":{"nombre":"TAJAMAR II","municipio":"SOLEDAD","color":"#ea580c"},"geometry":{"type":"Polygon","coordinates":[[[-74.78341531559298,10.91296911924494],[-74.77903729298791,10.911448761087986],[-74.77935545098678,10.910333318097374],[-74.78128072700711,10.91127478739055],[-74.78178271047217,10.910954503075983],[-74.78206215243803,10.911370106193045],[-74.7827643695436,10.911500294719076],[-74.78338638088867,10.90871890422788],[-74.78364597529422,10.908634203230928],[-74.78341531559298,10.91296911924494]]]}},{"type":"Feature","properties":{"nombre":"LAS NUBES","municipio":"SOLEDAD","color":"#ea580c"},"geometry":{"type":"Polygon","coordinates":[[[-74.7807630514342,10.909385177452801],[-74.78338638088867,10.90871890422788],[-74.7827643695436,10.911500294719076],[-74.78206215243803,10.911370106193045],[-74.7807630514342,10.909385177452801]]]}},{"type":"Feature","properties":{"nombre":"NUEVA JERUSALEN","municipio":"SOLEDAD","color":"#ea580c"},"geometry":{"type":"Polygon","coordinates":[[[-74.78380929161743,10.910450492978342],[-74.78344756722836,10.910383954199682],[-74.78364597529422,10.908634203230928],[-74.78403136525523,10.908508456875472],[-74.78380929161743,10.910450492978342]]]}},{"type":"Feature","properties":{"nombre":"URB. VILLA MONACO","municipio":"SOLEDAD","color":"#ea580c"},"geometry":{"type":"Polygon","coordinates":[[[-74.78526575847602,10.912160325908319],[-74.78349672608768,10.911811931291396],[-74.78403136525523,10.908508456875472],[-74.785234794876,10.908372496469918],[-74.78501260757734,10.910208593148992],[-74.78571933632027,10.910357158750175],[-74.78553111039189,10.911477066018694],[-74.78526575847602,10.912160325908319]]]}},{"type":"Feature","properties":{"nombre":"VILLA ESTEFANY","municipio":"SOLEDAD","color":"#ea580c"},"geometry":{"type":"Polygon","coordinates":[[[-74.78710727058956,10.912852010819304],[-74.78524378979009,10.91228447861629],[-74.78571933632027,10.910357158750175],[-74.78501260757734,10.910208593148992],[-74.785234794876,10.908372496469918],[-74.78781135913292,10.90888448240186],[-74.78760232601854,10.912376245234938],[-74.78783720028967,10.913135083626488],[-74.78707342105086,10.913169385964093],[-74.78710727058956,10.912852010819304]]]}},{"type":"Feature","properties":{"nombre":"LOS CEREZOS","municipio":"SOLEDAD","color":"#ea580c"},"geometry":{"type":"Polygon","coordinates":[[[-74.82284006241753,10.915670219093975],[-74.823668795845,10.913454882052845],[-74.82511038079807,10.913965285570603],[-74.82535931906182,10.915018209946954],[-74.82339123858951,10.91586977457909],[-74.82284006241753,10.915670219093975]]]}},{"type":"Feature","properties":{"nombre":"BARRIO NORMANDIA","municipio":"SOLEDAD","color":"#ea580c"},"geometry":{"type":"Polygon","coordinates":[[[-74.78329639864633,10.913289425748578],[-74.78354432208549,10.912571274069796],[-74.78467610853669,10.912865977792793],[-74.78501826338805,10.91221353835473],[-74.78710727058956,10.912852010819304],[-74.78706228628026,10.91532192172039],[-74.78494683120913,10.91546234738143],[-74.78588652931762,10.917845088640446],[-74.78589199100014,10.918570782313196],[-74.78385824191514,10.918538318283714],[-74.78408800867106,10.913547491553254],[-74.78329639864633,10.913289425748578]]]}},{"type":"Feature","properties":{"nombre":"LAS COLONIAS II","municipio":"SOLEDAD","color":"#ea580c"},"geometry":{"type":"Polygon","coordinates":[[[-74.79018561913995,10.913964232327919],[-74.7893037597783,10.913930574710061],[-74.78944096129611,10.912254187760238],[-74.7918830562078,10.912141369192181],[-74.79130129025505,10.913122350965162],[-74.79018561913995,10.913964232327919]]]}},{"type":"Feature","properties":{"nombre":"VILLA DE ARAGON","municipio":"SOLEDAD","color":"#ea580c"},"geometry":{"type":"Polygon","coordinates":[[[-74.79454322935686,10.915148334275052],[-74.79635129650427,10.91482736140743],[-74.79592247414612,10.915834738934608],[-74.79467599840598,10.916025482780212],[-74.79454322935686,10.915148334275052]]]}},{"type":"Feature","properties":{"nombre":"LAS COLONIAS","municipio":"SOLEDAD","color":"#ea580c"},"geometry":{"type":"Polygon","coordinates":[[[-74.79021791579179,10.914067081442226],[-74.79130129025505,10.913122350965162],[-74.79188305712248,10.912141369190048],[-74.79286862018982,10.91246220093361],[-74.79384041549692,10.916949217157581],[-74.79229549474815,10.917563207220788],[-74.79021198842386,10.916354643614616],[-74.79021791579179,10.914067081442226]]]}},{"type":"Feature","properties":{"nombre":"VILLA MERLY","municipio":"SOLEDAD","color":"#ea580c"},"geometry":{"type":"MultiPolygon","coordinates":[[[[-74.78853640031487,10.915486953582057],[-74.78851541924156,10.915206960519459],[-74.78706228628026,10.91532192172039],[-74.78693814122782,10.9134494466351],[-74.78944096129611,10.912254187760238],[-74.7893037597783,10.913930574710061],[-74.7902203837779,10.913969662061046],[-74.79021361527661,10.916065146149151],[-74.78908097699929,10.91542288980665],[-74.78853640031487,10.915486953582057]]],[[[-74.78853640031487,10.915486953582057],[-74.78853647493965,10.915487947785424],[-74.78853432728211,10.915486810144197],[-74.78853640031487,10.915486953582057]]]]}},{"type":"Feature","properties":{"nombre":"ANTONIO NARI\u00d1O","municipio":"SOLEDAD","color":"#ea580c"},"geometry":{"type":"Polygon","coordinates":[[[-74.78760232601854,10.912376245234938],[-74.78793698526758,10.909640483640022],[-74.79010625419949,10.909900105185232],[-74.7897780393494,10.912257835230456],[-74.78778733781634,10.912905420463048],[-74.78760232601854,10.912376245234938]]]}},{"type":"Feature","properties":{"nombre":"LA PUERTA DE ORO","municipio":"SOLEDAD","color":"#ea580c"},"geometry":{"type":"Polygon","coordinates":[[[-74.79475403894403,10.912744168137078],[-74.79204597859244,10.912125042004567],[-74.7920088954976,10.910211431519608],[-74.79527432793209,10.910640569694296],[-74.79475403894403,10.912744168137078]]]}},{"type":"Feature","properties":{"nombre":"Villa Linda II","municipio":"SOLEDAD","color":"#ea580c"},"geometry":{"type":"Polygon","coordinates":[[[-74.79607342644844,10.914219224641746],[-74.7944013535314,10.914513397053359],[-74.79397523898186,10.912634930387732],[-74.79475403894403,10.912744168137078],[-74.79504251739516,10.912308947471184],[-74.79527432793209,10.910640569694296],[-74.79783125496103,10.911008323413222],[-74.79728075417553,10.913661395556122],[-74.79691295529737,10.91367524736993],[-74.79640845134925,10.914826065596024],[-74.79607342644844,10.914219224641746]]]}},{"type":"Feature","properties":{"nombre":"EL ENCANTO","municipio":"SOLEDAD","color":"#ea580c"},"geometry":{"type":"Polygon","coordinates":[[[-74.79445388580284,10.914503827477398],[-74.79606819545674,10.914209749674425],[-74.79640845134925,10.914826065596024],[-74.79451750825456,10.915152899939878],[-74.79445388580284,10.914503827477398]]]}},{"type":"Feature","properties":{"nombre":"URB. VILLA VIOLA","municipio":"SOLEDAD","color":"#ea580c"},"geometry":{"type":"Polygon","coordinates":[[[-74.79286862018982,10.91246220093361],[-74.79397523898186,10.912634930387732],[-74.79436935251309,10.91433721529445],[-74.79475749526007,10.916401277836284],[-74.79384041549692,10.916949217157581],[-74.79286862018982,10.91246220093361]]]}},{"type":"Feature","properties":{"nombre":"VILLA LAS MORAS I","municipio":"SOLEDAD","color":"#ea580c"},"geometry":{"type":"Polygon","coordinates":[[[-74.79909485639186,10.9158081451143],[-74.79592247414612,10.915834738934608],[-74.79691295529737,10.91367524736993],[-74.79912255139146,10.91368549235282],[-74.79909485639186,10.9158081451143]]]}},{"type":"Feature","properties":{"nombre":"VILLA ESTADIO","municipio":"SOLEDAD","color":"#ea580c"},"geometry":{"type":"Polygon","coordinates":[[[-74.79909435956789,10.91584371235026],[-74.79910674439162,10.909772457811403],[-74.80051538785489,10.910002084496016],[-74.8070601997556,10.912657842214138],[-74.80637067764245,10.913915584548002],[-74.8029764676865,10.913620105669288],[-74.80008648012362,10.915782857815428],[-74.79909435956789,10.91584371235026]]]}},{"type":"Feature","properties":{"nombre":"BELLA MURILLO","municipio":"SOLEDAD","color":"#ea580c"},"geometry":{"type":"Polygon","coordinates":[[[-74.7972183776444,10.913727690719446],[-74.79784427349877,10.910970697279456],[-74.79911667501835,10.911122783731834],[-74.79912255139146,10.91368549235282],[-74.7972183776444,10.913727690719446]]]}},{"type":"Feature","properties":{"nombre":"VILLA SOLEDAD","municipio":"SOLEDAD","color":"#ea580c"},"geometry":{"type":"Polygon","coordinates":[[[-74.78978972141405,10.912137506563834],[-74.79105104857949,10.910002796999562],[-74.79106568403714,10.908050938154746],[-74.79227760813919,10.908369608296638],[-74.79204597859462,10.912125042908539],[-74.78978972141405,10.912137506563834]]]}},{"type":"Feature","properties":{"nombre":"NUEVO HORIZONTE","municipio":"SOLEDAD","color":"#ea580c"},"geometry":{"type":"Polygon","coordinates":[[[-74.80507968321582,10.912015795679173],[-74.80631371075535,10.909332049694202],[-74.80702971575273,10.909659443940212],[-74.80651508757077,10.912443707668716],[-74.80507968321582,10.912015795679173]]]}},{"type":"Feature","properties":{"nombre":"NUEVO HORIZONTE II","municipio":"SOLEDAD","color":"#ea580c"},"geometry":{"type":"Polygon","coordinates":[[[-74.80445031643202,10.911743848400171],[-74.80642409002651,10.90803735775559],[-74.80722182656922,10.908422147762158],[-74.80702971575273,10.909659443940212],[-74.80631371075535,10.909332049694202],[-74.80507968321582,10.912015795679173],[-74.80445031643202,10.911743848400171]]]}},{"type":"Feature","properties":{"nombre":"LA MARIA","municipio":"SOLEDAD","color":"#ea580c"},"geometry":{"type":"Polygon","coordinates":[[[-74.76943600759853,10.922758534499744],[-74.76841772673137,10.922615813490744],[-74.76787484638828,10.922222586340935],[-74.76767124147828,10.92193502429694],[-74.76802346908048,10.920867330863933],[-74.76699252938863,10.920486440207153],[-74.76821318868502,10.916945965444704],[-74.77062833989793,10.917514439027986],[-74.7702597947541,10.918781451947154],[-74.76920677195693,10.918455994563871],[-74.7688570558309,10.920906733539367],[-74.7701645451345,10.92093678381683],[-74.77011262497535,10.922520135017201],[-74.7697096052841,10.922183668411007],[-74.76943600759853,10.922758534499744]]]}},{"type":"Feature","properties":{"nombre":"NUEVO MILENIO","municipio":"SOLEDAD","color":"#ea580c"},"geometry":{"type":"Polygon","coordinates":[[[-74.79890309965339,10.903971244016713],[-74.80208225541305,10.903828817001894],[-74.79925263543483,10.907917468310167],[-74.79909114906005,10.909283547743229],[-74.79623881615271,10.90890641218586],[-74.79624382016874,10.904727432679396],[-74.79890309965339,10.903971244016713]]]}},{"type":"Feature","properties":{"nombre":"LA INMACULADA","municipio":"SOLEDAD","color":"#ea580c"},"geometry":{"type":"Polygon","coordinates":[[[-74.7934145842879,10.905101403552012],[-74.79624382016874,10.904727432679396],[-74.79623881615271,10.90890641218586],[-74.79233418412197,10.908377275809311],[-74.79183182543548,10.90638313981155],[-74.7934145842879,10.905101403552012]]]}},{"type":"Feature","properties":{"nombre":"LOS ROSALES","municipio":"SOLEDAD","color":"#ea580c"},"geometry":{"type":"Polygon","coordinates":[[[-74.79911667501835,10.911122783731834],[-74.79783125496103,10.911008323413222],[-74.79665977131891,10.910818541902422],[-74.79660404737783,10.910836025497147],[-74.79570852624111,10.910720163135265],[-74.79569301745667,10.91071387798615],[-74.7959171097437,10.908862817698106],[-74.79909114906005,10.909283547743229],[-74.79911667501835,10.911122783731834]]]}},{"type":"Feature","properties":{"nombre":"TERMINAL DE TRANSPORTE","municipio":"SOLEDAD","color":"#ea580c"},"geometry":{"type":"Polygon","coordinates":[[[-74.79227047796819,10.908418484069236],[-74.7959171097437,10.908862817698106],[-74.79569584902802,10.910694717865322],[-74.7920088954976,10.910211431519608],[-74.79227047796819,10.908418484069236]]]}},{"type":"Feature","properties":{"nombre":"VILLA ROSA","municipio":"SOLEDAD","color":"#ea580c"},"geometry":{"type":"Polygon","coordinates":[[[-74.78780936446643,10.908962408236778],[-74.79183103960634,10.906379635110161],[-74.79233418412197,10.908377275809311],[-74.79106568403714,10.908050938154746],[-74.79105104857949,10.910002796999562],[-74.78979910543002,10.912040839462225],[-74.79010625419949,10.909900105185232],[-74.78793698526758,10.909640483640022],[-74.78780936446643,10.908962408236778]]]}},{"type":"Feature","properties":{"nombre":"LOS CUSULES","municipio":"SOLEDAD","color":"#ea580c"},"geometry":{"type":"Polygon","coordinates":[[[-74.79452017598828,10.904821661470256],[-74.79447544469441,10.9036100256142],[-74.79491614627722,10.901972646071044],[-74.79680652740234,10.902356701072321],[-74.79673501297351,10.902677369796498],[-74.79698682013728,10.902733338875171],[-74.79725683023189,10.90278603869619],[-74.79733199359761,10.902424298117134],[-74.79834447433407,10.902655097801086],[-74.79824666413491,10.902978327216267],[-74.7986224923801,10.90308982837299],[-74.79820877957896,10.903750451254627],[-74.79868200774229,10.904026776854892],[-74.79593281752466,10.90482427473619],[-74.79452017598828,10.904821661470256]]]}},{"type":"Feature","properties":{"nombre":"LOS LOTEROS","municipio":"SOLEDAD","color":"#ea580c"},"geometry":{"type":"Polygon","coordinates":[[[-74.8027576363813,10.900370530847232],[-74.80503254281524,10.901883655523404],[-74.80363117083486,10.902900083469872],[-74.803698728191,10.903163791497551],[-74.80220864465224,10.903201503441514],[-74.8027576363813,10.900370530847232]]]}},{"type":"Feature","properties":{"nombre":"CIUDADELA METROPOLITANA","municipio":"SOLEDAD","color":"#ea580c"},"geometry":{"type":"Polygon","coordinates":[[[-74.7908891497535,10.907101149123248],[-74.78957090457996,10.905264961758897],[-74.78806533553602,10.904216821222375],[-74.78796965303958,10.903788983425462],[-74.78460920057069,10.903048213845699],[-74.78488542419306,10.902273929356253],[-74.78260889827907,10.902132858487454],[-74.78221219368014,10.899012520310887],[-74.78400947484876,10.899068562768948],[-74.78565007113252,10.900686682804144],[-74.78806570961578,10.901407920609694],[-74.7885523605787,10.90077325242926],[-74.78921985693596,10.90064162524034],[-74.79245595125465,10.900852271872427],[-74.79315278664309,10.90038777159267],[-74.79497870645798,10.90055233774008],[-74.79448119493924,10.904822744343722],[-74.7934145842879,10.905101403552012],[-74.7908891497535,10.907101149123248]]]}},{"type":"Feature","properties":{"nombre":"URB. PORTAL DE JORDAN","municipio":"SOLEDAD","color":"#ea580c"},"geometry":{"type":"Polygon","coordinates":[[[-74.80800801659005,10.903233269211627],[-74.81027606874797,10.900246074131577],[-74.81099894276264,10.900708803437782],[-74.80964841631564,10.902856491058033],[-74.80800801659005,10.903233269211627]]]}},{"type":"Feature","properties":{"nombre":"ALTOS DE LA METROPOLITANA","municipio":"SOLEDAD","color":"#ea580c"},"geometry":{"type":"Polygon","coordinates":[[[-74.79232366851751,10.900821930063346],[-74.7915193223845,10.90080938892125],[-74.79091603849926,10.900319723101212],[-74.79062254101174,10.898902520716563],[-74.79219196971363,10.898567009185776],[-74.79150459868004,10.896646173963624],[-74.79406659114065,10.898699914587331],[-74.79341816430804,10.898868461179365],[-74.79301657487163,10.899804734807251],[-74.79311766668549,10.900395283381483],[-74.79232366851751,10.900821930063346]]]}},{"type":"Feature","properties":{"nombre":"VILLA VALENTINA","municipio":"SOLEDAD","color":"#ea580c"},"geometry":{"type":"Polygon","coordinates":[[[-74.79212271803874,10.895762004685995],[-74.79618073321977,10.899065063970763],[-74.79588623634552,10.900074261379274],[-74.79405240039198,10.89903282889146],[-74.79406659114065,10.898699914587331],[-74.79129823737952,10.896478900215882],[-74.79212271803874,10.895762004685995]]]}},{"type":"Feature","properties":{"nombre":"VILLA KARLA I","municipio":"SOLEDAD","color":"#ea580c"},"geometry":{"type":"Polygon","coordinates":[[[-74.79592428232432,10.898854808441094],[-74.79225736297646,10.895895917359788],[-74.79279848592165,10.895401640812775],[-74.79677609056094,10.896916164270294],[-74.79592428232432,10.898854808441094]]]}},{"type":"Feature","properties":{"nombre":"VILLA CARMEN I","municipio":"SOLEDAD","color":"#ea580c"},"geometry":{"type":"Polygon","coordinates":[[[-74.79673501297351,10.902677369796498],[-74.7973696983349,10.89962392159176],[-74.79814971500339,10.899370128661273],[-74.7992280857412,10.900057139818813],[-74.7999620883391,10.8997811838582],[-74.79834447433407,10.902655097801086],[-74.79733199359761,10.902424298117134],[-74.79725683023189,10.90278603869619],[-74.79673501297351,10.902677369796498]]]}},{"type":"Feature","properties":{"nombre":"URB. SANTANA","municipio":"SOLEDAD","color":"#ea580c"},"geometry":{"type":"Polygon","coordinates":[[[-74.76772036442834,10.921794030577086],[-74.76659644084691,10.92160066088946],[-74.76699252938863,10.920486440207153],[-74.76802346908048,10.920867330863933],[-74.76772036442834,10.921794030577086]]]}},{"type":"Feature","properties":{"nombre":"BELLO HORIZONTE","municipio":"SOLEDAD","color":"#ea580c"},"geometry":{"type":"Polygon","coordinates":[[[-74.79497956271037,10.900579118810692],[-74.79311766668549,10.900395283381483],[-74.79301657487163,10.899804734807251],[-74.79341816430804,10.898868461179365],[-74.79402506751724,10.898857459422507],[-74.79588623634552,10.900074261379274],[-74.79622105655496,10.899341581392363],[-74.7973696983349,10.89962392159176],[-74.79680652740234,10.902356701072321],[-74.79491614627722,10.901972646071044],[-74.79497956271037,10.900579118810692]]]}},{"type":"Feature","properties":{"nombre":"VILLA CARMEN II","municipio":"SOLEDAD","color":"#ea580c"},"geometry":{"type":"Polygon","coordinates":[[[-74.7992280857412,10.900057139818813],[-74.79770109435611,10.899390917617751],[-74.79946548113237,10.896703343034963],[-74.79983529351937,10.895456550201548],[-74.80117531071609,10.895918368265026],[-74.80121673372304,10.89677788358207],[-74.80177683544764,10.897039333857528],[-74.80143238081384,10.89811586869087],[-74.80062987901594,10.897890156219907],[-74.79997559220912,10.899800939200233],[-74.7992280857412,10.900057139818813]]]}},{"type":"Feature","properties":{"nombre":"Villas del Portal","municipio":"SOLEDAD","color":"#ea580c"},"geometry":{"type":"Polygon","coordinates":[[[-74.79997559220912,10.899800939200233],[-74.80062987901594,10.897890156219907],[-74.80143238081384,10.89811586869087],[-74.80177683544764,10.897039333857528],[-74.80121673372304,10.89677788358207],[-74.80115784918868,10.895965936996896],[-74.80203029142821,10.894198173027071],[-74.80401528682252,10.894556726369975],[-74.80243229618983,10.902029409477231],[-74.8010673679115,10.901649184703679],[-74.80039238806039,10.901015990808332],[-74.80044328150649,10.900384785128509],[-74.79997559220912,10.899800939200233]]]}},{"type":"Feature","properties":{"nombre":"CIUDAD CAMELOT","municipio":"SOLEDAD","color":"#ea580c"},"geometry":{"type":"Polygon","coordinates":[[[-74.80424532488024,10.89845666496248],[-74.80610605778419,10.896666456578574],[-74.80723319725648,10.896510097693021],[-74.80762841493025,10.896750436379024],[-74.8070446460094,10.899341278799918],[-74.80424532488024,10.89845666496248]]]}},{"type":"Feature","properties":{"nombre":"CIUDAD CARIBE","municipio":"SOLEDAD","color":"#ea580c"},"geometry":{"type":"Polygon","coordinates":[[[-74.80218582703203,10.90331153433391],[-74.803698728191,10.903163791497551],[-74.80363117083486,10.902900083469872],[-74.80515943783718,10.90196478902363],[-74.80403554149359,10.904031444482333],[-74.8020902321179,10.903772519246875],[-74.80218582703203,10.90331153433391]]]}},{"type":"Feature","properties":{"nombre":"URB. TERRANOVA II","municipio":"SOLEDAD","color":"#ea580c"},"geometry":{"type":"Polygon","coordinates":[[[-74.80208225541305,10.903828817001894],[-74.79820877957896,10.903750451254627],[-74.7986224923801,10.90308982837299],[-74.79824666413491,10.902978327216267],[-74.79849647006169,10.902139703486064],[-74.79999173039865,10.89982454741356],[-74.80044328150649,10.900384785128509],[-74.80050895719155,10.901160821437083],[-74.8011323489219,10.90168055479756],[-74.80245090939567,10.902033235379323],[-74.80208225541305,10.903828817001894]]]}},{"type":"Feature","properties":{"nombre":"CIUDAD TRASNMETRO","municipio":"SOLEDAD","color":"#ea580c"},"geometry":{"type":"Polygon","coordinates":[[[-74.80357944541947,10.904858262034134],[-74.80175727680853,10.904571504453674],[-74.8020902321179,10.903772519246875],[-74.80403554149359,10.904031444482333],[-74.80357944541947,10.904858262034134]]]}},{"type":"Feature","properties":{"nombre":"EL MANANTIAL","municipio":"SOLEDAD","color":"#ea580c"},"geometry":{"type":"Polygon","coordinates":[[[-74.80895510985704,10.907651445531615],[-74.80556218863168,10.905631984166227],[-74.80354139184807,10.90493472466582],[-74.80403316082709,10.904039808294094],[-74.81026632526289,10.90272134709203],[-74.80973583163728,10.906425098851635],[-74.80895510985704,10.907651445531615]]]}},{"type":"Feature","properties":{"nombre":"ALTOS DE LA VILLA","municipio":"SOLEDAD","color":"#ea580c"},"geometry":{"type":"Polygon","coordinates":[[[-74.80976521211525,10.913709761440355],[-74.81092421212946,10.910922010981501],[-74.8116028788353,10.911198920439148],[-74.81070848545971,10.913411243577645],[-74.80976521211525,10.913709761440355]]]}},{"type":"Feature","properties":{"nombre":"Portal del Jordan","municipio":"SOLEDAD","color":"#ea580c"},"geometry":{"type":"Polygon","coordinates":[[[-74.8142063466999,10.90515189760125],[-74.81010501837427,10.904682934644718],[-74.81033456211627,10.902889279087212],[-74.80964841631564,10.902856491058033],[-74.81099894276264,10.900708803437782],[-74.81027606874797,10.900246074131577],[-74.80800801659005,10.903233269211627],[-74.80414801112602,10.903975734223694],[-74.80515943783718,10.90196478902363],[-74.8027576363813,10.900370530847232],[-74.80414486294261,10.892831793656175],[-74.80744599333755,10.894382470434728],[-74.80655742236951,10.895863232037613],[-74.80739085682406,10.896421580255161],[-74.81031669201107,10.895103817388952],[-74.81419960063693,10.897165931443912],[-74.81332537624633,10.898727368795026],[-74.81485721080851,10.898636283236677],[-74.81465170498338,10.903028430671915],[-74.8144175269916,10.903069119463064],[-74.81428863305453,10.903111949617125],[-74.81422062931298,10.903171587400703],[-74.8142063466999,10.90515189760125]],[[-74.8070446460094,10.899341278799918],[-74.80762841493025,10.896750436379024],[-74.80723319725648,10.896510097693021],[-74.80610605778419,10.896666456578574],[-74.80424532488024,10.89845666496248],[-74.8070446460094,10.899341278799918]]]}},{"type":"Feature","properties":{"nombre":"CIUDAD FALLACE","municipio":"SOLEDAD","color":"#ea580c"},"geometry":{"type":"Polygon","coordinates":[[[-74.81583669390145,10.898700177439549],[-74.81459333047583,10.898651974355529],[-74.8146006819856,10.897620905445116],[-74.81582345560537,10.897606448718498],[-74.81583669390145,10.898700177439549]]]}},{"type":"Feature","properties":{"nombre":"CIUDAD BONITA","municipio":"SOLEDAD","color":"#ea580c"},"geometry":{"type":"Polygon","coordinates":[[[-74.81465211350964,10.903018270822038],[-74.81485512138553,10.898685902922887],[-74.81583669390145,10.898700177439549],[-74.81556843816352,10.902165094610261],[-74.81465211350964,10.903018270822038]]]}},{"type":"Feature","properties":{"nombre":"URB. MARIA DE LOS ANGELES","municipio":"SOLEDAD","color":"#ea580c"},"geometry":{"type":"Polygon","coordinates":[[[-74.80682195862522,10.907287174806468],[-74.80714329831024,10.906578979860416],[-74.80841926203973,10.9073327324644],[-74.80814371469145,10.907921409610893],[-74.80682195862522,10.907287174806468]]]}},{"type":"Feature","properties":{"nombre":"PORTAL DE LOS NOGALES","municipio":"SOLEDAD","color":"#ea580c"},"geometry":{"type":"Polygon","coordinates":[[[-74.81158914222277,10.911193316178638],[-74.81008530316463,10.91057971546013],[-74.81029074207953,10.91007139792885],[-74.80993546868073,10.90993334559196],[-74.81097086333324,10.908276818751224],[-74.81281660522187,10.908299979602942],[-74.81158914222277,10.911193316178638]]]}},{"type":"Feature","properties":{"nombre":"VILLA CAMPANOS II","municipio":"SOLEDAD","color":"#ea580c"},"geometry":{"type":"Polygon","coordinates":[[[-74.80791514100366,10.909863822621867],[-74.80829434923534,10.908874221117141],[-74.8100804899939,10.909610710843474],[-74.80965713181425,10.910528430780495],[-74.80791514100366,10.909863822621867]]]}},{"type":"Feature","properties":{"nombre":"URB. LOS CAMPANOS","municipio":"SOLEDAD","color":"#ea580c"},"geometry":{"type":"Polygon","coordinates":[[[-74.81128351116803,10.911978978064846],[-74.8119998006103,10.912199731793955],[-74.81153265056662,10.913374646754955],[-74.81070848545971,10.913411243577645],[-74.81128351116803,10.911978978064846]]]}},{"type":"Feature","properties":{"nombre":"LOS ROBLES X","municipio":"SOLEDAD","color":"#ea580c"},"geometry":{"type":"Polygon","coordinates":[[[-74.80974647115394,10.917181241523856],[-74.81155065500302,10.916896144026081],[-74.81153849041412,10.918986331932393],[-74.81038608297416,10.919036669877833],[-74.80936124349216,10.918366751289314],[-74.80974647115394,10.917181241523856]]]}},{"type":"Feature","properties":{"nombre":"CIUDAD DEL PARQUE","municipio":"SOLEDAD","color":"#ea580c"},"geometry":{"type":"Polygon","coordinates":[[[-74.82082958053478,10.914611210851032],[-74.81595761969454,10.912846179353746],[-74.81550075332028,10.914014563283954],[-74.81354393337949,10.913303388325206],[-74.81153458693498,10.91337464211307],[-74.81200173605617,10.912199727151805],[-74.81131033038865,10.911918197431946],[-74.81281660522187,10.908299979602942],[-74.81100746387257,10.908258616359939],[-74.81007894982713,10.909609272686678],[-74.80829461370867,10.908873527136977],[-74.80791707735087,10.909863818004315],[-74.80704788088829,10.909532194116],[-74.80722376199274,10.908422143151782],[-74.80642602636253,10.908037353148234],[-74.80681577933589,10.907281242259154],[-74.80814529888913,10.907922157940279],[-74.80842119837035,10.907332727844722],[-74.8089565168344,10.907652285581428],[-74.80973776796147,10.90642509422402],[-74.81010690538575,10.904683340538204],[-74.81261923702786,10.905224019923665],[-74.81416818917462,10.905192803792547],[-74.82264891702165,10.90783554589746],[-74.82177571193385,10.910021838120262],[-74.82246606778718,10.910240948827461],[-74.82082958053478,10.914611210851032]]]}},{"type":"Feature","properties":{"nombre":"VILLA ANGELITA","municipio":"SOLEDAD","color":"#ea580c"},"geometry":{"type":"Polygon","coordinates":[[[-74.80976521211525,10.913709761440355],[-74.80871515375075,10.913603095972247],[-74.80894505715082,10.912480252659902],[-74.80993546868073,10.90993334559196],[-74.81029074207953,10.91007139792885],[-74.81008530316463,10.91057971546013],[-74.81092421212946,10.910922010981501],[-74.80976521211525,10.913709761440355]]]}},{"type":"Feature","properties":{"nombre":"VILLA LAS MORAS II","municipio":"SOLEDAD","color":"#ea580c"},"geometry":{"type":"Polygon","coordinates":[[[-74.80651508757077,10.912443707668716],[-74.80704594454285,10.909532198727913],[-74.80965713181425,10.910528430780495],[-74.80871515375075,10.913603095972247],[-74.80637067764245,10.913915584548002],[-74.8070601997556,10.912657842214138],[-74.80651508757077,10.912443707668716]]]}},{"type":"Feature","properties":{"nombre":"CONJUNTO RESIDENCIAL LOS ROBLES","municipio":"SOLEDAD","color":"#ea580c"},"geometry":{"type":"Polygon","coordinates":[[[-74.81076447533046,10.91339312582871],[-74.81301179769711,10.913344968881194],[-74.81377910215414,10.915328815291238],[-74.81343216022253,10.915679866244872],[-74.81040169492825,10.91485526786294],[-74.81076447533046,10.91339312582871]]]}},{"type":"Feature","properties":{"nombre":"RESERVA DE LOS ALMENDROS","municipio":"SOLEDAD","color":"#ea580c"},"geometry":{"type":"Polygon","coordinates":[[[-74.81473090462244,10.917086020443481],[-74.81343216022253,10.915679866244872],[-74.81377910215414,10.915328815291238],[-74.81301339304684,10.913343168852021],[-74.81443057250806,10.913523943463165],[-74.8173363743299,10.914691715833658],[-74.8169215883053,10.915814116000403],[-74.81473090462244,10.917086020443481]]]}},{"type":"Feature","properties":{"nombre":"ALTOS DE LOS ALMENDROS","municipio":"SOLEDAD","color":"#ea580c"},"geometry":{"type":"Polygon","coordinates":[[[-74.81553495683437,10.914039350066],[-74.81595739806545,10.912846808150032],[-74.81845362459103,10.913755345208223],[-74.81803713667007,10.91493038095816],[-74.81553495683437,10.914039350066]]]}},{"type":"Feature","properties":{"nombre":"LOS ALMENDROS III","municipio":"SOLEDAD","color":"#ea580c"},"geometry":{"type":"Polygon","coordinates":[[[-74.82227878791947,10.915467005253952],[-74.82074268626131,10.914936783318344],[-74.82252813363291,10.910069443498719],[-74.82407231866407,10.910627748248391],[-74.82388005702582,10.911166364294957],[-74.82426013025928,10.91185283011158],[-74.82565538674372,10.912469117375556],[-74.82511038079807,10.913965285570603],[-74.823668795845,10.913454882052845],[-74.82284006241753,10.915670219093975],[-74.82339123858951,10.91586977457909],[-74.82262151131732,10.91625981296612],[-74.82206456309474,10.916053988446599],[-74.82227878791947,10.915467005253952]]]}},{"type":"Feature","properties":{"nombre":"LOS ALMENDROS II","municipio":"SOLEDAD","color":"#ea580c"},"geometry":{"type":"Polygon","coordinates":[[[-74.81956036114686,10.919014991718452],[-74.81627887291525,10.917818533198643],[-74.81732893676728,10.91471120268283],[-74.81803713667007,10.91493038095816],[-74.81845362459103,10.913755345208223],[-74.82227878791947,10.915467005253952],[-74.82116687899912,10.918569960048975],[-74.82036246442091,10.918476981040543],[-74.81956036114686,10.919014991718452]]]}},{"type":"Feature","properties":{"nombre":"LOS ALMENDROS","municipio":"SOLEDAD","color":"#ea580c"},"geometry":{"type":"Polygon","coordinates":[[[-74.81626913774589,10.917854402860884],[-74.81956036114686,10.919014991718452],[-74.81870360993031,10.9199727751267],[-74.81665489388237,10.921045674384656],[-74.8156377059929,10.921955606972908],[-74.81450434430838,10.922430733012172],[-74.81180976016992,10.92254338455956],[-74.81585247247925,10.918844199828252],[-74.81626913774589,10.917854402860884]]]}},{"type":"Feature","properties":{"nombre":"LOS ROBLES IV","municipio":"SOLEDAD","color":"#ea580c"},"geometry":{"type":"Polygon","coordinates":[[[-74.80693067142435,10.921852062275214],[-74.80682033975226,10.919939445251499],[-74.8073997126535,10.919908257183497],[-74.8074385218909,10.920605382477671],[-74.80855995767207,10.920545064369417],[-74.80859132300536,10.92114340898687],[-74.80805500498862,10.921168602744755],[-74.80807904322488,10.921668401856811],[-74.80693067142435,10.921852062275214]]]}},{"type":"Feature","properties":{"nombre":"LOS ROBLES","municipio":"SOLEDAD","color":"#ea580c"},"geometry":{"type":"Polygon","coordinates":[[[-74.81086232744681,10.922495358928376],[-74.8105814621197,10.92219660046399],[-74.80943029460829,10.922279604057547],[-74.80932163638073,10.92180076739178],[-74.80807904322488,10.921668401856811],[-74.80805500498862,10.921168602744755],[-74.80859132300536,10.92114340898687],[-74.80855995767207,10.920545064369417],[-74.8074385218909,10.920605382477671],[-74.8073997126535,10.919908257183497],[-74.80682033975226,10.919939445251499],[-74.80676540882477,10.919000160609562],[-74.8092630162872,10.91887577660306],[-74.80936124349216,10.918366751289314],[-74.81038608297416,10.919036669877833],[-74.81177298004005,10.918970087296595],[-74.81373706455112,10.91816058072555],[-74.81528885377493,10.916568200696261],[-74.81696688025315,10.915852326038234],[-74.81585247247925,10.918844199828252],[-74.81197529682629,10.92245218122127],[-74.81086232744681,10.922495358928376]]]}},{"type":"Feature","properties":{"nombre":"LOS ROBLES VIII","municipio":"SOLEDAD","color":"#ea580c"},"geometry":{"type":"Polygon","coordinates":[[[-74.812203409717,10.916820785693506],[-74.81373706455112,10.91816058072555],[-74.81153849041412,10.918986331932393],[-74.81145797969974,10.917512924731597],[-74.812203409717,10.916820785693506]]]}},{"type":"Feature","properties":{"nombre":"LOS ROBLES IX","municipio":"SOLEDAD","color":"#ea580c"},"geometry":{"type":"Polygon","coordinates":[[[-74.8123322335733,10.9167011708484],[-74.81343216022253,10.915679866244872],[-74.81473090462244,10.917086020443481],[-74.81373706455112,10.91816058072555],[-74.8123322335733,10.9167011708484]]]}},{"type":"Feature","properties":{"nombre":"ALTOS DE LOS ROBLES","municipio":"SOLEDAD","color":"#ea580c"},"geometry":{"type":"Polygon","coordinates":[[[-74.81155546706407,10.916919933229895],[-74.8097904967158,10.917026829519196],[-74.81040169492825,10.91485526786294],[-74.81343216022253,10.915679866244872],[-74.81145797969974,10.917512924731597],[-74.81155546706407,10.916919933229895]]]}},{"type":"Feature","properties":{"nombre":"LOS CEDROS","municipio":"SOLEDAD","color":"#ea580c"},"geometry":{"type":"Polygon","coordinates":[[[-74.80561560029481,10.913962371018206],[-74.80976521211525,10.913709761440355],[-74.81076447533046,10.91339312582871],[-74.80949315112436,10.917840460843413],[-74.80594123252658,10.918125448002664],[-74.80561560029481,10.913962371018206]]]}},{"type":"Feature","properties":{"nombre":"VILLA ESTADIO SECTOR N","municipio":"SOLEDAD","color":"#ea580c"},"geometry":{"type":"Polygon","coordinates":[[[-74.80499280048689,10.917331049898829],[-74.80294787234521,10.91730678159562],[-74.80315649173193,10.916681357630894],[-74.80193805827139,10.914275860755575],[-74.8029764676865,10.913620105669288],[-74.80561560029481,10.913962371018206],[-74.8058870008014,10.917490500857383],[-74.80500813285012,10.917550296254973],[-74.80499280048689,10.917331049898829]]]}},{"type":"Feature","properties":{"nombre":"COSTA DE ORO","municipio":"SOLEDAD","color":"#ea580c"},"geometry":{"type":"Polygon","coordinates":[[[-74.79302783487232,10.921877704209127],[-74.79304092952903,10.920967934899828],[-74.79416398921845,10.921116665996392],[-74.79379296131664,10.92130771624134],[-74.79316426304095,10.923077360201404],[-74.7923423841911,10.922703480930984],[-74.79302783487232,10.921877704209127]]]}},{"type":"Feature","properties":{"nombre":"CUCHILLA DE LOS ANGELES","municipio":"SOLEDAD","color":"#ea580c"},"geometry":{"type":"Polygon","coordinates":[[[-74.803238652766,10.919207942865471],[-74.80409933914541,10.918547511658831],[-74.80555205032556,10.918158579917504],[-74.80949315112436,10.917840460843413],[-74.8092630162872,10.91887577660306],[-74.8047134784676,10.919010717338091],[-74.80335272738634,10.919449221914382],[-74.803238652766,10.919207942865471]]]}},{"type":"Feature","properties":{"nombre":"MORAS OCCIDENTE","municipio":"SOLEDAD","color":"#ea580c"},"geometry":{"type":"Polygon","coordinates":[[[-74.80295372359788,10.919279942996821],[-74.80295377026711,10.91730639246753],[-74.8049817241468,10.917172668048186],[-74.80500813285012,10.917550296254973],[-74.8058870008014,10.917490500857383],[-74.80594123252658,10.918125448002664],[-74.80409933914541,10.918547511658831],[-74.80295372359788,10.919279942996821]]]}},{"type":"Feature","properties":{"nombre":"URB. TERRANOVA","municipio":"SOLEDAD","color":"#ea580c"},"geometry":{"type":"Polygon","coordinates":[[[-74.80156619275746,10.919666209218466],[-74.79914803545196,10.918990799833038],[-74.79911350250607,10.917114962347219],[-74.80315649173193,10.916681357630894],[-74.80295792659624,10.919391856100589],[-74.80156619275746,10.919666209218466]]]}},{"type":"Feature","properties":{"nombre":"MORAS IV ETAPA","municipio":"SOLEDAD","color":"#ea580c"},"geometry":{"type":"Polygon","coordinates":[[[-74.79920893775143,10.920541974072156],[-74.79914803545196,10.918990799833038],[-74.80161196993461,10.919672247042234],[-74.80323560041059,10.919207942871784],[-74.80335272738634,10.919449221914382],[-74.8028362789612,10.920490338662844],[-74.79920893775143,10.920541974072156]]]}},{"type":"Feature","properties":{"nombre":"ALTOS DE SEVILLA","municipio":"SOLEDAD","color":"#ea580c"},"geometry":{"type":"Polygon","coordinates":[[[-74.8019040319379,10.914294351645504],[-74.80312717967523,10.916697640829018],[-74.80276549078127,10.916898562353031],[-74.8020161704512,10.916957942687306],[-74.8019040319379,10.914294351645504]]]}},{"type":"Feature","properties":{"nombre":"MORAS NORTE","municipio":"SOLEDAD","color":"#ea580c"},"geometry":{"type":"MultiPolygon","coordinates":[[[[-74.80284140899269,10.920475037559243],[-74.8028362789612,10.920490338662844],[-74.80284140764016,10.92049031023485],[-74.80284140899269,10.920475037559243]]],[[[-74.8020161704512,10.916957942687306],[-74.80182631917047,10.914336583059482],[-74.80041770574822,10.91564805317077],[-74.79909435956789,10.91584371235026],[-74.79911350250607,10.917114962347219],[-74.8020161704512,10.916957942687306]]]]}},{"type":"Feature","properties":{"nombre":"LOS MANGOS","municipio":"SOLEDAD","color":"#ea580c"},"geometry":{"type":"Polygon","coordinates":[[[-74.76466038422544,10.932827261485508],[-74.76923322050513,10.932117947084528],[-74.76928462870735,10.932878817579066],[-74.76634923693179,10.933586354140404],[-74.76645549559737,10.934457195049317],[-74.7655118353485,10.934557605230411],[-74.76476453942017,10.933365263679338],[-74.76466038422544,10.932827261485508]]]}},{"type":"Feature","properties":{"nombre":"VILLA LOZANO","municipio":"SOLEDAD","color":"#ea580c"},"geometry":{"type":"Polygon","coordinates":[[[-74.79160974668953,10.918260034792375],[-74.78997023059574,10.918165334617182],[-74.7887767052521,10.9173025084937],[-74.78845292813016,10.916765971876037],[-74.78853432728211,10.915486810144197],[-74.78908097699929,10.91542288980665],[-74.79229549474815,10.917563207220788],[-74.79160974668953,10.918260034792375]]]}},{"type":"Feature","properties":{"nombre":"LOS FUNDADORES","municipio":"SOLEDAD","color":"#ea580c"},"geometry":{"type":"Polygon","coordinates":[[[-74.78792376998686,10.916300850356967],[-74.78830494507152,10.916327004440431],[-74.7887767052521,10.9173025084937],[-74.79003428139261,10.918178708128561],[-74.78775778509039,10.918943619862844],[-74.78792376998686,10.916300850356967]]]}},{"type":"Feature","properties":{"nombre":"JARDIN DE VILLA ESTADIO","municipio":"SOLEDAD","color":"#ea580c"},"geometry":{"type":"Polygon","coordinates":[[[-74.80503033288552,10.91906134988154],[-74.80676540882477,10.919000160609562],[-74.80693785311865,10.92184994612439],[-74.80523352468994,10.922415762724787],[-74.80503033288552,10.91906134988154]]]}},{"type":"Feature","properties":{"nombre":"VILLA ZAMBRANO","municipio":"SOLEDAD","color":"#ea580c"},"geometry":{"type":"Polygon","coordinates":[[[-74.78955764118774,10.921421954772919],[-74.78585500335926,10.92118538413319],[-74.78589834578813,10.919412740958744],[-74.7900402239716,10.918175927216573],[-74.79160974668953,10.918260034792375],[-74.78955764118774,10.921421954772919]]]}},{"type":"Feature","properties":{"nombre":"VILLA KATANGA II","municipio":"SOLEDAD","color":"#ea580c"},"geometry":{"type":"Polygon","coordinates":[[[-74.79166515586648,10.91814492311496],[-74.79211975889045,10.918110567644021],[-74.79151707896679,10.921238517744191],[-74.79075538547865,10.921520300456594],[-74.78955764118774,10.921421954772919],[-74.79166515586648,10.91814492311496]]]}},{"type":"Feature","properties":{"nombre":"LAS GAVIOTAS II","municipio":"SOLEDAD","color":"#ea580c"},"geometry":{"type":"Polygon","coordinates":[[[-74.79661462939065,10.926362553842367],[-74.79582234688763,10.926459144220912],[-74.79527278607891,10.923807790709692],[-74.79723375050361,10.923579663548761],[-74.79792861492864,10.923953471201193],[-74.7977024003797,10.926377762062659],[-74.79700127335755,10.92651840945606],[-74.79679079054301,10.927223323799712],[-74.79661462939065,10.926362553842367]]]}},{"type":"Feature","properties":{"nombre":"VILLA KATANGA","municipio":"SOLEDAD","color":"#ea580c"},"geometry":{"type":"Polygon","coordinates":[[[-74.79368003842666,10.920880472406227],[-74.79151707896679,10.921238517744191],[-74.7920785420841,10.91871229105616],[-74.79192628990359,10.917931805641288],[-74.79476638635623,10.91639071662505],[-74.79529906863695,10.917667236600009],[-74.79497029170514,10.920557799942928],[-74.79525089539175,10.920642822690857],[-74.7952552974076,10.92145997525744],[-74.79368003842666,10.920880472406227]]]}},{"type":"Feature","properties":{"nombre":"URB. LAS MORAS","municipio":"SOLEDAD","color":"#ea580c"},"geometry":{"type":"Polygon","coordinates":[[[-74.79525424393852,10.92126432812806],[-74.79498585312702,10.919243352342042],[-74.79529906863695,10.917667236600009],[-74.79467599840598,10.916025482780212],[-74.79909485639186,10.9158081451143],[-74.79919751498782,10.920943154160414],[-74.79877876241025,10.921275581797852],[-74.7972681468742,10.921225686700913],[-74.79615901432058,10.921561235606385],[-74.79525424393852,10.92126432812806]]]}},{"type":"Feature","properties":{"nombre":"URBANIZACION PARQUE MUVDI","municipio":"SOLEDAD","color":"#ea580c"},"geometry":{"type":"Polygon","coordinates":[[[-74.78695322248659,10.924242674821283],[-74.78898308953828,10.921339933597825],[-74.79068331396702,10.921526946353618],[-74.79304092952903,10.920967934899828],[-74.79302783487232,10.921877704209127],[-74.7923125765766,10.922611769716973],[-74.79078048737648,10.922940306417116],[-74.79024878051938,10.924083821238389],[-74.78920256094693,10.923633770710056],[-74.78741716413995,10.923901932220987],[-74.78695322248659,10.924242674821283]]]}},{"type":"Feature","properties":{"nombre":"EL EXITO","municipio":"SOLEDAD","color":"#ea580c"},"geometry":{"type":"Polygon","coordinates":[[[-74.78997440408891,10.925686165658744],[-74.78929716684743,10.923645849232132],[-74.79024878051938,10.924083821238389],[-74.79058512647202,10.92321172288891],[-74.79117725827335,10.92275336689607],[-74.79241774921978,10.922552452657035],[-74.79316426304095,10.923077360201404],[-74.79271171045467,10.924435262579747],[-74.78997440408891,10.925686165658744]]]}},{"type":"Feature","properties":{"nombre":"Portal de Villa Sof\u00eda","municipio":"SOLEDAD","color":"#ea580c"},"geometry":{"type":"Polygon","coordinates":[[[-74.76711053862519,10.936715244884017],[-74.76639617072301,10.935545368329874],[-74.77051535119473,10.935025665968228],[-74.77111639885867,10.935818287816364],[-74.77063104914349,10.936616820325487],[-74.7701692676708,10.935836572950915],[-74.7692377498848,10.93635555121553],[-74.76812480415785,10.936253136101353],[-74.76711053862519,10.936715244884017]]]}},{"type":"Feature","properties":{"nombre":"LAS TRINITARIAS","municipio":"SOLEDAD","color":"#ea580c"},"geometry":{"type":"Polygon","coordinates":[[[-74.79271171045467,10.924435262579747],[-74.79379296131664,10.92130771624134],[-74.79416398921845,10.921116665996392],[-74.79615901432058,10.921561235606385],[-74.7972681468742,10.921225686700913],[-74.79877876241025,10.921275581797852],[-74.7992065620321,10.920929007285848],[-74.79915263526172,10.921619465173762],[-74.79831412791927,10.92215253693008],[-74.79802552967872,10.923136283150377],[-74.79723471046613,10.923604523362563],[-74.79271171045467,10.924435262579747]]]}},{"type":"Feature","properties":{"nombre":"VILLA SEVILLA","municipio":"SOLEDAD","color":"#ea580c"},"geometry":{"type":"Polygon","coordinates":[[[-74.8028362789612,10.920490338662844],[-74.79920893775143,10.920541974072156],[-74.79915263526172,10.921619465173762],[-74.79831412791927,10.92215253693008],[-74.79802552967872,10.923136283150377],[-74.79720795889577,10.923533728749092],[-74.8021101794639,10.923277475886893],[-74.80203755894992,10.921762093905487],[-74.80283593323202,10.921749149341977],[-74.8028362789612,10.920490338662844]]]}},{"type":"Feature","properties":{"nombre":"VILLA ESTADIO II","municipio":"SOLEDAD","color":"#ea580c"},"geometry":{"type":"Polygon","coordinates":[[[-74.80283593323202,10.921749149341977],[-74.80335272738634,10.919449221914382],[-74.8050256842102,10.918984611599813],[-74.805237464556,10.922414346768173],[-74.80283593323202,10.921749149341977]]]}},{"type":"Feature","properties":{"nombre":"LOS BALKANES","municipio":"SOLEDAD","color":"#ea580c"},"geometry":{"type":"Polygon","coordinates":[[[-74.79533991847825,10.928096458727506],[-74.79451368041914,10.923941904935754],[-74.79527278607891,10.923807790709692],[-74.79582234688763,10.926459144220912],[-74.79660256774605,10.92630361670491],[-74.79685312992113,10.927429506218813],[-74.79668782572031,10.928044429131692],[-74.79533991847825,10.928096458727506]]]}},{"type":"Feature","properties":{"nombre":"LAS GAVIOTAS","municipio":"SOLEDAD","color":"#ea580c"},"geometry":{"type":"Polygon","coordinates":[[[-74.79242708571323,10.924541518804679],[-74.79451368041914,10.923941904935754],[-74.79533991847825,10.928096458727506],[-74.7919263878363,10.926574839255563],[-74.79242708571323,10.924541518804679]]]}},{"type":"Feature","properties":{"nombre":"VILLA DEL CARMEN","municipio":"SOLEDAD","color":"#ea580c"},"geometry":{"type":"Polygon","coordinates":[[[-74.79228019254533,10.930625722312465],[-74.7925505767454,10.929350474048269],[-74.79211797051414,10.929381664658369],[-74.7926485516852,10.92830177139367],[-74.79143607944302,10.927958978568],[-74.79188150995014,10.926581873972406],[-74.79537280967313,10.928274296812228],[-74.79668782572031,10.928044429131692],[-74.79555066546837,10.928805548661606],[-74.79458665913558,10.9305710664897],[-74.79343246423566,10.931025486833066],[-74.79228019254533,10.930625722312465]]]}},{"type":"Feature","properties":{"nombre":"VILLA SALAMAR","municipio":"SOLEDAD","color":"#ea580c"},"geometry":{"type":"Polygon","coordinates":[[[-74.76920850001028,10.931672017495563],[-74.76923322050513,10.932117947084528],[-74.76466038422544,10.932827261485508],[-74.7646042883816,10.932386198201892],[-74.76920850001028,10.931672017495563]]]}},{"type":"Feature","properties":{"nombre":"VILLA CECILIA","municipio":"SOLEDAD","color":"#ea580c"},"geometry":{"type":"Polygon","coordinates":[[[-74.79149939520627,10.931755982525774],[-74.78972877835572,10.930285055234947],[-74.79135574507855,10.92876835165593],[-74.79143607944302,10.927958978568],[-74.7926485516852,10.92830177139367],[-74.79211797051414,10.929381664658369],[-74.7925505767454,10.929350474048269],[-74.79224371121533,10.930797782036665],[-74.79343246423566,10.931025486833066],[-74.79230071366113,10.931130056565229],[-74.79149939520627,10.931755982525774]]]}},{"type":"Feature","properties":{"nombre":"VILLA SEVERA","municipio":"SOLEDAD","color":"#ea580c"},"geometry":{"type":"Polygon","coordinates":[[[-74.78855514119213,10.932247324379546],[-74.78972877835572,10.930285055234947],[-74.7915028856505,10.93176201565422],[-74.79076619057352,10.933491026433536],[-74.78919421565395,10.933888471330194],[-74.78888595936486,10.933766451349493],[-74.78921550398574,10.932515409874915],[-74.78855514119213,10.932247324379546]]]}},{"type":"Feature","properties":{"nombre":"EL TRIUNFO","municipio":"SOLEDAD","color":"#ea580c"},"geometry":{"type":"Polygon","coordinates":[[[-74.76443733961443,10.930875017520485],[-74.76430528843649,10.928831241991173],[-74.7655852946583,10.928778495367935],[-74.76555006420709,10.928408722984322],[-74.76802452216558,10.928472828963043],[-74.76788117672118,10.929281624176788],[-74.76966158950056,10.929702457852427],[-74.7695623854346,10.930261857267148],[-74.76664941682607,10.930627542654499],[-74.76443733961443,10.930875017520485]]]}},{"type":"Feature","properties":{"nombre":"COSTA HERMOSA","municipio":"SOLEDAD","color":"#ea580c"},"geometry":{"type":"Polygon","coordinates":[[[-74.77186741678199,10.942219882719245],[-74.7702440713086,10.942785979433095],[-74.76990012447483,10.941878039177917],[-74.77208588853317,10.940811204382056],[-74.77148249077814,10.939645601202356],[-74.76935162480989,10.9407335054047],[-74.76855723440023,10.93937781516741],[-74.77133870520966,10.93783043107467],[-74.7706260892331,10.936619541709998],[-74.771267695456,10.93547133828085],[-74.77400981969123,10.934698581950352],[-74.77768942360164,10.934319520166953],[-74.77562398135791,10.939158996053457],[-74.7739026772136,10.940095166551565],[-74.77474845026178,10.941610062185298],[-74.77217059191457,10.943063459316027],[-74.77186741678199,10.942219882719245]]]}},{"type":"Feature","properties":{"nombre":"URB. SALAMANCA","municipio":"SOLEDAD","color":"#ea580c"},"geometry":{"type":"Polygon","coordinates":[[[-74.76946724511401,10.930272915854687],[-74.76931447682439,10.931659761073124],[-74.7646042883816,10.932386198201892],[-74.76443733961443,10.930875017520485],[-74.76946724511401,10.930272915854687]]]}},{"type":"Feature","properties":{"nombre":"SITIO HERMOSO","municipio":"SOLEDAD","color":"#ea580c"},"geometry":{"type":"Polygon","coordinates":[[[-74.77553654499755,10.939242185701445],[-74.777892594073,10.93386048928903],[-74.77898879660269,10.934329542681887],[-74.77934648624617,10.933240939604513],[-74.7799862285254,10.93329560626741],[-74.78000537592582,10.934694048953222],[-74.77763561309867,10.940218374685799],[-74.77553654499755,10.939242185701445]]]}},{"type":"Feature","properties":{"nombre":"LA RIVERA","municipio":"SOLEDAD","color":"#ea580c"},"geometry":{"type":"Polygon","coordinates":[[[-74.76935162480989,10.9407335054047],[-74.77148249077814,10.939645601202356],[-74.77208588853317,10.940811204382056],[-74.76990012447483,10.941878039177917],[-74.76935162480989,10.9407335054047]]]}},{"type":"Feature","properties":{"nombre":"LA VICTORIA","municipio":"SOLEDAD","color":"#ea580c"},"geometry":{"type":"Polygon","coordinates":[[[-74.77076672365759,10.944165648894035],[-74.7702440713086,10.942785979433095],[-74.77180699043342,10.942051747769515],[-74.7725745752429,10.944189682186854],[-74.77076672365759,10.944165648894035]]]}},{"type":"Feature","properties":{"nombre":"LAS MARGARITAS","municipio":"SOLEDAD","color":"#ea580c"},"geometry":{"type":"Polygon","coordinates":[[[-74.76852458393334,10.932959731758828],[-74.7689797482618,10.935183257528914],[-74.76630788292482,10.935615921508825],[-74.7655118353485,10.934557605230411],[-74.76645549559737,10.934457195049317],[-74.76634923693179,10.933586354140404],[-74.76769471221111,10.933421677185914],[-74.76764512672273,10.933091064784664],[-74.76852458393334,10.932959731758828]]]}},{"type":"Feature","properties":{"nombre":"VISTA HERMOSA","municipio":"SOLEDAD","color":"#ea580c"},"geometry":{"type":"Polygon","coordinates":[[[-74.77257094610066,10.944177429765832],[-74.77217059191457,10.943063459316027],[-74.77474845026178,10.941610062185298],[-74.7739026772136,10.940095166551565],[-74.77553654499755,10.939242185701445],[-74.77763561309867,10.940218374685799],[-74.77753084038322,10.94066997891506],[-74.7766742550443,10.941033687934572],[-74.77636903917153,10.94235402739344],[-74.77565524115462,10.943000109557879],[-74.7736020225346,10.944136803127924],[-74.77257094610066,10.944177429765832]]]}},{"type":"Feature","properties":{"nombre":"LAS FERIAS","municipio":"SOLEDAD","color":"#ea580c"},"geometry":{"type":"Polygon","coordinates":[[[-74.76831133075764,10.945324795588546],[-74.76753495905471,10.942504637085719],[-74.77015166284497,10.942542042852397],[-74.7708100236476,10.944285510593536],[-74.76981976568027,10.944567874511975],[-74.76939832310538,10.94527613931746],[-74.76831133075764,10.945324795588546]]]}},{"type":"Feature","properties":{"nombre":"PRIMERO DE MAYO","municipio":"SOLEDAD","color":"#ea580c"},"geometry":{"type":"Polygon","coordinates":[[[-74.76251487077799,10.945365915416271],[-74.76282133980821,10.942386872654437],[-74.76753495905471,10.942504637085719],[-74.76831151095611,10.945343742616815],[-74.76752768485932,10.945207386602744],[-74.76666645794587,10.944250298033161],[-74.76587172105172,10.944440527190135],[-74.76538925097923,10.943609367588838],[-74.76387442024918,10.94515996380469],[-74.76251487077799,10.945365915416271]]]}},{"type":"Feature","properties":{"nombre":"Villa Serena/Portal de Villa Sofia","municipio":"SOLEDAD","color":"#ea580c"},"geometry":{"type":"Polygon","coordinates":[[[-74.7686696014803,10.93936502547279],[-74.76734990469548,10.936891215115471],[-74.76776725223216,10.936841618579779],[-74.76831673509164,10.937771642926704],[-74.77055357601336,10.936499708143025],[-74.77133870520966,10.93783043107467],[-74.7686696014803,10.93936502547279]]]}},{"type":"Feature","properties":{"nombre":"VILLA SOFIA","municipio":"SOLEDAD","color":"#ea580c"},"geometry":{"type":"Polygon","coordinates":[[[-74.7677746872449,10.936854202380431],[-74.76712241898424,10.936709859271451],[-74.76812480415785,10.936253136101353],[-74.7692377498848,10.93635555121553],[-74.7701692676708,10.935836572950915],[-74.77055357601336,10.936499708143025],[-74.76831673509164,10.937771642926704],[-74.7677746872449,10.936854202380431]]]}},{"type":"Feature","properties":{"nombre":"Barrio 18","municipio":"SOLEDAD","color":"#ea580c"},"geometry":{"type":"Polygon","coordinates":[[[-74.75787013929724,10.936274605683625],[-74.75760982090861,10.932398659986664],[-74.75676983680438,10.93060781520433],[-74.75495640927275,10.92921772092292],[-74.75123795532605,10.92521713281593],[-74.74856126085366,10.923539568933146],[-74.74858487450547,10.919696312935933],[-74.74981448625486,10.919945352401987],[-74.75185980271081,10.919381259247304],[-74.75381741830365,10.917245057538791],[-74.75538226863527,10.916723670737362],[-74.75930617186462,10.916345983449817],[-74.75899080912176,10.916648627183664],[-74.75915017630611,10.917459348479728],[-74.75797061894413,10.919523630771655],[-74.75784404465429,10.921645140483909],[-74.75811661045047,10.922079113730227],[-74.76122674056472,10.922721174588427],[-74.76114227455722,10.923041048891243],[-74.75904388229296,10.92421097810828],[-74.75834907809754,10.9230596802128],[-74.75717435660381,10.923717643467207],[-74.75870581661282,10.926246775323834],[-74.76039865965089,10.925765302208616],[-74.7608310865718,10.928524235747636],[-74.76045368311318,10.928592048622344],[-74.76053361562583,10.930564910652297],[-74.76097675299266,10.931398584012456],[-74.76191968583295,10.931347681179156],[-74.76289764039888,10.934924126973904],[-74.75978773800519,10.934663642877435],[-74.75979161125969,10.935548880200948],[-74.75927072228087,10.935521711827393],[-74.75787013929724,10.936274605683625]]]}},{"type":"Feature","properties":{"nombre":"EL PORVENIR","municipio":"SOLEDAD","color":"#ea580c"},"geometry":{"type":"Polygon","coordinates":[[[-74.76593060512694,10.935114345795041],[-74.76476453942017,10.933365263679338],[-74.76430528843649,10.928831241991173],[-74.76516805132228,10.928757487063582],[-74.76458602935571,10.924257504099694],[-74.7653107015889,10.922444439268459],[-74.76424956761488,10.921943921881534],[-74.76286124766492,10.921918225709652],[-74.76268830593321,10.922468358582154],[-74.76134032596262,10.92258215387934],[-74.76114227455722,10.923041048891243],[-74.75904388229296,10.92421097810828],[-74.75834907809754,10.9230596802128],[-74.75717435660381,10.923717643467207],[-74.75870581661282,10.926246775323834],[-74.76039865965089,10.925765302208616],[-74.7608310865718,10.928524235747636],[-74.76045368311318,10.928592048622344],[-74.76053361562583,10.930564910652297],[-74.76097675299266,10.931398584012456],[-74.76191968583295,10.931347681179156],[-74.76289764039888,10.934924126973904],[-74.76455725942449,10.935318472753302],[-74.76593060512694,10.935114345795041]]]}},{"type":"Feature","properties":{"nombre":"SALAMANCA","municipio":"SOLEDAD","color":"#ea580c"},"geometry":{"type":"Polygon","coordinates":[[[-74.76928462870735,10.932878817579066],[-74.76966158950056,10.929702457852427],[-74.77103189310002,10.929947202805051],[-74.77020884773752,10.935018895738573],[-74.7689797482618,10.935183257528914],[-74.76861910417942,10.93294557144808],[-74.76928462870735,10.932878817579066]]]}},{"type":"Feature","properties":{"nombre":"URB. EL RIO","municipio":"SOLEDAD","color":"#ea580c"},"geometry":{"type":"Polygon","coordinates":[[[-74.77111639885867,10.935818287816364],[-74.77051535119473,10.935025665968228],[-74.77020884773752,10.935018895738573],[-74.77103189310002,10.929947202805051],[-74.7737250640843,10.930266908566425],[-74.77500187261737,10.929882452794184],[-74.77535800538108,10.934585708301046],[-74.771267695456,10.93547133828085],[-74.77111639885867,10.935818287816364]]]}},{"type":"Feature","properties":{"nombre":"EL TUCAN","municipio":"SOLEDAD","color":"#ea580c"},"geometry":{"type":"Polygon","coordinates":[[[-74.77535800538108,10.934585708301046],[-74.77500772103667,10.929901071393429],[-74.77537648685724,10.929747250252863],[-74.77545105062654,10.930090011332851],[-74.7760111449803,10.929790742449436],[-74.77733111133779,10.930355004191702],[-74.7799137180255,10.930235144425621],[-74.78029333296291,10.932696741762514],[-74.7799862285254,10.93329560626741],[-74.77934648624617,10.933240939604513],[-74.77898879660269,10.934329542681887],[-74.777892594073,10.93386048928903],[-74.77768942360164,10.934319520166953],[-74.77535800538108,10.934585708301046]]]}},{"type":"Feature","properties":{"nombre":"URB. ELPARQUE","municipio":"SOLEDAD","color":"#ea580c"},"geometry":{"type":"Polygon","coordinates":[[[-74.78128857701313,10.934875844824802],[-74.78060350562326,10.934756089513561],[-74.78123911203491,10.933011207205842],[-74.78810914490333,10.926923528337554],[-74.79242708571323,10.924541518804679],[-74.79135574507855,10.92876835165593],[-74.78892927013128,10.931270686746247],[-74.78919939703836,10.931424401396365],[-74.78855514119213,10.932247324379546],[-74.78921550398574,10.932515409874915],[-74.78888595936486,10.933766451349493],[-74.78835589581792,10.933648084665903],[-74.78777319170474,10.933954536308702],[-74.78207555389025,10.937563975964228],[-74.78128857701313,10.934875844824802]]]}},{"type":"Feature","properties":{"nombre":"LA ARBOLEDA","municipio":"SOLEDAD","color":"#ea580c"},"geometry":{"type":"Polygon","coordinates":[[[-74.77815572783965,10.925458333460451],[-74.7836667074512,10.92338145643924],[-74.7850956058745,10.924140497542568],[-74.78507272958053,10.924810960205436],[-74.78545596376769,10.924821744781454],[-74.78447790119496,10.927992197967413],[-74.78613467385958,10.928682106313524],[-74.7811673351858,10.933080923692128],[-74.78066073173883,10.934830307432236],[-74.77986436798766,10.935020281957868],[-74.78033945517392,10.931765663571845],[-74.77815572783965,10.925458333460451]]]}},{"type":"Feature","properties":{"nombre":"RIOS DE AGUA VIVA","municipio":"SOLEDAD","color":"#ea580c"},"geometry":{"type":"Polygon","coordinates":[[[-74.78529976524297,10.92500635882429],[-74.78741716413995,10.923901932220987],[-74.78929716684743,10.923645849232132],[-74.78997440408891,10.925686165658744],[-74.78613467385958,10.928682106313524],[-74.78447790119496,10.927992197967413],[-74.78529976524297,10.92500635882429]]]}},{"type":"Feature","properties":{"nombre":"LAS MARINAS","municipio":"SOLEDAD","color":"#ea580c"},"geometry":{"type":"Polygon","coordinates":[[[-74.77601864136591,10.925838892903576],[-74.77474469018645,10.926105962609618],[-74.77455189395693,10.92546024203055],[-74.77394198969418,10.925662136952981],[-74.77471389877562,10.924954119082104],[-74.77522262394135,10.925708438376766],[-74.77646113333714,10.925813387815596],[-74.77661472003281,10.926282274935703],[-74.77601864136591,10.925838892903576]]]}},{"type":"Feature","properties":{"nombre":"Los Arrayanes","municipio":"SOLEDAD","color":"#ea580c"},"geometry":{"type":"Polygon","coordinates":[[[-74.77733111133779,10.930355004191702],[-74.7760111449803,10.929790742449436],[-74.77560198821341,10.927876814108982],[-74.77459382231788,10.928103657180703],[-74.77394198969418,10.925662136952981],[-74.77455189395693,10.92546024203055],[-74.77474469018645,10.926105962609618],[-74.77597687887106,10.925820211694692],[-74.7768607905668,10.926649842087894],[-74.77758973954171,10.926596907877824],[-74.77735396812604,10.92703911229171],[-74.77871811069004,10.926837538781559],[-74.7799137180255,10.930235144425621],[-74.77733111133779,10.930355004191702]]]}},{"type":"Feature","properties":{"nombre":"LOS ARAYANES","municipio":"SOLEDAD","color":"#ea580c"},"geometry":{"type":"Polygon","coordinates":[[[-74.77480940240338,10.928055241164255],[-74.77560198821341,10.927876814108982],[-74.7761206650603,10.929462446847268],[-74.77545105062654,10.930090011332851],[-74.77480940240338,10.928055241164255]]]}},{"type":"Feature","properties":{"nombre":"BARRIO NORMANDIA SECTOR NORTE","municipio":"SOLEDAD","color":"#ea580c"},"geometry":{"type":"Polygon","coordinates":[[[-74.78585500335926,10.92118538413319],[-74.78369927785427,10.921161694445148],[-74.78385824191514,10.918538318283714],[-74.78589199100014,10.918570782313196],[-74.78585500335926,10.92118538413319]]]}},{"type":"Feature","properties":{"nombre":"EL HIPODROMO","municipio":"SOLEDAD","color":"#ea580c"},"geometry":{"type":"Polygon","coordinates":[[[-74.7737250640843,10.930266908566425],[-74.76819907607437,10.929441235556236],[-74.76788117672118,10.929281624176788],[-74.76802452216558,10.928472828963043],[-74.76555006420709,10.928408722984322],[-74.7655852946583,10.928778495367935],[-74.76517166692011,10.928806592288044],[-74.76497901499492,10.92645268209912],[-74.76698288548626,10.926404730547363],[-74.76684441767125,10.924990459790367],[-74.76859988255498,10.925327843212589],[-74.76949370528563,10.924307602782044],[-74.77025493116108,10.924833647852036],[-74.77374791110311,10.925547391728239],[-74.77537648685724,10.929747250252863],[-74.7737250640843,10.930266908566425]]]}},{"type":"Feature","properties":{"nombre":"EL FERROCARRIL","municipio":"SOLEDAD","color":"#ea580c"},"geometry":{"type":"Polygon","coordinates":[[[-74.7727557876973,10.925271731165598],[-74.7706912014777,10.92489560558148],[-74.77075783621893,10.922414594735736],[-74.77011262497535,10.922520135017201],[-74.77022077807081,10.919763498729742],[-74.77283200412515,10.919363957260368],[-74.77575758382187,10.919619052189864],[-74.77701756147128,10.922667008010956],[-74.77537075614141,10.923571368577855],[-74.77461078830453,10.924687891277664],[-74.77471389877562,10.924954119082104],[-74.77380487583395,10.925791188645475],[-74.7727557876973,10.925271731165598]]]}},{"type":"Feature","properties":{"nombre":"CALLE DE LAS FLORES","municipio":"SOLEDAD","color":"#ea580c"},"geometry":{"type":"Polygon","coordinates":[[[-74.76557588361976,10.919923183329706],[-74.76687617637363,10.916468847089346],[-74.76821318868502,10.916945965444704],[-74.76659644084691,10.92160066088946],[-74.76572905512367,10.92138129010272],[-74.76622012718516,10.920185942029361],[-74.76557588361976,10.919923183329706]]]}},{"type":"Feature","properties":{"nombre":"MUVDI","municipio":"SOLEDAD","color":"#ea580c"},"geometry":{"type":"Polygon","coordinates":[[[-74.78507272958053,10.924810960205436],[-74.78485529611702,10.921173487089812],[-74.78898308953828,10.921339933597825],[-74.78695322248659,10.924242674821283],[-74.78545596376769,10.924821744781454],[-74.78507272958053,10.924810960205436]]]}},{"type":"Feature","properties":{"nombre":"CIUDAD DEL PUERTO","municipio":"SOLEDAD","color":"#ea580c"},"geometry":{"type":"Polygon","coordinates":[[[-74.77815572783965,10.925458333460451],[-74.77376797246333,10.91470431830181],[-74.77583042279807,10.914543016288823],[-74.77701000378504,10.91400525725364],[-74.77807227333956,10.917213484179252],[-74.7801665193219,10.91751120363516],[-74.77837853812615,10.913065008777117],[-74.77903729298791,10.911448761087986],[-74.78341531559298,10.91296911924494],[-74.78329639864633,10.913289425748578],[-74.78408800867106,10.913547491553254],[-74.78369927785427,10.921161694445148],[-74.78492196112747,10.921239968894747],[-74.78492376141958,10.924047837572417],[-74.7836667074512,10.92338145643924],[-74.77815572783965,10.925458333460451]]]}},{"type":"Feature","properties":{"nombre":"PORTAL DE LAS MORAS","municipio":"SOLEDAD","color":"#ea580c"},"geometry":{"type":"MultiPolygon","coordinates":[[[[-74.78780346458097,10.916355432441046],[-74.78775778509039,10.918943619862844],[-74.78589834578813,10.919412740958744],[-74.78568616269528,10.917286791895739],[-74.78780346458097,10.916355432441046]]],[[[-74.78781144290194,10.91634826616769],[-74.7878025568443,10.91635104572975],[-74.78785462808516,10.91632388779974],[-74.78781144290194,10.91634826616769]]]]}},{"type":"Feature","properties":{"nombre":"URB. VILLA SOLEDAD","municipio":"SOLEDAD","color":"#ea580c"},"geometry":{"type":"Polygon","coordinates":[[[-74.788608,10.916447],[-74.788515,10.915207],[-74.784947,10.915462],[-74.785665,10.917329],[-74.787895,10.916304],[-74.788608,10.916447]]]}},{"type":"Feature","properties":{"nombre":"EL CARNERO","municipio":"SOLEDAD","color":"#ea580c"},"geometry":{"type":"Polygon","coordinates":[[[-74.77430196886024,10.91934215288003],[-74.77068354202228,10.919601501458638],[-74.77067137571638,10.918904217328274],[-74.7702597947541,10.918781451947154],[-74.77062833989793,10.917514439027986],[-74.76756796744246,10.916744222563763],[-74.76773226097498,10.916328095237791],[-74.76928703110099,10.916522692504541],[-74.76965159749038,10.915457603863342],[-74.77014523433982,10.915665163574953],[-74.77122226288101,10.914768991411353],[-74.77143128534851,10.914948962470481],[-74.77114026536407,10.915127885379635],[-74.77175058455376,10.915252679803947],[-74.77188855299661,10.915579451036749],[-74.77149714509243,10.916227048996959],[-74.77194646476272,10.91615038034084],[-74.77192885606856,10.917107432312305],[-74.77229072509311,10.917169256188986],[-74.77236220256266,10.916827278593495],[-74.77318308892426,10.916501768846457],[-74.77249981665183,10.914798798285798],[-74.77376797246333,10.91470431830181],[-74.77576260702259,10.919638080374272],[-74.77430196886024,10.91934215288003]]]}},{"type":"Feature","properties":{"nombre":"URB. SOL REAL","municipio":"SOLEDAD","color":"#ea580c"},"geometry":{"type":"Polygon","coordinates":[[[-74.77194482877711,10.916204116728386],[-74.77145275675136,10.916102546571175],[-74.77188855299661,10.915579451036749],[-74.77175058455376,10.915252679803947],[-74.77114026536407,10.915127885379635],[-74.77249981665183,10.914798798285798],[-74.77318308892426,10.916501768846457],[-74.77236220256266,10.916827278593495],[-74.77229072509311,10.917169256188986],[-74.77192885606856,10.917107432312305],[-74.77194482877711,10.916204116728386]]]}},{"type":"Feature","properties":{"nombre":"7 DE AGOSTO","municipio":"SOLEDAD","color":"#ea580c"},"geometry":{"type":"Polygon","coordinates":[[[-74.76269495270992,10.917806958037485],[-74.76008607699623,10.916000672817432],[-74.76071612706971,10.915389890979501],[-74.76096421223119,10.91548084119378],[-74.76136631975743,10.914077909681902],[-74.76364782824479,10.915352319719672],[-74.7633972720579,10.91655617514201],[-74.76269495270992,10.917806958037485]]]}},{"type":"Feature","properties":{"nombre":"BARRIO CENTRO","municipio":"SOLEDAD","color":"#ea580c"},"geometry":{"type":"Polygon","coordinates":[[[-74.76557588361976,10.919923183329706],[-74.76226802543425,10.918670556746367],[-74.76262451105413,10.917773686413785],[-74.76286586754969,10.917892222378702],[-74.76364782824479,10.915352319719672],[-74.76687617637363,10.916468847089346],[-74.76557588361976,10.919923183329706]]]}},{"type":"Feature","properties":{"nombre":"CACHIMBERO","municipio":"SOLEDAD","color":"#ea580c"},"geometry":{"type":"Polygon","coordinates":[[[-74.75978945852466,10.921042685284847],[-74.76138230201214,10.917020184472282],[-74.76262451105413,10.917773686413785],[-74.7610823609707,10.921539386199402],[-74.75978945852466,10.921042685284847]]]}},{"type":"Feature","properties":{"nombre":"EL CORTIJO","municipio":"SOLEDAD","color":"#ea580c"},"geometry":{"type":"Polygon","coordinates":[[[-74.76918499311326,10.91854387197404],[-74.77067137571638,10.918904217328274],[-74.77068354202228,10.919601501458638],[-74.77022077807081,10.919763498729742],[-74.7701645451345,10.92093678381683],[-74.7688570558309,10.920906733539367],[-74.76918499311326,10.91854387197404]]]}},{"type":"Feature","properties":{"nombre":"20 DE JULIO","municipio":"SOLEDAD","color":"#ea580c"},"geometry":{"type":"Polygon","coordinates":[[[-74.76818699922345,10.922967572141362],[-74.76748181405138,10.922459178132824],[-74.76767124147828,10.92193502429694],[-74.76837596328255,10.922597132091518],[-74.76934451790054,10.922763428541566],[-74.76961811341198,10.922195442734889],[-74.77010830504985,10.92251986185003],[-74.77075783621893,10.922414594735736],[-74.7706912014777,10.92489560558148],[-74.76848700683482,10.92376424207248],[-74.76818699922345,10.922967572141362]]]}},{"type":"Feature","properties":{"nombre":"EL CENTENARIO","municipio":"SOLEDAD","color":"#ea580c"},"geometry":{"type":"Polygon","coordinates":[[[-74.76492004378879,10.92645409287505],[-74.76462585922154,10.924254755122377],[-74.76694833728808,10.924579619714605],[-74.76748181405138,10.922459178132824],[-74.76808860952173,10.9227135420533],[-74.76848700683482,10.92376424207248],[-74.76949370528563,10.924307602782044],[-74.76859988255498,10.925327843212589],[-74.76684441767125,10.924990459790367],[-74.76698288548626,10.926404730547363],[-74.76492004378879,10.92645409287505]]]}},{"type":"Feature","properties":{"nombre":"EL CABRERA","municipio":"SOLEDAD","color":"#ea580c"},"geometry":{"type":"Polygon","coordinates":[[[-74.76694833728808,10.924579619714605],[-74.76458602935571,10.924257504099694],[-74.76572905512367,10.92138129010272],[-74.76772036442834,10.921794030577086],[-74.76694833728808,10.924579619714605]]]}},{"type":"Feature","properties":{"nombre":"EL ORIENTAL","municipio":"SOLEDAD","color":"#ea580c"},"geometry":{"type":"Polygon","coordinates":[[[-74.7653107015889,10.922444439268459],[-74.76354814125207,10.921882506766906],[-74.76360242604137,10.920824289275593],[-74.76422143496892,10.919383497805889],[-74.76622012718516,10.920185942029361],[-74.7653107015889,10.922444439268459]]]}},{"type":"Feature","properties":{"nombre":"CRUZ DE MAYO","municipio":"SOLEDAD","color":"#ea580c"},"geometry":{"type":"Polygon","coordinates":[[[-74.76065554903694,10.922642426282488],[-74.76226802543425,10.918670556746367],[-74.76305208817628,10.918789547471423],[-74.76422143496892,10.919383497805889],[-74.76360242604137,10.920824289275593],[-74.76354814125207,10.921882506766906],[-74.76286124766492,10.921918225709652],[-74.76268830593321,10.922468358582154],[-74.76065554903694,10.922642426282488]]]}},{"type":"Feature","properties":{"nombre":"NUEVO TRIUNFO","municipio":"SOLEDAD","color":"#ea580c"},"geometry":{"type":"Polygon","coordinates":[[[-74.75784404465429,10.921645140483909],[-74.75797061894413,10.919523630771655],[-74.76014419259373,10.919779033540463],[-74.75973906898857,10.922516072148058],[-74.75811661045047,10.922079113730227],[-74.75784404465429,10.921645140483909]]]}},{"type":"Feature","properties":{"nombre":"12 DE OCTUBRE","municipio":"SOLEDAD","color":"#ea580c"},"geometry":{"type":"Polygon","coordinates":[[[-74.76014419259373,10.919779033540463],[-74.75797061894413,10.919523630771655],[-74.75915017630611,10.917459348479728],[-74.75899080912176,10.916648627183664],[-74.75944280723864,10.916125523749699],[-74.75968515542952,10.916412396449294],[-74.76008607699623,10.916000672817432],[-74.76138230201214,10.917020184472282],[-74.76014419259373,10.919779033540463]]]}},{"type":"Feature","properties":{"nombre":"16 DE JUNIO","municipio":"SOLEDAD","color":"#ea580c"},"geometry":{"type":"Polygon","coordinates":[[[-74.77137546113957,10.909716501637527],[-74.77014546853727,10.910333498185633],[-74.76888344156005,10.910364097322155],[-74.76864906592178,10.911012229537894],[-74.76743544436667,10.911214229024086],[-74.76773778410829,10.910116360301606],[-74.7693348134848,10.90908662934333],[-74.77128300146913,10.908677712698724],[-74.77174123282788,10.909811702853434],[-74.77137546113957,10.909716501637527]],[[-74.77144237496194,10.909648539629039],[-74.77144989145029,10.90964090564578],[-74.77144518520902,10.909629765687079],[-74.77144237496194,10.909648539629039]]]}},{"type":"Feature","properties":{"nombre":"TRANSMETRO","municipio":"SOLEDAD","color":"#ea580c"},"geometry":{"type":"Polygon","coordinates":[[[-74.80357944541947,10.904858262034134],[-74.80717446867874,10.906598711739061],[-74.80439823214878,10.911721343700762],[-74.80051538785489,10.910002084496016],[-74.79910674439162,10.909772457811403],[-74.79912872349577,10.908144563600995],[-74.80175727680853,10.904571504453674],[-74.80357944541947,10.904858262034134]],[[-74.80354085998607,10.90493454061078],[-74.8035408263106,10.904934609392788],[-74.80354139184807,10.90493472466582],[-74.80354085998607,10.90493454061078]]]}},{"type":"Feature","properties":{"nombre":"Villa Valery","municipio":"SOLEDAD","color":"#ea580c"},"geometry":{"type":"Polygon","coordinates":[[[-74.8194928,10.9209152],[-74.8190381,10.9196724],[-74.8180579,10.9205987],[-74.8193269,10.9212961],[-74.8194928,10.9209152]]]}},{"type":"Feature","properties":{"nombre":"Urbanizaci\u00f3n Sevilla Real","municipio":"SOLEDAD","color":"#ea580c"},"geometry":{"type":"Polygon","coordinates":[[[-74.826518,10.9203497],[-74.8254024,10.920072],[-74.8255743,10.9192837],[-74.8244301,10.9191054],[-74.8242513,10.919788],[-74.8227894,10.9194192],[-74.8230007,10.9185722],[-74.82140549945044,10.917973258665471],[-74.8211164,10.9185918],[-74.821649,10.9188764],[-74.8214398,10.9193495],[-74.822621,10.9200505],[-74.8232694,10.9209127],[-74.823548329,10.920415534000028],[-74.8263286,10.9211561],[-74.826518,10.9203497]]]}},{"type":"Feature","properties":{"nombre":"Sina\u00ed Etapa II","municipio":"SOLEDAD","color":"#ea580c"},"geometry":{"type":"Polygon","coordinates":[[[-74.8252245,10.9151356],[-74.8260736,10.9159517],[-74.8253326,10.9170756],[-74.8247256,10.9168668],[-74.8241556,10.9159986],[-74.8237055,10.916409],[-74.8233655,10.9159219],[-74.8252245,10.9151356]]]}},{"type":"Feature","properties":{"nombre":"Puerta Dorada","municipio":"SOLEDAD","color":"#ea580c"},"geometry":{"type":"Polygon","coordinates":[[[-74.8339061,10.9255459],[-74.8334709,10.9231759],[-74.8336387,10.9224285],[-74.8313072,10.9218819],[-74.8293434,10.9218032],[-74.82839186499996,10.924320820000048],[-74.82825549561964,10.925213200163443],[-74.828707054,10.925632412000027],[-74.82800706799998,10.926631091000047],[-74.82761173799997,10.927939269000035],[-74.83181907799997,10.930129547000035],[-74.83355925751341,10.932266448107288],[-74.8338496,10.9319982],[-74.8339061,10.9255459]]]}},{"type":"Feature","properties":{"nombre":"Lirios","municipio":"SOLEDAD","color":"#ea580c"},"geometry":{"type":"Polygon","coordinates":[[[-74.8157434,10.9033648],[-74.8149591,10.9029591],[-74.8157776,10.9021443],[-74.8162601,10.9024001],[-74.8157434,10.9033648]]]}},{"type":"Feature","properties":{"nombre":"Nukak","municipio":"SOLEDAD","color":"#ea580c"},"geometry":{"type":"Polygon","coordinates":[[[-74.8172165,10.9041476],[-74.8158571,10.9034364],[-74.8163816,10.902443],[-74.8177566,10.9031784],[-74.8172165,10.9041476]]]}},{"type":"Feature","properties":{"nombre":"Los Katios","municipio":"SOLEDAD","color":"#ea580c"},"geometry":{"type":"Polygon","coordinates":[[[-74.8178151,10.9030818],[-74.8161519,10.90221],[-74.8162142,10.9020733],[-74.8182215,10.9023048],[-74.8178151,10.9030818]]]}},{"type":"Feature","properties":{"nombre":"Sevilla del Caribe","municipio":"SOLEDAD","color":"#ea580c"},"geometry":{"type":"Polygon","coordinates":[[[-74.8262064,10.9192912],[-74.8256804,10.919155],[-74.825493,10.9199615],[-74.8268881,10.9203299],[-74.8262064,10.9192912]]]}},{"type":"Feature","properties":{"nombre":"Los Godoy","municipio":"SOLEDAD","color":"#ea580c"},"geometry":{"type":"Polygon","coordinates":[[[-74.8339124,10.9067169],[-74.8296302,10.9077676],[-74.8286834,10.9093412],[-74.8291416,10.9119519],[-74.830342,10.9130185],[-74.8307705,10.9129764],[-74.8339124,10.9067169]]]}},{"type":"Feature","properties":{"nombre":"Sina\u00ed Etapa I","municipio":"SOLEDAD","color":"#ea580c"},"geometry":{"type":"MultiPolygon","coordinates":[[[[-74.8294045,10.9149493],[-74.8268187,10.913816],[-74.82520811551692,10.913682183193577],[-74.82537970263483,10.91500205951105],[-74.82444536820879,10.915310408236708],[-74.82266108628856,10.916240144804314],[-74.82472085396783,10.9168596335704],[-74.8241556,10.9159986],[-74.8237055,10.916409],[-74.8233655,10.9159219],[-74.8252245,10.9151356],[-74.8260736,10.9159517],[-74.8253665167002,10.917039936003313],[-74.8293499,10.9156063],[-74.8294045,10.9149493]]],[[[-74.82526331918497,10.917022783575808],[-74.8249644,10.9167564],[-74.82475882482794,10.916871053557962],[-74.82526331918497,10.917022783575808]]]]}},{"type":"Feature","properties":{"nombre":"El Ed\u00e9n","municipio":"MALAMBO","color":"#16a34a"},"geometry":{"type":"Polygon","coordinates":[[[-74.79670122989286,10.84708873345377],[-74.7964424,10.8466121],[-74.79537,10.8471135],[-74.7957791,10.8479367],[-74.79486286938557,10.848627990641065],[-74.79510261436654,10.849085331096203],[-74.7966683,10.8480026],[-74.79631343281828,10.847273224883772],[-74.79670122989286,10.84708873345377]]]}},{"type":"Feature","properties":{"nombre":"El Morrito","municipio":"MALAMBO","color":"#16a34a"},"geometry":{"type":"MultiPolygon","coordinates":[[[[-74.77101349853946,10.858538250735887],[-74.7707956,10.8583907],[-74.77034901796476,10.858339321384541],[-74.77101349853946,10.858538250735887]]],[[[-74.7708619,10.8592477],[-74.7708964097687,10.859069899100602],[-74.77081384529498,10.859417475974062],[-74.7708619,10.8592477]]],[[[-74.7700723226344,10.859636655817576],[-74.7700315,10.859614080170168],[-74.7700315,10.8596304],[-74.7700723226344,10.859636655817576]]]]}},{"type":"Feature","properties":{"nombre":"Villa Rosa","municipio":"MALAMBO","color":"#16a34a"},"geometry":{"type":"Polygon","coordinates":[[[-74.7846833,10.8491047],[-74.783622,10.8486866],[-74.7827933,10.8494807],[-74.7833401,10.8500447],[-74.7838046,10.8495388],[-74.784387,10.8497826],[-74.7846833,10.8491047]]]}},{"type":"Feature","properties":{"nombre":"El Progreso","municipio":"MALAMBO","color":"#16a34a"},"geometry":{"type":"Polygon","coordinates":[[[-74.79045042060847,10.846563313183553],[-74.7879645,10.8459051],[-74.7873931,10.8475281],[-74.7879322,10.8477827],[-74.78828737082566,10.84722599024836],[-74.789271480273,10.84703792446182],[-74.78911195437152,10.847327143296269],[-74.78965244576196,10.847495086465011],[-74.78938918574758,10.848064626581873],[-74.7895558811474,10.848174012352152],[-74.79045042060847,10.846563313183553]]]}},{"type":"Feature","properties":{"nombre":"La Victoria","municipio":"MALAMBO","color":"#16a34a"},"geometry":{"type":"Polygon","coordinates":[[[-74.78475337849666,10.857952459518234],[-74.78443725132196,10.857534122391858],[-74.78400624955563,10.857791315536884],[-74.7838341,10.8573928],[-74.7824578,10.8583662],[-74.7823178,10.8592929],[-74.7832427,10.8590999],[-74.7837838,10.8582676],[-74.78475337849666,10.857952459518234]]]}},{"type":"Feature","properties":{"nombre":"La Victoria II","municipio":"MALAMBO","color":"#16a34a"},"geometry":{"type":"Polygon","coordinates":[[[-74.7823178,10.8592929],[-74.782243,10.8576028],[-74.7814576,10.857641],[-74.78097272926725,10.85933397558286],[-74.78135329083005,10.860019479318776],[-74.7823178,10.8592929]]]}},{"type":"Feature","properties":{"nombre":"Nueva Ilusi\u00f3n","municipio":"MALAMBO","color":"#16a34a"},"geometry":{"type":"Polygon","coordinates":[[[-74.791509,10.8528417],[-74.7906758984481,10.85224353751962],[-74.78975174533264,10.853251589703387],[-74.7912267035126,10.85440351059666],[-74.79150749547672,10.853917883027211],[-74.79109388361003,10.853529372710993],[-74.79146025771014,10.853425647739002],[-74.791509,10.8528417]]]}},{"type":"Feature","properties":{"nombre":"Villa Campo","municipio":"MALAMBO","color":"#16a34a"},"geometry":{"type":"Polygon","coordinates":[[[-74.7957791,10.8479367],[-74.79537,10.8471135],[-74.7930296769734,10.848379975316217],[-74.79336758242727,10.849040184864267],[-74.79397099222422,10.848726296384395],[-74.79448275591649,10.849101218000518],[-74.7957791,10.8479367]]]}},{"type":"Feature","properties":{"nombre":"La Magdalena","municipio":"MALAMBO","color":"#16a34a"},"geometry":{"type":"Polygon","coordinates":[[[-74.777313,10.8604543],[-74.7773835,10.8587612],[-74.7769275,10.8583812],[-74.77718771604452,10.858177532723088],[-74.77671393046225,10.857610813667302],[-74.77547824881961,10.85977259961426],[-74.777313,10.8604543]]]}},{"type":"Feature","properties":{"nombre":"Villa Rica II","municipio":"MALAMBO","color":"#16a34a"},"geometry":{"type":"Polygon","coordinates":[[[-74.7828113,10.8582401],[-74.7826859,10.8561164],[-74.7814873,10.8562544],[-74.7814576,10.857641],[-74.782243,10.8576028],[-74.7822817,10.8583752],[-74.7828113,10.8582401]]]}},{"type":"Feature","properties":{"nombre":"Brisas del R\u00edo","municipio":"MALAMBO","color":"#16a34a"},"geometry":{"type":"Polygon","coordinates":[[[-74.79307051218191,10.85455022478871],[-74.79270912122647,10.853956886019102],[-74.79185185055786,10.853828001926447],[-74.79133563085786,10.853395743671078],[-74.79109388361003,10.853529372710993],[-74.79150749547672,10.853917883027211],[-74.79114349934125,10.854400367468685],[-74.7896408,10.8532674],[-74.7894156,10.8534996],[-74.7901416,10.8541605],[-74.7876277,10.8570045],[-74.7889784,10.8566369],[-74.78927097260208,10.855812930912979],[-74.7895844377391,10.856470633471892],[-74.79042339010331,10.85596749026945],[-74.78997900668598,10.855241680951043],[-74.7904536210763,10.855947446779847],[-74.79184127077468,10.85529763466264],[-74.79127827606554,10.854505970211662],[-74.79185913423434,10.85530224794069],[-74.79307051218191,10.85455022478871]]]}},{"type":"Feature","properties":{"nombre":"Los Mangos","municipio":"MALAMBO","color":"#16a34a"},"geometry":{"type":"Polygon","coordinates":[[[-74.79720506690404,10.843455539255288],[-74.79637812877698,10.843047991674865],[-74.79616385844066,10.843524667400116],[-74.79582520526188,10.843556880630457],[-74.79547038708716,10.844786205374703],[-74.7948145,10.8456871],[-74.7944589,10.8475439],[-74.7964424,10.8466121],[-74.79604786211023,10.845781109887872],[-74.79673928092211,10.845493609224649],[-74.79720506690404,10.843455539255288]]]}},{"type":"Feature","properties":{"nombre":"Los Ciruelos","municipio":"MALAMBO","color":"#16a34a"},"geometry":{"type":"Polygon","coordinates":[[[-74.7879322,10.8477827],[-74.7856815245795,10.846883338364254],[-74.78570878722209,10.847411389003677],[-74.7850132340959,10.848349555045461],[-74.7868503,10.8494332],[-74.7879322,10.8477827]]]}},{"type":"Feature","properties":{"nombre":"Villa Bertha","municipio":"MALAMBO","color":"#16a34a"},"geometry":{"type":"MultiPolygon","coordinates":[[[[-74.79034212097001,10.837443203622318],[-74.78928853584588,10.836560327605525],[-74.78839539045724,10.836348667352002],[-74.78762211649101,10.838144093585896],[-74.78964306140234,10.838726731050965],[-74.79034212097001,10.837443203622318]]],[[[-74.78989985621392,10.839236160021732],[-74.78970859520751,10.83879577613442],[-74.7888920043617,10.840733221819793],[-74.78818465443864,10.841308759511353],[-74.78782537042817,10.842454398725613],[-74.78797795337199,10.842372644660054],[-74.78823179795702,10.842396032339172],[-74.7855206,10.8445006],[-74.7853751,10.8452981],[-74.78456,10.8461832],[-74.7851127,10.8464758],[-74.7852201,10.8460133],[-74.7865967,10.8450804],[-74.7867479,10.844346],[-74.7880165,10.8438079],[-74.78779242792618,10.84303911919138],[-74.78848450411736,10.842789947444558],[-74.7885579345811,10.8423551415805],[-74.78825588737166,10.841560390156394],[-74.7884512953797,10.841219935857483],[-74.78888231297074,10.841465457314353],[-74.78989985621392,10.839236160021732]]]]}},{"type":"Feature","properties":{"nombre":"Ca\u00f1ag\u00fcate","municipio":"MALAMBO","color":"#16a34a"},"geometry":{"type":"Polygon","coordinates":[[[-74.789698,10.8575421],[-74.7890185,10.8575115],[-74.7889784,10.8566369],[-74.7873247,10.8572448],[-74.78579817821047,10.857395899509141],[-74.78581474674554,10.858604583167018],[-74.78656574481116,10.858608258200807],[-74.78587832746236,10.860885718652616],[-74.78797277407993,10.86091709732627],[-74.78857462589858,10.858501810598819],[-74.7893419,10.8585897],[-74.789698,10.8575421]]]}},{"type":"Feature","properties":{"nombre":"Villa Rica I","municipio":"MALAMBO","color":"#16a34a"},"geometry":{"type":"MultiPolygon","coordinates":[[[[-74.7814873,10.8562544],[-74.78025625040279,10.856509568941352],[-74.78084184449989,10.857646123617691],[-74.7814576,10.857641],[-74.7814873,10.8562544]]],[[[-74.78023067819318,10.85765823396514],[-74.77990883199388,10.856679040399227],[-74.77836681394027,10.857529182920956],[-74.77828480546465,10.857043333789246],[-74.77721836267179,10.8567645591847],[-74.77694343466837,10.856966833197601],[-74.77754805323326,10.857218559464798],[-74.7766349950701,10.857707335664825],[-74.77718771604452,10.858177532723088],[-74.7769275,10.8583812],[-74.7773835,10.8587612],[-74.7773409,10.8591607],[-74.7789399,10.8585975],[-74.77952271951105,10.857450059355733],[-74.78023067819318,10.85765823396514]]]]}},{"type":"Feature","properties":{"nombre":"San Fernando","municipio":"MALAMBO","color":"#16a34a"},"geometry":{"type":"MultiPolygon","coordinates":[[[[-74.78839807401276,10.864417106501001],[-74.7881415790569,10.864316124511726],[-74.78772208060188,10.865380028203912],[-74.78795388194683,10.865469918114622],[-74.78839807401276,10.864417106501001]]],[[[-74.7883673,10.8635772],[-74.7864510765079,10.862984070528087],[-74.78593415943324,10.864914242799022],[-74.7856110944683,10.86479289179718],[-74.78511003352419,10.866061200397827],[-74.7859141,10.8663583],[-74.7865383,10.8647839],[-74.7876575,10.8652264],[-74.7883673,10.8635772]]]]}},{"type":"Feature","properties":{"nombre":"Altos de Shalom","municipio":"MALAMBO","color":"#16a34a"},"geometry":{"type":"Polygon","coordinates":[[[-74.80246534950886,10.848277431837179],[-74.80250671762235,10.846349335330421],[-74.80142352099739,10.845991009123034],[-74.8012223,10.8447075],[-74.7991481,10.8454667],[-74.8006171,10.8490174],[-74.8008893,10.8490174],[-74.80101831714074,10.84800689905262],[-74.80246534950886,10.848277431837179]]]}},{"type":"Feature","properties":{"nombre":"La Luna","municipio":"MALAMBO","color":"#16a34a"},"geometry":{"type":"Polygon","coordinates":[[[-74.77490157297397,10.843690972291064],[-74.77460795156253,10.84358038988612],[-74.77479506541077,10.843116579383349],[-74.7737534,10.8425165],[-74.7705928,10.8414523],[-74.77043656270615,10.844273208363918],[-74.77077613068168,10.844288478136104],[-74.77043623673836,10.844318752755518],[-74.77039992476672,10.84484145691616],[-74.7730541,10.8457063],[-74.7733919222267,10.844805002862666],[-74.77393188525507,10.845013037531091],[-74.77408402918529,10.844626769220707],[-74.77446439530357,10.844799640884887],[-74.77490157297397,10.843690972291064]]]}},{"type":"Feature","properties":{"nombre":"La Milagrosa","municipio":"MALAMBO","color":"#16a34a"},"geometry":{"type":"MultiPolygon","coordinates":[[[[-74.7936726,10.8496612],[-74.7930296769734,10.848379975316217],[-74.79352225139037,10.848045410166714],[-74.79352262146038,10.847477074580361],[-74.7930920816821,10.847502154603864],[-74.79303609245817,10.847000005715515],[-74.79201151957062,10.846836864992268],[-74.79132371473075,10.847059604716627],[-74.79142920308458,10.847853882937661],[-74.79113066189969,10.847992491820012],[-74.79128118652979,10.847723389397228],[-74.79087769756958,10.847554439150764],[-74.78997588858415,10.848195869951326],[-74.79038172702982,10.849005528246034],[-74.7896979023465,10.849442498608353],[-74.79015510379944,10.849816678966686],[-74.7897457,10.8501764],[-74.78996933142179,10.850354928274763],[-74.78973446984132,10.850652081999016],[-74.79031795021487,10.850669208890558],[-74.791445,10.8518064],[-74.7914452,10.8512899],[-74.79218541153489,10.850629820105947],[-74.79252279211678,10.851234418627685],[-74.79300241850335,10.851182216101625],[-74.79271600181767,10.850591851378466],[-74.7928568728441,10.850070048199967],[-74.7936726,10.8496612]]],[[[-74.78969306434286,10.850200180439186],[-74.78952830287642,10.850065994115825],[-74.78949422743918,10.850107642702335],[-74.78969306434286,10.850200180439186]]]]}},{"type":"Feature","properties":{"nombre":"Los Pinos","municipio":"MALAMBO","color":"#16a34a"},"geometry":{"type":"Polygon","coordinates":[[[-74.7952811,10.8636587],[-74.7948639,10.8636592],[-74.7948582,10.8644515],[-74.7928969,10.864438],[-74.7929919,10.8681551],[-74.7949791,10.8673889],[-74.7952811,10.8636587]]]}},{"type":"Feature","properties":{"nombre":"La Popa","municipio":"MALAMBO","color":"#16a34a"},"geometry":{"type":"Polygon","coordinates":[[[-74.7789232,10.8626111],[-74.77728552346582,10.861639914129118],[-74.777313,10.8604543],[-74.7758716,10.8599748],[-74.77476414904228,10.862800548931787],[-74.77529758179878,10.862946610941835],[-74.7748953,10.8638925],[-74.7789232,10.8626111]]]}},{"type":"Feature","properties":{"nombre":"Montecarlo","municipio":"MALAMBO","color":"#16a34a"},"geometry":{"type":"Polygon","coordinates":[[[-74.7771844,10.8458093],[-74.7764967,10.8455347],[-74.7759946,10.8468048],[-74.77515736663649,10.846147621070466],[-74.7742729,10.8483803],[-74.7738038,10.8507359],[-74.77509371229561,10.851201446057107],[-74.7771844,10.8458093]]]}},{"type":"Feature","properties":{"nombre":"Villa Esperanza","municipio":"MALAMBO","color":"#16a34a"},"geometry":{"type":"Polygon","coordinates":[[[-74.77580659680719,10.84535366999779],[-74.77408402918529,10.844626769220707],[-74.77393188525507,10.845013037531091],[-74.7733919222267,10.844805002862666],[-74.7730541,10.8457063],[-74.770448,10.8447812],[-74.7702963,10.8468699],[-74.77435661666983,10.84841831242323],[-74.77515736663649,10.846147621070466],[-74.77544182491886,10.846261753541311],[-74.77580659680719,10.84535366999779]]]}},{"type":"Feature","properties":{"nombre":"Juan XXIII","municipio":"MALAMBO","color":"#16a34a"},"geometry":{"type":"Polygon","coordinates":[[[-74.7901416,10.8541605],[-74.7878065,10.8522841],[-74.78580368434189,10.85419178947365],[-74.78601270158741,10.854413369206567],[-74.78580465086928,10.854626981429618],[-74.78649332508684,10.855062268621577],[-74.7852823229386,10.856542321052585],[-74.7858756,10.8572975],[-74.7877337,10.8570917],[-74.7901416,10.8541605]]]}},{"type":"Feature","properties":{"nombre":"Mesolandia","municipio":"MALAMBO","color":"#16a34a"},"geometry":{"type":"MultiPolygon","coordinates":[[[[-74.77354366221716,10.878538800069727],[-74.77142426894063,10.877864414311194],[-74.76980607330653,10.878015271916512],[-74.76948000429246,10.880892918121466],[-74.77298321010535,10.88120119951089],[-74.77354366221716,10.878538800069727]]],[[[-74.7699169,10.8884433],[-74.7693363,10.8837953],[-74.7645362,10.8836949],[-74.7624368,10.8842053],[-74.763481,10.885381],[-74.7644446,10.8903871],[-74.7668338,10.8899279],[-74.76978312356047,10.889938417902767],[-74.7699169,10.8884433]]]]}},{"type":"Feature","properties":{"nombre":"Marquetalia II","municipio":"MALAMBO","color":"#16a34a"},"geometry":{"type":"Polygon","coordinates":[[[-74.77141552516314,10.86250825601167],[-74.77223201791708,10.859599918012053],[-74.77179704397155,10.85956810481473],[-74.77185489342743,10.858705275189577],[-74.77105768450726,10.858532789606175],[-74.77082808439486,10.859533497912121],[-74.77069537022197,10.859908637369204],[-74.7710276810627,10.858437305056283],[-74.7696555329875,10.85832138413145],[-74.76971468536294,10.859280245985266],[-74.77007959043432,10.859612354255956],[-74.76996274777707,10.860191459971055],[-74.76900305760718,10.860124216893677],[-74.76916811056877,10.8611588013389],[-74.76888736967858,10.861367917212068],[-74.76920552831895,10.861462943066863],[-74.7695317888868,10.862461373162784],[-74.77055019337654,10.862567550378504],[-74.77094362656378,10.862022014558848],[-74.77141552516314,10.86250825601167]],[[-74.77085783341951,10.861837430135465],[-74.77074800186065,10.861571420657128],[-74.7706467980241,10.861286820504699],[-74.77071560024169,10.861307300596978],[-74.77085783341951,10.861837430135465]]]}},{"type":"Feature","properties":{"nombre":"Altos de las Lomas","municipio":"MALAMBO","color":"#16a34a"},"geometry":{"type":"Polygon","coordinates":[[[-74.81061718876951,10.87645291355854],[-74.80956254928317,10.876110751525802],[-74.80899668105384,10.877760967050131],[-74.80990299930346,10.877865773290454],[-74.81031350188539,10.87714819112531],[-74.81011832534332,10.876921957041452],[-74.81045321383209,10.876929933717454],[-74.81061718876951,10.87645291355854]]]}},{"type":"Feature","properties":{"nombre":"Portal de David","municipio":"MALAMBO","color":"#16a34a"},"geometry":{"type":"Polygon","coordinates":[[[-74.80932704902446,10.880232137642624],[-74.80927267921211,10.87885368395633],[-74.8080916015519,10.878790228107976],[-74.80802145739,10.880258382243236],[-74.80932704902446,10.880232137642624]]]}},{"type":"Feature","properties":{"nombre":"Carrizal","municipio":"MALAMBO","color":"#16a34a"},"geometry":{"type":"MultiPolygon","coordinates":[[[[-74.77252547485642,10.858158043209766],[-74.77214482130651,10.858055233767908],[-74.77213555160553,10.857239707470674],[-74.7713112326906,10.857249278651201],[-74.77106136289335,10.858532989163674],[-74.77184680792878,10.858701963825412],[-74.77184423352924,10.858351349820474],[-74.77247848123895,10.858453817393132],[-74.77252547485642,10.858158043209766]]],[[[-74.77126849364939,10.857088606864023],[-74.77127545095819,10.855240785444638],[-74.76931090139222,10.856268451174307],[-74.76993237130122,10.85776636482036],[-74.77126849364939,10.857088606864023]]]]}},{"type":"Feature","properties":{"nombre":"Lorena Campestre","municipio":"MALAMBO","color":"#16a34a"},"geometry":{"type":"Polygon","coordinates":[[[-74.81246953183293,10.878384929894475],[-74.81119533154124,10.877100612758305],[-74.8110169934197,10.87776885191248],[-74.81072466029819,10.877550596712636],[-74.81034973516857,10.877732238109084],[-74.8098496817104,10.878934761700116],[-74.81142975990471,10.878748189985936],[-74.81152270752271,10.878335210137001],[-74.81227496308982,10.878623026093837],[-74.81246953183293,10.878384929894475]]]}},{"type":"Feature","properties":{"nombre":"Marquetalia","municipio":"MALAMBO","color":"#16a34a"},"geometry":{"type":"Polygon","coordinates":[[[-74.77312501826373,10.859614319428308],[-74.77236183654945,10.858804645735876],[-74.77184686282273,10.858701588717892],[-74.77179704397155,10.85956810481473],[-74.77223201791708,10.859599918012053],[-74.77210323089683,10.860569884446624],[-74.77287156349105,10.860863027683143],[-74.77312501826373,10.859614319428308]]]}},{"type":"Feature","properties":{"nombre":"Villa Lorena","municipio":"MALAMBO","color":"#16a34a"},"geometry":{"type":"Polygon","coordinates":[[[-74.81071134833151,10.879012700462631],[-74.8098496817104,10.878934761700116],[-74.81034248100748,10.877761828476386],[-74.80804298517654,10.877520555467449],[-74.80815824345028,10.87876009048081],[-74.80927267921211,10.87885368395633],[-74.80970073565094,10.879336018789711],[-74.81071134833151,10.879012700462631]]]}},{"type":"Feature","properties":{"nombre":"La Ribera","municipio":"MALAMBO","color":"#16a34a"},"geometry":{"type":"Polygon","coordinates":[[[-74.78243338629929,10.855139783231909],[-74.78165335968842,10.855716280710828],[-74.78087184359651,10.85468426398494],[-74.77896202215435,10.856278760855762],[-74.77861432390536,10.855971674070434],[-74.77806810688251,10.857200437226624],[-74.77835433953747,10.857521554616056],[-74.77990883199388,10.856679040399227],[-74.78023067819318,10.85765823396514],[-74.77934667307156,10.857628216840444],[-74.77883415856888,10.858641938382537],[-74.77888486806138,10.85942510807363],[-74.78007426134151,10.859279522776285],[-74.78034769399913,10.858468746296944],[-74.78036129473529,10.859223886242926],[-74.78097092062295,10.85934318268264],[-74.7814576,10.857641],[-74.78084184449989,10.857646123617691],[-74.78025625040279,10.856509568941352],[-74.78212784881195,10.85615167203177],[-74.78168758944636,10.855792718489939],[-74.78243338629929,10.855139783231909]]]}},{"type":"Feature","properties":{"nombre":"Villa Paraiso","municipio":"MALAMBO","color":"#16a34a"},"geometry":{"type":"Polygon","coordinates":[[[-74.78443725132196,10.857534122391858],[-74.78322868312004,10.85542454700674],[-74.78381534700709,10.854657987162831],[-74.78261066419232,10.854068129535023],[-74.78281404699338,10.853890381867073],[-74.78258157205588,10.854064658847038],[-74.78229434045852,10.853488217082216],[-74.78087705259173,10.854689474199253],[-74.78165335968842,10.855716280710828],[-74.78242658675495,10.855073480323542],[-74.78168758944636,10.855792718489939],[-74.78212784881195,10.85615167203177],[-74.7826859,10.8561164],[-74.7828088,10.8581986],[-74.7838341,10.8573928],[-74.78400624955563,10.857791315536884],[-74.78443725132196,10.857534122391858]]]}},{"type":"Feature","properties":{"nombre":"Maranatha","municipio":"MALAMBO","color":"#16a34a"},"geometry":{"type":"Polygon","coordinates":[[[-74.79804159490281,10.864692752526462],[-74.79628006537465,10.86449212981079],[-74.79602200940664,10.867126216780504],[-74.79643808751175,10.867036271824032],[-74.79652018752064,10.865650686533467],[-74.79694390839605,10.865687900541605],[-74.79743358052868,10.865221113460546],[-74.79792939219074,10.865397063775344],[-74.79804159490281,10.864692752526462]]]}},{"type":"Feature","properties":{"nombre":"Marquetalia I","municipio":"MALAMBO","color":"#16a34a"},"geometry":{"type":"Polygon","coordinates":[[[-74.77085783341951,10.861837430135463],[-74.77071560024169,10.86130730059698],[-74.7706467980241,10.861286820504699],[-74.77074800186065,10.861571420657128],[-74.77085783341951,10.861837430135463]]]}},{"type":"Feature","properties":{"nombre":"Barrio Centro","municipio":"MALAMBO","color":"#16a34a"},"geometry":{"type":"Polygon","coordinates":[[[-74.77529758179878,10.862946610941835],[-74.77476414904228,10.862800548931787],[-74.7750112771338,10.862072538563043],[-74.77439817885005,10.861842250507872],[-74.77453281067739,10.861458902136405],[-74.77286700078886,10.860908488933061],[-74.77234998962403,10.863252466303186],[-74.7749060328757,10.863912082988556],[-74.77529758179878,10.862946610941835]]]}},{"type":"Feature","properties":{"nombre":"Pasito","municipio":"MALAMBO","color":"#16a34a"},"geometry":{"type":"Polygon","coordinates":[[[-74.77754805323326,10.857218559464798],[-74.77574703358063,10.856496572757198],[-74.77465993248651,10.857573823539278],[-74.77213671337145,10.857247604254061],[-74.77214482130651,10.858055233767908],[-74.77250109927556,10.858348399040684],[-74.77184423352924,10.858351349820474],[-74.77184686282273,10.858701588717892],[-74.77236183654945,10.858804645735876],[-74.77274752538118,10.859503666839473],[-74.77310791897318,10.859591187378864],[-74.7731917671447,10.859078258094113],[-74.77414352528334,10.859330671184813],[-74.77425068824063,10.858900171915096],[-74.77565316157676,10.859376255929243],[-74.77671393046225,10.857610813667302],[-74.77754805323326,10.857218559464798]]]}},{"type":"Feature","properties":{"nombre":"Barrio Abajo","municipio":"MALAMBO","color":"#16a34a"},"geometry":{"type":"Polygon","coordinates":[[[-74.77287520935707,10.860946269015932],[-74.77210323089683,10.860569884446624],[-74.77135625152735,10.862543611844789],[-74.77094362656378,10.862022014558848],[-74.77055019337654,10.862567550378504],[-74.76983225009613,10.862516515695962],[-74.77071808859303,10.862701632599114],[-74.77119631180976,10.862462038724363],[-74.77206152338441,10.863874979989479],[-74.7718186135126,10.86316919519984],[-74.77233711860485,10.863301758123978],[-74.77287520935707,10.860946269015932]]]}},{"type":"Feature","properties":{"nombre":"Cristo Rey","municipio":"MALAMBO","color":"#16a34a"},"geometry":{"type":"Polygon","coordinates":[[[-74.79920610845345,10.848978940986623],[-74.79697636734558,10.848914331541097],[-74.79669842511113,10.847849125422991],[-74.79578054335265,10.848421304772478],[-74.79590867878859,10.848678148717777],[-74.7945437151055,10.849084584091893],[-74.79516433849597,10.850170326396581],[-74.79512826297942,10.850678975354022],[-74.79749431410356,10.850832156582483],[-74.79750063577069,10.849550983105578],[-74.79909909484806,10.849727076674348],[-74.79920610845345,10.848978940986623]]]}},{"type":"Feature","properties":{"nombre":"Pradito","municipio":"MALAMBO","color":"#16a34a"},"geometry":{"type":"Polygon","coordinates":[[[-74.77588565187874,10.859932050280896],[-74.77547824881961,10.85977259961426],[-74.77566311186615,10.859301097506055],[-74.77425068824063,10.858900171915096],[-74.77414352528334,10.859330671184813],[-74.7731917671447,10.859078258094113],[-74.77286700078886,10.860908488933061],[-74.77453281067739,10.861458902136405],[-74.77439817885005,10.861842250507872],[-74.7750112771338,10.862072538563043],[-74.77588565187874,10.859932050280896]]]}},{"type":"Feature","properties":{"nombre":"Ca\u00f1ahuate","municipio":"MALAMBO","color":"#16a34a"},"geometry":{"type":"Polygon","coordinates":[[[-74.78649332508684,10.855062268621577],[-74.78580465086928,10.854626981429618],[-74.78585548142732,10.854089440456518],[-74.7845737615138,10.855388277451787],[-74.78381622687675,10.85465718515813],[-74.78336185898546,10.855172314986335],[-74.78322868312004,10.85542454700674],[-74.78477164654521,10.857978036933341],[-74.78593209195596,10.857327657768256],[-74.7852823229386,10.856542321052585],[-74.78649332508684,10.855062268621577]]]}},{"type":"Feature","properties":{"nombre":"El Tesoro","municipio":"MALAMBO","color":"#16a34a"},"geometry":{"type":"Polygon","coordinates":[[[-74.77435661666983,10.84841831242323],[-74.77121489281109,10.847216249806674],[-74.77021695183244,10.846885999052358],[-74.77051684414823,10.850340903242508],[-74.7713136544289,10.850599729534396],[-74.77126210984993,10.84975594018438],[-74.77165255298131,10.84967447421132],[-74.7718342739559,10.848152024434462],[-74.77220937105339,10.848221607079566],[-74.77240073766569,10.84980674524997],[-74.7737693574901,10.850423451966877],[-74.77435661666983,10.84841831242323]]]}},{"type":"Feature","properties":{"nombre":"Ciudad Bel\u00e9n I","municipio":"MALAMBO","color":"#16a34a"},"geometry":{"type":"Polygon","coordinates":[[[-74.80630035449597,10.874796131719771],[-74.80433563303508,10.874029496793623],[-74.80298841563548,10.872924372733335],[-74.80192161056077,10.873051914290963],[-74.80226396499246,10.874989967292242],[-74.8042146320248,10.874897708957272],[-74.80449974957901,10.87576328530391],[-74.80509693227206,10.876119063578217],[-74.80598871755818,10.876231492432959],[-74.80591291413141,10.87557355808183],[-74.80630035449597,10.874796131719771]]]}},{"type":"Feature","properties":{"nombre":"Urbanizaci\u00f3n Lluvia de Oro","municipio":"MALAMBO","color":"#16a34a"},"geometry":{"type":"Polygon","coordinates":[[[-74.80594606689304,10.879788329707587],[-74.80583321381528,10.878616761849853],[-74.80401741125063,10.877351870863553],[-74.80395716532821,10.876172605681859],[-74.8023798847514,10.876314182354067],[-74.80265784052617,10.878208449993622],[-74.80312923488671,10.878772636783633],[-74.80421772632359,10.878608936812906],[-74.80433911581963,10.880025178583846],[-74.80594606689304,10.879788329707587]]]}},{"type":"Feature","properties":{"nombre":"Ciudad Caribe","municipio":"MALAMBO","color":"#16a34a"},"geometry":{"type":"Polygon","coordinates":[[[-74.80161226705857,10.880342841197752],[-74.80107297675318,10.876871024995197],[-74.80139015045556,10.876617592026426],[-74.80041785353599,10.87613081459917],[-74.79980036114847,10.87792302947666],[-74.8000242641126,10.878053089842439],[-74.79902379993517,10.8797857762265],[-74.80070638433905,10.881539100665275],[-74.80161226705857,10.880342841197752]]]}},{"type":"Feature","properties":{"nombre":"Miraflores","municipio":"MALAMBO","color":"#16a34a"},"geometry":{"type":"Polygon","coordinates":[[[-74.78165248014713,10.846335071536073],[-74.78097125661297,10.846027683060226],[-74.78137893206954,10.84494012642399],[-74.77631018321156,10.8433205433686],[-74.77619927222702,10.843517033102223],[-74.77479506541077,10.843116579383349],[-74.77460795156253,10.84358038988612],[-74.77490157297397,10.843690972291064],[-74.7744472932638,10.844811845932048],[-74.77580659680719,10.84535366999779],[-74.77543057208315,10.846301716491158],[-74.77560919734813,10.84665723592158],[-74.7759946,10.8468048],[-74.7764967,10.8455347],[-74.7779917346695,10.84609021282738],[-74.7783748931919,10.845178979498149],[-74.78005406271741,10.845823225485628],[-74.77932232405895,10.847801263169059],[-74.78077638056203,10.848343206431327],[-74.78165248014713,10.846335071536073]]]}},{"type":"Feature","properties":{"nombre":"Los Mangos - Manguitos","municipio":"MALAMBO","color":"#16a34a"},"geometry":{"type":"Polygon","coordinates":[[[-74.77539491341327,10.867094744739765],[-74.77388331046545,10.866583177987275],[-74.7749804012041,10.866912664550107],[-74.77506761327147,10.866654286887249],[-74.77386419384969,10.866188902779458],[-74.77432654814946,10.866209680200551],[-74.77390768757725,10.864449837477133],[-74.7749060328757,10.863912082988556],[-74.77182037149863,10.863167904960115],[-74.77206152338441,10.863874979989479],[-74.77119631180976,10.862462038724363],[-74.77071808859303,10.862701632599114],[-74.7694742178576,10.862473233054697],[-74.76980807592415,10.863098825622764],[-74.76919763305305,10.864010353847105],[-74.77105379553609,10.86412332237483],[-74.77118304111406,10.863582507967878],[-74.77145246617992,10.863622717622313],[-74.77083303724208,10.865018150820822],[-74.77088375441008,10.86591756175309],[-74.77207326088929,10.866041371626979],[-74.77216847036043,10.865660386424333],[-74.77204057002074,10.866696125711767],[-74.77319265581052,10.867052721357997],[-74.77314746056793,10.866677977615899],[-74.77531516640532,10.867365433536191],[-74.77539491341327,10.867094744739765]]]}},{"type":"Feature","properties":{"nombre":"Villa Esther","municipio":"MALAMBO","color":"#16a34a"},"geometry":{"type":"Polygon","coordinates":[[[-74.7791930339407,10.866250179026288],[-74.77895552966159,10.865767234945956],[-74.7774019241111,10.864841168101748],[-74.77688462704347,10.864912082859265],[-74.7764604845557,10.863503898457324],[-74.77390768757725,10.864449837477133],[-74.77432654814946,10.866209680200551],[-74.77386419384969,10.866188902779458],[-74.77506761327147,10.866654286887249],[-74.7749804012041,10.866912664550107],[-74.77388331046545,10.866583177987275],[-74.7749390820822,10.866996136280065],[-74.77551152894151,10.867117162621694],[-74.77536329261119,10.866044815670081],[-74.77589439551811,10.865986040173476],[-74.77606993795997,10.867095803746516],[-74.77715738935954,10.867270131093933],[-74.77895492622525,10.867111900977912],[-74.7791930339407,10.866250179026288]]]}},{"type":"Feature","properties":{"nombre":"Villa Concorde II","municipio":"MALAMBO","color":"#16a34a"},"geometry":{"type":"Polygon","coordinates":[[[-74.78173327419069,10.869551740448454],[-74.78115891862348,10.869435379514751],[-74.7809735674826,10.86898774974982],[-74.77800071994605,10.868385762652219],[-74.7772195727513,10.87015572187091],[-74.7779870192276,10.870470095810134],[-74.77783167926354,10.871249071129418],[-74.78066157667504,10.8717046016895],[-74.78115844465,10.869438999808802],[-74.78173327419069,10.869551740448454]]]}},{"type":"Feature","properties":{"nombre":"Los Cristales","municipio":"MALAMBO","color":"#16a34a"},"geometry":{"type":"Polygon","coordinates":[[[-74.8010160409037,10.849009531024949],[-74.8006171,10.8490174],[-74.7991481,10.8454667],[-74.79945240567402,10.845344067330531],[-74.79974242038313,10.844030213871473],[-74.79851420616997,10.843747904129463],[-74.79833906450551,10.844429147039364],[-74.79719601455879,10.844612575011451],[-74.79740652708796,10.843225536608603],[-74.79708936655913,10.843195161829597],[-74.797087406962,10.844552477823818],[-74.79673928092211,10.845493609224649],[-74.79604786211023,10.845781109887872],[-74.79670122989286,10.84708873345377],[-74.79631343281828,10.847273224883772],[-74.79697636734558,10.848914331541097],[-74.79920610845345,10.848978940986623],[-74.79916441397418,10.849624024010726],[-74.79940670997814,10.849665909242278],[-74.79968980471313,10.849639687754522],[-74.79970073556332,10.849171277420748],[-74.8010160409037,10.849009531024949]]]}},{"type":"Feature","properties":{"nombre":"Armon\u00eda Social","municipio":"MALAMBO","color":"#16a34a"},"geometry":{"type":"Polygon","coordinates":[[[-74.79151190062123,10.852143617266588],[-74.79144684075057,10.851375340566761],[-74.791445,10.8518064],[-74.79031795021487,10.850669208890558],[-74.78973446984132,10.850652081999016],[-74.78996933142179,10.850354928274763],[-74.7897457,10.8501764],[-74.79015510379944,10.849816678966686],[-74.7896979023465,10.849442498608353],[-74.79038172702982,10.849005528246034],[-74.78997588858415,10.848195869951326],[-74.79094204197848,10.8476707140496],[-74.78982004347768,10.847377816500389],[-74.78909356160571,10.849008153419636],[-74.78874468350708,10.848873638328644],[-74.78857684182887,10.849303025230713],[-74.78986431302364,10.849982979058353],[-74.78949975180088,10.850445366275707],[-74.78896818844918,10.849662920494783],[-74.78845277715254,10.850044287358882],[-74.78807217531886,10.84987327189131],[-74.78802928437639,10.850244956199509],[-74.78660085070948,10.851648836795182],[-74.78735477404585,10.852569852567974],[-74.7878065,10.8522841],[-74.7894156,10.8534996],[-74.7906758984481,10.85224353751962],[-74.79140308750632,10.852741575074281],[-74.79151190062123,10.852143617266588]]]}},{"type":"Feature","properties":{"nombre":"Barrio Colombia","municipio":"MALAMBO","color":"#16a34a"},"geometry":{"type":"Polygon","coordinates":[[[-74.77123878466682,10.855358244409224],[-74.7708594682882,10.85452817767771],[-74.76578098967347,10.854616633527145],[-74.7664218001211,10.85547202861657],[-74.76902639697052,10.85624715021846],[-74.77123878466682,10.855358244409224]]]}},{"type":"Feature","properties":{"nombre":"La Esperanza","municipio":"MALAMBO","color":"#16a34a"},"geometry":{"type":"Polygon","coordinates":[[[-74.78986431302364,10.849982979058353],[-74.78857684182887,10.849303025230713],[-74.78959225843488,10.84819788318252],[-74.78938918574758,10.848064626581873],[-74.78965244576196,10.847495086465011],[-74.78911195437152,10.847327143296269],[-74.789271480273,10.84703792446182],[-74.78896509344852,10.846954976769393],[-74.7886728368559,10.847343957275632],[-74.78828737082566,10.84722599024836],[-74.7868503,10.8494332],[-74.78510508282609,10.848582078602481],[-74.784387,10.8497826],[-74.78371656917746,10.849721042721265],[-74.7867582352448,10.853241584349764],[-74.78737931151942,10.852580169579488],[-74.78660085070948,10.851648836795182],[-74.78802928437639,10.850244956199509],[-74.78807217531886,10.84987327189131],[-74.78845277715254,10.850044287358882],[-74.78896818844918,10.849662920494783],[-74.78949975180088,10.850445366275707],[-74.78949422743918,10.850107642702335],[-74.78986431302364,10.849982979058353]]]}},{"type":"Feature","properties":{"nombre":"Barrio San Jorge","municipio":"MALAMBO","color":"#16a34a"},"geometry":{"type":"Polygon","coordinates":[[[-74.77721836267179,10.8567645591847],[-74.7759751429026,10.856303996694256],[-74.77705456182771,10.8551528496438],[-74.77599656980189,10.855191667303485],[-74.77632330390163,10.854278869891386],[-74.77515464161999,10.853889054274129],[-74.77446524319897,10.854585890333867],[-74.77357706772811,10.854806942652752],[-74.77226839434962,10.854466099234932],[-74.77112672263773,10.854671350855751],[-74.7714634287808,10.855619125256487],[-74.7714341269279,10.857324801963676],[-74.77465993248651,10.857573823539278],[-74.77574703358063,10.856496572757198],[-74.77694343466837,10.856966833197601],[-74.77721836267179,10.8567645591847]]]}},{"type":"Feature","properties":{"nombre":"Ciudad Caribe II","municipio":"MALAMBO","color":"#16a34a"},"geometry":{"type":"Polygon","coordinates":[[[-74.804961103696,10.884116990144753],[-74.80487128401818,10.88309350707448],[-74.80344820310226,10.883219072090965],[-74.80297937867095,10.880371369969206],[-74.80444731781294,10.880099177280213],[-74.80439956048653,10.879722232984568],[-74.80421772632359,10.878608936812906],[-74.80312923488671,10.878772636783633],[-74.80265784052617,10.878208449993622],[-74.80232816485257,10.875937139471938],[-74.80244114832448,10.877320460564757],[-74.80223620012656,10.876130747529997],[-74.8018852453489,10.87672750678966],[-74.80130549007168,10.876574548819379],[-74.80138966278284,10.876819438324405],[-74.80107297675318,10.876871024995197],[-74.80160497272934,10.880681327520309],[-74.80070638433905,10.881539100665275],[-74.8035863581697,10.88424036302815],[-74.804961103696,10.884116990144753]]]}},{"type":"Feature","properties":{"nombre":"Ciudad Bel\u00e9n II","municipio":"MALAMBO","color":"#16a34a"},"geometry":{"type":"Polygon","coordinates":[[[-74.80819457413473,10.877526108071788],[-74.80732270099466,10.877042686769604],[-74.80782562839984,10.875486114731169],[-74.80746923469185,10.875248864251432],[-74.80700983713422,10.875152580121988],[-74.80664705488147,10.876741652233427],[-74.80614363525967,10.876252171833723],[-74.80452747430897,10.875800737094012],[-74.8042146320248,10.874897708957272],[-74.80220759144667,10.87487330100271],[-74.8023798847514,10.876314182354067],[-74.80395716532821,10.876172605681859],[-74.80401741125063,10.877351870863553],[-74.80583321381528,10.878616761849853],[-74.80600761305227,10.879934120249537],[-74.8065073493,10.879814951366527],[-74.80613509050654,10.879613478064183],[-74.80802759810697,10.88040077852224],[-74.80815429123636,10.87866484159624],[-74.80791345793965,10.877891905467616],[-74.80819457413473,10.877526108071788]]]}},{"type":"Feature","properties":{"nombre":"Brinca y Pega","municipio":"MALAMBO","color":"#16a34a"},"geometry":{"type":"Polygon","coordinates":[[[-74.7753038578386,10.853937774446884],[-74.77509202859818,10.851170734896364],[-74.77240073766569,10.84980674524997],[-74.77220937105339,10.848221607079566],[-74.7718342739559,10.848152024434462],[-74.77165255298131,10.84967447421132],[-74.77126210984993,10.84975594018438],[-74.7713136544289,10.850599729534396],[-74.77049974762704,10.850338060715318],[-74.77111457523681,10.85464514319595],[-74.77226839434962,10.854466099234932],[-74.77357706772811,10.854806942652752],[-74.77446524319897,10.854585890333867],[-74.77491285140596,10.853944034412269],[-74.7753038578386,10.853937774446884]]]}},{"type":"Feature","properties":{"nombre":"Chupundum","municipio":"MALAMBO","color":"#16a34a"},"geometry":{"type":"Polygon","coordinates":[[[-74.78044130567872,10.848221361114101],[-74.77932232405895,10.847801263169059],[-74.78005406271741,10.845823225485628],[-74.7783748931919,10.845178979498149],[-74.7779917346695,10.84609021282738],[-74.77719617635866,10.845779610401628],[-74.77534451173307,10.850528602068385],[-74.77793157993919,10.851436794876998],[-74.77883756969209,10.849148954928864],[-74.77990733873992,10.84951372497638],[-74.78044130567872,10.848221361114101]]]}},{"type":"Feature","properties":{"nombre":"Mi H\u00e1bitat","municipio":"MALAMBO","color":"#16a34a"},"geometry":{"type":"Polygon","coordinates":[[[-74.78026250835039,10.863373860238571],[-74.77897020174488,10.862569293452367],[-74.7764604845557,10.863503898457324],[-74.77688462704347,10.864912082859265],[-74.7774019241111,10.864841168101748],[-74.77912983334342,10.865926722946641],[-74.77895492622525,10.867111900977912],[-74.77615357769952,10.867146218151973],[-74.77589439551811,10.865986040173476],[-74.77536329261119,10.866044815670081],[-74.77538114791614,10.867056120393565],[-74.77610071654578,10.86739301046111],[-74.777076510535,10.867330595339904],[-74.77701002273321,10.86763034103145],[-74.77882706647608,10.867825627638451],[-74.77930420660991,10.866168944712546],[-74.77995324052544,10.86518664800566],[-74.78026250835039,10.863373860238571]]]}},{"type":"Feature","properties":{"nombre":"Villa A\u00edda","municipio":"MALAMBO","color":"#16a34a"},"geometry":{"type":"Polygon","coordinates":[[[-74.78570878722209,10.847411389003677],[-74.78557259829667,10.846454942927148],[-74.78456,10.8461832],[-74.78499398440454,10.845614685970402],[-74.78349210082717,10.844912281114878],[-74.78371045300626,10.844142404462843],[-74.78251458610033,10.843745068315052],[-74.78229267639061,10.84430326800762],[-74.78168161233101,10.844006226560008],[-74.78184000203112,10.843551379928385],[-74.78103393701541,10.843334808504252],[-74.78048332976738,10.844630167992285],[-74.78137893206954,10.84494012642399],[-74.78097125661297,10.846027683060226],[-74.78165248014713,10.846335071536073],[-74.78081480583727,10.848368263800324],[-74.78238258868151,10.848960620244137],[-74.78275561481239,10.849555345731915],[-74.783622,10.8486866],[-74.78490398182726,10.849126370681203],[-74.78524240769126,10.848594261931856],[-74.7850132340959,10.848349555045461],[-74.78570878722209,10.847411389003677]]]}},{"type":"Feature","properties":{"nombre":"Bellavista","municipio":"MALAMBO","color":"#16a34a"},"geometry":{"type":"Polygon","coordinates":[[[-74.77077613068168,10.844288478136104],[-74.77043656270615,10.844273208363918],[-74.77038177280072,10.842100224053175],[-74.7681562719721,10.841292491164648],[-74.76585433979237,10.846799664858208],[-74.77023952408142,10.848570182534099],[-74.76994799147813,10.846286364253485],[-74.77043623673836,10.844318752755518],[-74.77077613068168,10.844288478136104]]]}},{"type":"Feature","properties":{"nombre":"El Concorde","municipio":"MALAMBO","color":"#16a34a"},"geometry":{"type":"Polygon","coordinates":[[[-74.78429504327455,10.873510589340214],[-74.78401399192597,10.873561170366179],[-74.7834744521648,10.874069193800375],[-74.78249022431363,10.87388090249945],[-74.78267882980087,10.872736089794964],[-74.78057174135634,10.872310901977308],[-74.7807071318294,10.87166170362556],[-74.77783167926354,10.871249071129418],[-74.7779870192276,10.870470095810134],[-74.77728700116481,10.870320806783647],[-74.77724117652359,10.87006872586049],[-74.77600741583794,10.869799242811586],[-74.7758098664884,10.870685439716658],[-74.77454694337163,10.870460691362377],[-74.77491567816932,10.870963922042641],[-74.77467513693674,10.872397267706607],[-74.77651073757664,10.872723290895111],[-74.77711485222493,10.872293175295477],[-74.77795171642381,10.872407110694338],[-74.77757664379166,10.874088106843965],[-74.77778693453706,10.87426224800346],[-74.77957793888555,10.874651621560686],[-74.77974590004625,10.87352341988785],[-74.78030654752828,10.873571924410212],[-74.78129793663267,10.873882127312216],[-74.78198861259668,10.875395066954447],[-74.78369973929884,10.875811641541896],[-74.78405721018264,10.873603053878952],[-74.78429504327455,10.873510589340214]]]}},{"type":"Feature","properties":{"nombre":"San Antonio","municipio":"MALAMBO","color":"#16a34a"},"geometry":{"type":"Polygon","coordinates":[[[-74.78234312992109,10.853438437969695],[-74.78062897500774,10.850649612667292],[-74.77957896524414,10.85042477385267],[-74.77906479937477,10.851994621447323],[-74.77535182870197,10.850505030260315],[-74.77509371229561,10.851201446057107],[-74.77534306756648,10.854021995479998],[-74.77632330390163,10.854278869891386],[-74.77599656980189,10.855191667303485],[-74.77705456182771,10.8551528496438],[-74.7759751429026,10.856303996694256],[-74.77808592755818,10.857085956780365],[-74.77861432390536,10.855971674070434],[-74.77896202215435,10.856278760855762],[-74.78234312992109,10.853438437969695]]]}},{"type":"Feature","properties":{"nombre":"Gladiador","municipio":"MALAMBO","color":"#16a34a"},"geometry":{"type":"Polygon","coordinates":[[[-74.7867582352448,10.853241584349764],[-74.78380882330701,10.849776469829974],[-74.7833401,10.8500447],[-74.78238258868151,10.848960620244137],[-74.78083962801895,10.848217137193293],[-74.78044130567872,10.848221361114101],[-74.77990733873992,10.84951372497638],[-74.77883756969209,10.849148954928864],[-74.77796281482922,10.851375570063045],[-74.77906479937477,10.851994621447323],[-74.77957896524414,10.85042477385267],[-74.78062897500774,10.850649612667292],[-74.78108347040781,10.85103770413959],[-74.78093490518064,10.85125855758794],[-74.78114911929472,10.851207475879935],[-74.78257282415922,10.854054466012299],[-74.78281404699338,10.853890381867073],[-74.78261066419232,10.854068129535023],[-74.78282951184366,10.854236490329175],[-74.7835638391738,10.854369905854623],[-74.7845737615138,10.855388277451787],[-74.7867582352448,10.853241584349764]]]}},{"type":"Feature","properties":{"nombre":"La Magdalena II","municipio":"MALAMBO","color":"#16a34a"},"geometry":{"type":"Polygon","coordinates":[[[-74.77107025770395,10.854476717039978],[-74.77050751051003,10.85185680926499],[-74.77041610231605,10.849710790965323],[-74.76962394515027,10.84972656852852],[-74.76962799184314,10.85047343169114],[-74.76654917211789,10.850538390028884],[-74.76647946747961,10.85266252888245],[-74.76692211310724,10.85265977219923],[-74.76694405153735,10.854398119040589],[-74.77107025770395,10.854476717039978]]]}},{"type":"Feature","properties":{"nombre":"Villa Concorde I","municipio":"MALAMBO","color":"#16a34a"},"geometry":{"type":"Polygon","coordinates":[[[-74.78695819348405,10.870068852973553],[-74.78438097008704,10.86940985640039],[-74.78432625438565,10.86971273735757],[-74.78334378944797,10.86979631674757],[-74.78342707009534,10.86912814745129],[-74.78215205827222,10.868872741724896],[-74.7823995130092,10.867893324553625],[-74.7815619941997,10.867452703293793],[-74.78212001819459,10.86763378003778],[-74.78246305021567,10.866087859800372],[-74.78099754669431,10.865159211970589],[-74.77997152706318,10.865091239316623],[-74.77930420660991,10.866168944712546],[-74.77905171267581,10.867495339346313],[-74.77865155986372,10.86784628633371],[-74.77854472348135,10.868478239865278],[-74.7809735674826,10.86898774974982],[-74.78115891862348,10.869435379514751],[-74.78173327419069,10.869551740448454],[-74.78115844465,10.869438999808802],[-74.78057174135634,10.872310901977308],[-74.78267882980087,10.872736089794964],[-74.78249022431363,10.87388090249945],[-74.7834744521648,10.874069193800375],[-74.78429085407306,10.873490785813098],[-74.78433205595974,10.873924651154343],[-74.78476793010519,10.871147844278324],[-74.78581058283955,10.871341765011984],[-74.78596089485976,10.870143184908814],[-74.78675010702919,10.870353462785749],[-74.78695819348405,10.870068852973553]]]}},{"type":"Feature","properties":{"nombre":"Ciudadela Real del Caribe","municipio":"MALAMBO","color":"#16a34a"},"geometry":{"type":"Polygon","coordinates":[[[-74.78770921077965,10.868432904842875],[-74.7865676252284,10.867660990430315],[-74.78688922341114,10.86661535319906],[-74.78511003352419,10.866061200397827],[-74.7856110944683,10.86479289179718],[-74.78593415943324,10.864914242799022],[-74.78653411997522,10.862885749633453],[-74.78491354249549,10.862623040036386],[-74.78474937219204,10.862950015788975],[-74.78484950683348,10.86263051280503],[-74.7843054425645,10.862538168568324],[-74.78433390534866,10.860920319693083],[-74.78270923539058,10.861123529071405],[-74.77901000398958,10.862582534912576],[-74.78026250835039,10.863373860238571],[-74.77997152706318,10.865091239316623],[-74.78114271754025,10.865216025453083],[-74.78244817597309,10.86606069546054],[-74.78212001819459,10.86763378003778],[-74.78156377999242,10.867480939860496],[-74.7823995130092,10.867893324553625],[-74.78215205827222,10.868872741724896],[-74.78342707009534,10.86912814745129],[-74.78334378944797,10.86979631674757],[-74.78432625438565,10.86971273735757],[-74.78438097008704,10.86940985640039],[-74.78693763636011,10.870051179652227],[-74.78680952086074,10.86911294271342],[-74.78741368724127,10.869213691030728],[-74.78770921077965,10.868432904842875]]]}},{"type":"Feature","properties":{"nombre":"Villa Spencer","municipio":"MALAMBO","color":"#16a34a"},"geometry":{"type":"Polygon","coordinates":[[[-74.77890432193958,10.867709312444065],[-74.77823643382769,10.867561361883055],[-74.77810768842933,10.867859494353155],[-74.77701002273321,10.86763034103145],[-74.777076510535,10.867330595339904],[-74.77610071654578,10.86739301046111],[-74.77538114791614,10.867056120393569],[-74.77531516640532,10.867365433536191],[-74.77314746056793,10.866677977615899],[-74.77319265581052,10.867052721357997],[-74.772061502552,10.86670452491225],[-74.77138300578356,10.869770711906009],[-74.77179192256308,10.869867138877755],[-74.7713953111436,10.869845072879102],[-74.77091552741078,10.871766179953887],[-74.77148259914391,10.868897206012042],[-74.77108204237706,10.86875930024551],[-74.77081018703144,10.869803161499496],[-74.76977587525121,10.86988714383506],[-74.76936965603413,10.870976793812485],[-74.76733895425629,10.870284643565684],[-74.76714347316162,10.87077418112941],[-74.76653228003974,10.870551716316001],[-74.7652605962805,10.871800669185124],[-74.76298721156864,10.870048007601508],[-74.76172126500059,10.871617334614204],[-74.76227054125687,10.872813406122663],[-74.76200213000475,10.87381420800553],[-74.75995223210941,10.874079509324437],[-74.759420971785,10.873811433158552],[-74.75895698958028,10.872981780014356],[-74.75868802184532,10.873189438151444],[-74.75970327139723,10.874223212201942],[-74.76190871765283,10.874361079969706],[-74.76118783286755,10.875814339847478],[-74.75944156554235,10.876060224603819],[-74.75912750747544,10.878169618251945],[-74.75959083970339,10.878832304193358],[-74.76001912867234,10.878874402756823],[-74.76015760996836,10.880085786505868],[-74.76245034265298,10.884200973229264],[-74.7645362,10.8836949],[-74.76930798890473,10.883798909228046],[-74.7698910631552,10.876399663091513],[-74.76884327362013,10.876218446877646],[-74.76789368587045,10.875940991787889],[-74.76774301358971,10.875881888645953],[-74.76749509904752,10.875760742155583],[-74.76988694363105,10.87628875588767],[-74.77009787765151,10.874487332649217],[-74.7707556999164,10.87252888307142],[-74.77398468231591,10.87332267974801],[-74.77440902378619,10.872435525719672],[-74.77470985478026,10.872402768832679],[-74.77491567816932,10.870963922042641],[-74.77454694337163,10.870460691362377],[-74.7758098664884,10.870685439716658],[-74.77600741583794,10.869799242811586],[-74.77724117652359,10.87006872586049],[-74.77794603417954,10.868431512699491],[-74.77854472348135,10.868478239865278],[-74.77890432193958,10.867709312444065]]]}},{"type":"Feature","properties":{"nombre":"Caracol\u00ed","municipio":"MALAMBO","color":"#16a34a"},"geometry":{"type":"Polygon","coordinates":[[[-74.8532467671521,10.861463333021812],[-74.85239240758368,10.860637380953282],[-74.8517556574679,10.861016070507448],[-74.84822546727418,10.859338579753999],[-74.84622230045642,10.861013748098221],[-74.84591047260419,10.86161893048201],[-74.84517699360008,10.861036800842164],[-74.84549841948245,10.860757247261947],[-74.8444308025385,10.860143896697458],[-74.84535957053086,10.858299009469311],[-74.84485198785582,10.858065414351055],[-74.84471521945778,10.857304314654886],[-74.84391178559684,10.85808973248267],[-74.84321337883225,10.85666778575641],[-74.84354380812026,10.855757886363477],[-74.84300461419437,10.855578920157459],[-74.84208391912163,10.855458454224769],[-74.8413495128292,10.857677693189855],[-74.83689094160474,10.854952283296535],[-74.83601704998806,10.8562348008749],[-74.83461095062009,10.855960699103525],[-74.83391598078614,10.855381557677427],[-74.83077291142695,10.855469175621106],[-74.83050894819037,10.854942580606386],[-74.8296671096462,10.854943028367511],[-74.82927829711365,10.855267388270338],[-74.82805049587273,10.855241460609403],[-74.8275037428798,10.856286966999571],[-74.82599829211304,10.857043834937619],[-74.82551496493201,10.85761450104825],[-74.82656025143604,10.862369085916555],[-74.82710801433137,10.862962914974181],[-74.83512472894513,10.863583687244025],[-74.83761161257642,10.864253797075555],[-74.83827685369364,10.86405866973008],[-74.8388340789077,10.863439081576033],[-74.84120959712301,10.864422877938654],[-74.84249801431908,10.862878067919647],[-74.84306070288415,10.863327353044374],[-74.84329315015931,10.862977520675502],[-74.84298293243293,10.863490358690923],[-74.84394810570491,10.864556942069768],[-74.84416451213,10.863833667725283],[-74.84448889500364,10.864292870441876],[-74.84497136636516,10.863659246253466],[-74.84626208256076,10.864303118452005],[-74.846504184839,10.865486934120408],[-74.84596881661179,10.865608339049583],[-74.84600663049574,10.86742408279735],[-74.8468510139693,10.8669558008308],[-74.84835741190766,10.86705104591609],[-74.84984599002051,10.866474366222857],[-74.84931352127938,10.86576640686918],[-74.84929676765333,10.863585729062716],[-74.84968223743606,10.862287496742473],[-74.85037573059147,10.861369814928533],[-74.8525072824876,10.862135631378324],[-74.8532467671521,10.861463333021812]]]}},{"type":"Feature","properties":{"nombre":"Malambito","municipio":"MALAMBO","color":"#16a34a"},"geometry":{"type":"Polygon","coordinates":[[[-74.77876795650438,10.833632733429532],[-74.77834804714695,10.829477437965817],[-74.77687997468232,10.829606189041089],[-74.77656927443743,10.828730172767132],[-74.7718978437475,10.829253737883572],[-74.77325149626137,10.833359934004628],[-74.77419733719563,10.833449990609976],[-74.77446257338178,10.833138816336172],[-74.77455711846677,10.833707504980685],[-74.77121412852667,10.833514921845278],[-74.7689733506002,10.828174953812942],[-74.7675485682038,10.827484003498066],[-74.76674489564235,10.827481912365752],[-74.76777369558434,10.829903880188114],[-74.76239738197546,10.82917668872774],[-74.76219314974426,10.831070462223002],[-74.76155464271805,10.831071140446971],[-74.7616204351503,10.831624648821322],[-74.76149624147772,10.83090424065291],[-74.75942128747181,10.830307525673176],[-74.75909776451597,10.832808962799056],[-74.75630366201119,10.835246913846985],[-74.75830490663841,10.836409314937864],[-74.75819084818512,10.840444037241335],[-74.75865301410516,10.841009380862735],[-74.75862295899688,10.841794473330037],[-74.76647663497803,10.83962974696438],[-74.77048280163011,10.84148558243903],[-74.77619927222702,10.843517033102223],[-74.77495497713704,10.84279127750432],[-74.77375559014837,10.84252393177147],[-74.774088114008,10.841251122113853],[-74.77723394751708,10.841547626260578],[-74.7776808730477,10.840358288439514],[-74.77477950804747,10.840036511344477],[-74.77452360196409,10.8373560533366],[-74.77461381159323,10.83661884314527],[-74.7764719227388,10.836646465837415],[-74.77669105955192,10.835729967249103],[-74.77341298464499,10.835307623646854],[-74.77354176659713,10.834703354921677],[-74.77498850643214,10.834702493674982],[-74.77497174671227,10.833814602503043],[-74.77848136256553,10.833986096658172],[-74.77815020304888,10.83183989279734],[-74.7778079803662,10.831394443129863],[-74.77826051843988,10.831983435044297],[-74.77856123392978,10.833989483003833],[-74.77876795650438,10.833632733429532]]]}},{"type":"Feature","properties":{"nombre":"Villa Alejandra","municipio":"MALAMBO","color":"#16a34a"},"geometry":{"type":"Polygon","coordinates":[[[-74.79790388262033,10.865281510656514],[-74.79652018752064,10.865650686533467],[-74.79641671333206,10.867040262000346],[-74.79771876687388,10.866766371527271],[-74.79790388262033,10.865281510656514]]]}},{"type":"Feature","properties":{"nombre":"Las Palmeras","municipio":"BARRANQUILLA","color":"#1d4ed8"},"geometry":{"type":"Polygon","coordinates":[[[-74.7911154664074,10.934941390663768],[-74.7904998021414,10.933648702668027],[-74.78919421565395,10.933888471330194],[-74.78835589581792,10.933648084665903],[-74.78206180695877,10.937570061812304],[-74.78221973860461,10.93811258492599],[-74.78611622180223,10.935974627149442],[-74.78763420330469,10.935901511545996],[-74.7911154664074,10.934941390663768]]]}},{"type":"Feature","properties":{"nombre":"Bella Arena","municipio":"BARRANQUILLA","color":"#1d4ed8"},"geometry":{"type":"Polygon","coordinates":[[[-74.79794668099998,10.932912170000009],[-74.79780204393329,10.931086345740956],[-74.79475462525205,10.930997266121649],[-74.79434355617111,10.93210209388462],[-74.794743752155,10.932196159382125],[-74.79367874530251,10.934890835868213],[-74.79489774973001,10.934774170408566],[-74.79469311239342,10.933709169229386],[-74.79794668099998,10.932912170000009]]]}},{"type":"Feature","properties":{"nombre":"Villa San Carlos II","municipio":"BARRANQUILLA","color":"#1d4ed8"},"geometry":{"type":"Polygon","coordinates":[[[-74.84120719999999,10.969488418000026],[-74.84063056499997,10.968762713000046],[-74.83947852899996,10.969625704999999],[-74.840147865,10.970400373000018],[-74.84120719999999,10.969488418000026]]]}},{"type":"Feature","properties":{"nombre":"Bernardo Hoyos","municipio":"BARRANQUILLA","color":"#1d4ed8"},"geometry":{"type":"Polygon","coordinates":[[[-74.84265774899995,10.970863460000032],[-74.84120719999999,10.969488418000026],[-74.840147865,10.970400373000018],[-74.841545209,10.97187894800004],[-74.84265774899995,10.970863460000032]]]}},{"type":"Feature","properties":{"nombre":"Villa Flor","municipio":"BARRANQUILLA","color":"#1d4ed8"},"geometry":{"type":"Polygon","coordinates":[[[-74.829507551,10.947847237000019],[-74.82800195099998,10.947079994000035],[-74.82617766799996,10.948251757000037],[-74.82654536899997,10.949054138999998],[-74.828342196,10.948544833000028],[-74.829507551,10.947847237000019]]]}},{"type":"Feature","properties":{"nombre":"Las Dunas","municipio":"BARRANQUILLA","color":"#1d4ed8"},"geometry":{"type":"Polygon","coordinates":[[[-74.79324549,10.938621280000007],[-74.79295396999999,10.936463871],[-74.79224318600001,10.938025629000037],[-74.79170017199999,10.938097973000026],[-74.79106070799997,10.937592492000022],[-74.79020008199996,10.939046366000014],[-74.79324549,10.938621280000007]]]}},{"type":"Feature","properties":{"nombre":"Los Laureles","municipio":"BARRANQUILLA","color":"#1d4ed8"},"geometry":{"type":"Polygon","coordinates":[[[-74.79269167399997,10.931797945000028],[-74.79211197799998,10.931689163000044],[-74.79217184099997,10.931224868000015],[-74.791516774,10.931709885000032],[-74.79119804099997,10.932815868000034],[-74.79049979799998,10.933648700000049],[-74.79111546600001,10.934941390000006],[-74.791648248,10.934858457000018],[-74.79269167399997,10.931797945000028]]]}},{"type":"Feature","properties":{"nombre":"La Libertad","municipio":"BARRANQUILLA","color":"#1d4ed8"},"geometry":{"type":"Polygon","coordinates":[[[-74.81984849099996,10.976708814000006],[-74.81904270499996,10.976381206000042],[-74.81603385399995,10.976547943000014],[-74.81374994999999,10.975668878000022],[-74.81323977699998,10.975670886000046],[-74.81313578999999,10.976158651000048],[-74.81466212799995,10.976459551000005],[-74.81589437499997,10.977156114000024],[-74.81972815799998,10.977081537000004],[-74.81984849099996,10.976708814000006]]]}},{"type":"Feature","properties":{"nombre":"Lim\u00f3n","municipio":"BARRANQUILLA","color":"#1d4ed8"},"geometry":{"type":"Polygon","coordinates":[[[-74.788960868,10.941401360000043],[-74.78654933999997,10.941322315000036],[-74.78664935899997,10.941003415000012],[-74.785728683,10.941134090000048],[-74.78621527199999,10.943105388000049],[-74.78870211499998,10.942344290000051],[-74.788960868,10.941401360000043]]]}},{"type":"Feature","properties":{"nombre":"San Marino","municipio":"BARRANQUILLA","color":"#1d4ed8"},"geometry":{"type":"Polygon","coordinates":[[[-74.80928196299999,11.02436818000001],[-74.80840659699999,11.023926474000007],[-74.80880211499999,11.023411272000033],[-74.80764817400001,11.022984853000025],[-74.80721581899996,11.023359905000007],[-74.80662161199996,11.025251621000052],[-74.806775104,11.02550265900004],[-74.80788269699997,11.025238174000037],[-74.80907488999998,11.025426926000023],[-74.80928196299999,11.02436818000001]]]}},{"type":"Feature","properties":{"nombre":"La Florida","municipio":"BARRANQUILLA","color":"#1d4ed8"},"geometry":{"type":"Polygon","coordinates":[[[-74.82204125999999,10.985600698000042],[-74.82157040799996,10.98455708900002],[-74.82095824699996,10.984089134000044],[-74.819151659,10.985191081000039],[-74.82001232599998,10.98691700400002],[-74.82204125999999,10.985600698000042]]]}},{"type":"Feature","properties":{"nombre":"Solaire Norte","municipio":"BARRANQUILLA","color":"#1d4ed8"},"geometry":{"type":"Polygon","coordinates":[[[-74.81129530099997,11.015526437000005],[-74.81096948199996,11.014422528000011],[-74.810002881,11.013106528000037],[-74.808692823,11.015733387000012],[-74.81101107,11.016303183000048],[-74.81129530099997,11.015526437000005]]]}},{"type":"Feature","properties":{"nombre":"San Pedro","municipio":"BARRANQUILLA","color":"#1d4ed8"},"geometry":{"type":"Polygon","coordinates":[[[-74.82939349699996,10.945441169000048],[-74.828999044,10.943720181000003],[-74.82750637099997,10.944021968000015],[-74.827030815,10.946254017000001],[-74.82741142699996,10.946810385000049],[-74.828391114,10.947185231000049],[-74.828413006,10.94544234600005],[-74.82939349699996,10.945441169000048]]]}},{"type":"Feature","properties":{"nombre":"Villa del Este","municipio":"BARRANQUILLA","color":"#1d4ed8"},"geometry":{"type":"Polygon","coordinates":[[[-74.81307801499997,11.012958999000034],[-74.81078643000001,11.011893283000006],[-74.81029081499997,11.012495745000024],[-74.810002881,11.013106528000037],[-74.81096948199996,11.014422528000011],[-74.81129530099997,11.015526437000005],[-74.81307801499997,11.012958999000034]]]}},{"type":"Feature","properties":{"nombre":"El Ed\u00e9n 2000","municipio":"BARRANQUILLA","color":"#1d4ed8"},"geometry":{"type":"Polygon","coordinates":[[[-74.829070204,10.980014521000044],[-74.82780895899998,10.978839806000053],[-74.82620476299996,10.979705678000016],[-74.82682126199995,10.982561152000017],[-74.829070204,10.980014521000044]]]}},{"type":"Feature","properties":{"nombre":"La Floresta","municipio":"BARRANQUILLA","color":"#1d4ed8"},"geometry":{"type":"Polygon","coordinates":[[[-74.81132848799996,11.022232427000006],[-74.81029557299996,11.021363236000013],[-74.80988584400001,11.022129879000033],[-74.80886700399998,11.021760835999999],[-74.807902001,11.022388050000018],[-74.80805427199999,11.022633144000054],[-74.80764817400001,11.022984853000025],[-74.80880211499999,11.023411272000033],[-74.80840659699999,11.023926474000007],[-74.80928196299999,11.02436818000001],[-74.810427731,11.023163845],[-74.81088240999998,11.022877790000052],[-74.81111399999998,11.023045327000034],[-74.81132848799996,11.022232427000006]]]}},{"type":"Feature","properties":{"nombre":"Am\u00e9rica","municipio":"BARRANQUILLA","color":"#1d4ed8"},"geometry":{"type":"Polygon","coordinates":[[[-74.80886829099995,10.99603455800002],[-74.80778654699998,10.995445178000011],[-74.80556045699996,10.998187459000007],[-74.80736908199998,10.998939176000022],[-74.80886829099995,10.99603455800002]]]}},{"type":"Feature","properties":{"nombre":"Mercedes Sur","municipio":"BARRANQUILLA","color":"#1d4ed8"},"geometry":{"type":"Polygon","coordinates":[[[-74.818377409,10.982803084000011],[-74.81704984999999,10.982070829999998],[-74.81671428099997,10.985152984000024],[-74.81620712399996,10.986586511000041],[-74.81824429599999,10.987144716000046],[-74.81776989999997,10.983866380000052],[-74.818377409,10.982803084000011]]]}},{"type":"Feature","properties":{"nombre":"La Gloria","municipio":"BARRANQUILLA","color":"#1d4ed8"},"geometry":{"type":"Polygon","coordinates":[[[-74.83160193499998,10.949260608000031],[-74.829507551,10.947847237000019],[-74.828342196,10.948544833000028],[-74.82654536899997,10.949054138999998],[-74.82818854199996,10.94966891200005],[-74.82955580799995,10.949459184000034],[-74.83052823899999,10.950702630000023],[-74.83125554599997,10.951014835000024],[-74.831582787,10.950704540000004],[-74.83160193499998,10.949260608000031]]]}},{"type":"Feature","properties":{"nombre":"Las Colinas","municipio":"BARRANQUILLA","color":"#1d4ed8"},"geometry":{"type":"Polygon","coordinates":[[[-74.82001232599998,10.98691700400002],[-74.81865406499998,10.984464684000045],[-74.81987631499999,10.982434061000049],[-74.819056343,10.982032812],[-74.817777562,10.983740946000012],[-74.81824429599999,10.987144716000046],[-74.81923823099999,10.987303224000016],[-74.82001232599998,10.98691700400002]]]}},{"type":"Feature","properties":{"nombre":"El Ed\u00e9n I","municipio":"BARRANQUILLA","color":"#1d4ed8"},"geometry":{"type":"Polygon","coordinates":[[[-74.836307159,10.974522935000039],[-74.83123251299997,10.976277743000026],[-74.83171610099998,10.977679754000008],[-74.833233683,10.977428860000032],[-74.835304528,10.975883089000035],[-74.83617076799999,10.975742417000049],[-74.836307159,10.974522935000039]]]}},{"type":"Feature","properties":{"nombre":"Loma Fresca","municipio":"BARRANQUILLA","color":"#1d4ed8"},"geometry":{"type":"Polygon","coordinates":[[[-74.796831355,10.972347524000043],[-74.793248446,10.970891732000041],[-74.79198650399996,10.974250519999998],[-74.79266102499997,10.974034463999999],[-74.796831355,10.972347524000043]]]}},{"type":"Feature","properties":{"nombre":"El Romance","municipio":"BARRANQUILLA","color":"#1d4ed8"},"geometry":{"type":"Polygon","coordinates":[[[-74.826543093,10.949053891000005],[-74.82472750099998,10.944681649000017],[-74.82306396999996,10.945231579000051],[-74.82428009899996,10.948492602000044],[-74.826543093,10.949053891000005]]]}},{"type":"Feature","properties":{"nombre":"California","municipio":"BARRANQUILLA","color":"#1d4ed8"},"geometry":{"type":"Polygon","coordinates":[[[-74.82800195099998,10.947079994000035],[-74.827030815,10.946254017000001],[-74.82750637099997,10.944021968000015],[-74.82472750099998,10.944681649000017],[-74.82617766799996,10.948251757000037],[-74.82800195099998,10.947079994000035]]]}},{"type":"Feature","properties":{"nombre":"Kalamary","municipio":"BARRANQUILLA","color":"#1d4ed8"},"geometry":{"type":"Polygon","coordinates":[[[-74.83171610099998,10.977679754000008],[-74.83123251299997,10.976277743000026],[-74.82579626,10.978489136000007],[-74.82620476299996,10.979705678000016],[-74.82649080499999,10.979681639000034],[-74.82920901899996,10.978219866000018],[-74.83171610099998,10.977679754000008]]]}},{"type":"Feature","properties":{"nombre":"Las Mercedes","municipio":"BARRANQUILLA","color":"#1d4ed8"},"geometry":{"type":"Polygon","coordinates":[[[-74.81770233599997,10.987002624000013],[-74.81620712399996,10.986586511000041],[-74.81583277599998,10.987523635000002],[-74.814621295,10.988853935999998],[-74.81342285599999,10.991640813000004],[-74.815863358,10.990249944000027],[-74.81551628199998,10.989669244000027],[-74.81738673899997,10.987916308000024],[-74.81770233599997,10.987002624000013]]]}},{"type":"Feature","properties":{"nombre":"Los \u00c1ngeles I","municipio":"BARRANQUILLA","color":"#1d4ed8"},"geometry":{"type":"Polygon","coordinates":[[[-74.84447010399998,10.973603764000018],[-74.84410604199996,10.971058749000008],[-74.84375378499999,10.970620832999998],[-74.84393217399997,10.97046556600003],[-74.84312512899999,10.969417700999998],[-74.84112259299997,10.969408213999998],[-74.84265774899995,10.970863460000032],[-74.841545209,10.97187894800004],[-74.84401692999995,10.974095259000023],[-74.84447010399998,10.973603764000018]]]}},{"type":"Feature","properties":{"nombre":"Los Jobos","municipio":"BARRANQUILLA","color":"#1d4ed8"},"geometry":{"type":"Polygon","coordinates":[[[-74.82107058999998,10.988499915000034],[-74.82001232599998,10.98691700400002],[-74.81923823099999,10.987303224000016],[-74.81770233599997,10.987002624000013],[-74.81738673899997,10.987916308000024],[-74.81551628199998,10.989669244000027],[-74.81591402599997,10.99033472100001],[-74.816707167,10.989750126000047],[-74.81690779599995,10.989964827000051],[-74.81830123399999,10.989251241000034],[-74.82022724199999,10.988869485999999],[-74.82028495599997,10.988530829000013],[-74.82107058999998,10.988499915000034]]]}},{"type":"Feature","properties":{"nombre":"Santa M\u00f3nica","municipio":"BARRANQUILLA","color":"#1d4ed8"},"geometry":{"type":"Polygon","coordinates":[[[-74.82385352299997,11.008836016000032],[-74.82216086299997,11.008041819000027],[-74.81996467299996,11.011017584000001],[-74.822058605,11.012228973000049],[-74.82385352299997,11.008836016000032]]]}},{"type":"Feature","properties":{"nombre":"Barlovento","municipio":"BARRANQUILLA","color":"#1d4ed8"},"geometry":{"type":"Polygon","coordinates":[[[-74.77922891899999,10.989750627000035],[-74.77780176299996,10.988281082000015],[-74.776177593,10.985559819000002],[-74.77550104699998,10.98547099700005],[-74.77511007499999,10.986325695000005],[-74.77719037999998,10.990687703000049],[-74.77922891899999,10.989750627000035]]]}},{"type":"Feature","properties":{"nombre":"El Golfo","municipio":"BARRANQUILLA","color":"#1d4ed8"},"geometry":{"type":"Polygon","coordinates":[[[-74.84648675099999,10.975017679000018],[-74.84447010399998,10.973603764000018],[-74.84401692999995,10.974095259000023],[-74.84255918999997,10.972871437000038],[-74.84036791699998,10.975042127000052],[-74.84088817499998,10.975635144000023],[-74.842500336,10.975411391000023],[-74.84479220699995,10.975795061000042],[-74.84648675099999,10.975017679000018]]]}},{"type":"Feature","properties":{"nombre":"Pasadena","municipio":"BARRANQUILLA","color":"#1d4ed8"},"geometry":{"type":"Polygon","coordinates":[[[-74.77348321803065,10.94833062099942],[-74.77291530268134,10.946892300041345],[-74.77082654325513,10.94428113135532],[-74.76981976568027,10.944567874511975],[-74.76939832310538,10.94527613931746],[-74.76850725163861,10.945285424148251],[-74.76875336698183,10.948614049927826],[-74.77348321803065,10.94833062099942]]]}},{"type":"Feature","properties":{"nombre":"Los \u00c1ngeles III","municipio":"BARRANQUILLA","color":"#1d4ed8"},"geometry":{"type":"Polygon","coordinates":[[[-74.84341816599999,10.96236929600002],[-74.84138733599997,10.962306019000039],[-74.839736432,10.963214911000023],[-74.83871661199998,10.964236394000011],[-74.84208601899996,10.96491402700002],[-74.84320079399998,10.96597756600005],[-74.84341816599999,10.96236929600002]]]}},{"type":"Feature","properties":{"nombre":"Las Cayenas","municipio":"BARRANQUILLA","color":"#1d4ed8"},"geometry":{"type":"Polygon","coordinates":[[[-74.81214331289075,10.922961028800984],[-74.80957256651664,10.922887232424499],[-74.80838191519658,10.923381271515206],[-74.80836053040136,10.922950628287733],[-74.80838189717056,10.923381287167542],[-74.80758830533966,10.922991019719788],[-74.80686024699997,10.923029100999997],[-74.80694702599999,10.924501905],[-74.80957404499998,10.925376658000005],[-74.810624657,10.925394570000037],[-74.81148811099996,10.925052342000015],[-74.81214331289075,10.922961028800984]]]}},{"type":"Feature","properties":{"nombre":"San Pedro Alejandrino","municipio":"BARRANQUILLA","color":"#1d4ed8"},"geometry":{"type":"Polygon","coordinates":[[[-74.834709783,10.95182859700003],[-74.83360874199997,10.947997513000018],[-74.83346935899999,10.945714287000044],[-74.83325428999996,10.945715965000034],[-74.83283928899999,10.94586266500005],[-74.83175442999999,10.948663427000042],[-74.83145085899997,10.950508396000032],[-74.834709783,10.95182859700003]]]}},{"type":"Feature","properties":{"nombre":"Siape","municipio":"BARRANQUILLA","color":"#1d4ed8"},"geometry":{"type":"Polygon","coordinates":[[[-74.804128763,11.026684111000009],[-74.80204385299999,11.024386898000046],[-74.80126799499999,11.025130327],[-74.80042052199997,11.02814831400002],[-74.80205222699999,11.029703227000027],[-74.80283973399997,11.028917528000022],[-74.802160131,11.028319268000018],[-74.804128763,11.026684111000009]]]}},{"type":"Feature","properties":{"nombre":"Villas de San Pablo","municipio":"BARRANQUILLA","color":"#1d4ed8"},"geometry":{"type":"Polygon","coordinates":[[[-74.86732064699999,10.958726189000004],[-74.86680738899997,10.956039771000007],[-74.86613672499999,10.955984387],[-74.86432342399996,10.957882340000026],[-74.861959909,10.95798350800004],[-74.861305249,10.958740656000032],[-74.862670546,10.95994040200003],[-74.86414236899998,10.95828384400005],[-74.86604578800001,10.959944765000046],[-74.86732064699999,10.958726189000004]]]}},{"type":"Feature","properties":{"nombre":"7 de agosto","municipio":"BARRANQUILLA","color":"#1d4ed8"},"geometry":{"type":"Polygon","coordinates":[[[-74.83357367599996,10.960792889000004],[-74.83291345199996,10.960231146000012],[-74.83134521599999,10.959788489000005],[-74.82982658899999,10.960308063000014],[-74.82948703099999,10.959781994000025],[-74.82798064399998,10.960398618],[-74.82837011699996,10.962083231000008],[-74.82980284199999,10.962045128],[-74.83034376699999,10.962726502999999],[-74.83132241199996,10.962112742000045],[-74.83308131899997,10.962122863000047],[-74.83357367599996,10.960792889000004]]]}},{"type":"Feature","properties":{"nombre":"Altamira","municipio":"BARRANQUILLA","color":"#1d4ed8"},"geometry":{"type":"Polygon","coordinates":[[[-74.82526311999999,11.003883575000032],[-74.82448167499996,11.003527457000018],[-74.82460891099998,11.00309833],[-74.82362921499998,11.003131445999998],[-74.82227977299999,11.00601892200001],[-74.82153171299996,11.005673106000017],[-74.820713206,11.007364855000048],[-74.82324197399998,11.008547657999998],[-74.82526311999999,11.003883575000032]]]}},{"type":"Feature","properties":{"nombre":"Ciudadela de la salud","municipio":"BARRANQUILLA","color":"#1d4ed8"},"geometry":{"type":"Polygon","coordinates":[[[-74.80140764099997,10.968395089000012],[-74.80025444299997,10.96819605600001],[-74.79874862899999,10.970454390000043],[-74.796831355,10.972347524000043],[-74.80118145699998,10.972698433000005],[-74.80140764099997,10.968395089000012]]]}},{"type":"Feature","properties":{"nombre":"Villa Blanca","municipio":"BARRANQUILLA","color":"#1d4ed8"},"geometry":{"type":"Polygon","coordinates":[[[-74.79922443432952,10.938305535001438],[-74.79918519049362,10.930056167255911],[-74.79754890087426,10.9299011941008],[-74.79745051590257,10.930846964275341],[-74.79716352962915,10.93096676010003],[-74.79780204393329,10.931086345740956],[-74.79794668132803,10.932912170564974],[-74.79469311239342,10.933709169229386],[-74.79511821116712,10.93566306194506],[-74.79678690599997,10.935116705000041],[-74.79883161499998,10.935524530999999],[-74.7976946734236,10.937854618479493],[-74.79922443432952,10.938305535001438]]]}},{"type":"Feature","properties":{"nombre":"Villa San Carlos","municipio":"BARRANQUILLA","color":"#1d4ed8"},"geometry":{"type":"Polygon","coordinates":[[[-74.83435575599998,10.935973065000042],[-74.83438009999998,10.934840526000016],[-74.83183992899995,10.93359764400003],[-74.830152725,10.933089099000028],[-74.827804448,10.93326812700002],[-74.82785100399997,10.934586859000035],[-74.82859525499998,10.934796868000035],[-74.82863997799996,10.934520117000034],[-74.829315312,10.934753497000031],[-74.82939609900001,10.935132268000018],[-74.830299567,10.93533965100005],[-74.83062287299998,10.936416690000044],[-74.83076121599998,10.93547974300003],[-74.83133482699998,10.935365433000015],[-74.83435575599998,10.935973065000042]]]}},{"type":"Feature","properties":{"nombre":"Las Tres Avemar\u00edas","municipio":"BARRANQUILLA","color":"#1d4ed8"},"geometry":{"type":"Polygon","coordinates":[[[-74.81029557299996,11.021363236000013],[-74.808603189,11.019685718000005],[-74.80923739099995,11.019284056000004],[-74.80805055399998,11.018973253000013],[-74.80752653799999,11.01895193200005],[-74.80610598299995,11.02028389100002],[-74.805841945,11.01989357900004],[-74.805065689,11.020963553000001],[-74.80721581899996,11.023359905000007],[-74.80805427199999,11.022633144000054],[-74.807902001,11.022388050000018],[-74.80886700399998,11.021760835999999],[-74.80988584400001,11.022129879000033],[-74.81029557299996,11.021363236000013]]]}},{"type":"Feature","properties":{"nombre":"Los Continentes","municipio":"BARRANQUILLA","color":"#1d4ed8"},"geometry":{"type":"Polygon","coordinates":[[[-74.80706775799996,10.952360049000049],[-74.80410086799998,10.95039685300003],[-74.80475243000001,10.949504219000005],[-74.80372859899995,10.948933647000047],[-74.803565736,10.94830865900002],[-74.80168545699996,10.951517866000017],[-74.80516901199996,10.953561592000028],[-74.80553909999998,10.953121310000029],[-74.80604593799995,10.953448571000024],[-74.80706775799996,10.952360049000049]]]}},{"type":"Feature","properties":{"nombre":"Los Pinos","municipio":"BARRANQUILLA","color":"#1d4ed8"},"geometry":{"type":"Polygon","coordinates":[[[-74.80118145699998,10.972698433000005],[-74.79757403099995,10.972489381000003],[-74.79735291599997,10.97653701300004],[-74.79865461399999,10.976327002000005],[-74.79931274999996,10.976550282000005],[-74.79983814299999,10.975552207000021],[-74.80077160599996,10.975209363000033],[-74.80118145699998,10.972698433000005]]]}},{"type":"Feature","properties":{"nombre":"El Limoncito","municipio":"BARRANQUILLA","color":"#1d4ed8"},"geometry":{"type":"Polygon","coordinates":[[[-74.81340859199997,11.01773683500005],[-74.81288948999998,11.016661375000012],[-74.811796733,11.01793555200004],[-74.81085794799998,11.016882125000052],[-74.80966656199996,11.018799498000021],[-74.808603189,11.019685718000005],[-74.81132848799996,11.022232427000006],[-74.81340859199997,11.01773683500005]]]}},{"type":"Feature","properties":{"nombre":"Santodomingo","municipio":"BARRANQUILLA","color":"#1d4ed8"},"geometry":{"type":"Polygon","coordinates":[[[-74.80394344799998,10.975661288000026],[-74.80090844799997,10.975205923000033],[-74.79905958699999,10.97833263900003],[-74.799684684,10.97864465400005],[-74.799357725,10.979216554000004],[-74.80093485399999,10.979896665000012],[-74.801213916,10.979359222000028],[-74.801861928,10.979609236000044],[-74.80394344799998,10.975661288000026]]]}},{"type":"Feature","properties":{"nombre":"Los Trupillos","municipio":"BARRANQUILLA","color":"#1d4ed8"},"geometry":{"type":"Polygon","coordinates":[[[-74.785965981,10.956700817000012],[-74.78305491099997,10.956298132000029],[-74.78175313599996,10.96012128700005],[-74.78188137999996,10.96087908200002],[-74.783252398,10.961255360000052],[-74.784445603,10.960967676000053],[-74.785965981,10.956700817000012]]]}},{"type":"Feature","properties":{"nombre":"Los Girasoles","municipio":"BARRANQUILLA","color":"#1d4ed8"},"geometry":{"type":"Polygon","coordinates":[[[-74.80784956499997,10.926238239000043],[-74.80705601699998,10.925138713000024],[-74.80686024699997,10.923029100999997],[-74.80268007899997,10.92324768200001],[-74.80269224299997,10.926080111000033],[-74.80503190799999,10.926134160000004],[-74.80503490899997,10.926400261000026],[-74.80784956499997,10.926238239000043]]]}},{"type":"Feature","properties":{"nombre":"Atl\u00e1ntico","municipio":"BARRANQUILLA","color":"#1d4ed8"},"geometry":{"type":"Polygon","coordinates":[[[-74.79050383999999,10.968037321000054],[-74.78804973399997,10.967302391000032],[-74.78660685899996,10.967612810000048],[-74.78551741299998,10.969308587],[-74.787527216,10.970045577000008],[-74.78702201199997,10.971122868000009],[-74.78936124999996,10.971986432000051],[-74.79050383999999,10.968037321000054]]]}},{"type":"Feature","properties":{"nombre":"San Nicol\u00e1s","municipio":"BARRANQUILLA","color":"#1d4ed8"},"geometry":{"type":"Polygon","coordinates":[[[-74.79885992499999,10.93559988000004],[-74.79678690599997,10.935116705000041],[-74.792931533,10.936310201000026],[-74.79324549,10.938621280000007],[-74.79756222399999,10.938028879],[-74.79885992499999,10.93559988000004]]]}},{"type":"Feature","properties":{"nombre":"El Campito","municipio":"BARRANQUILLA","color":"#1d4ed8"},"geometry":{"type":"Polygon","coordinates":[[[-74.79540476,10.946065344000033],[-74.79233030699999,10.946020154000053],[-74.79260201299996,10.948628602000042],[-74.79123669199998,10.951026674000047],[-74.79347091399995,10.95154068200003],[-74.795291862,10.948424326000008],[-74.79540476,10.946065344000033]]]}},{"type":"Feature","properties":{"nombre":"Villate","municipio":"BARRANQUILLA","color":"#1d4ed8"},"geometry":{"type":"Polygon","coordinates":[[[-74.81192770999996,10.961254455000017],[-74.80897374599999,10.95996997200001],[-74.81065741499998,10.957764887000053],[-74.80944664699996,10.957110251000017],[-74.80664752399997,10.961937571000021],[-74.810083561,10.96358972500002],[-74.81192770999996,10.961254455000017]]]}},{"type":"Feature","properties":{"nombre":"Universal","municipio":"BARRANQUILLA","color":"#1d4ed8"},"geometry":{"type":"Polygon","coordinates":[[[-74.78900736771062,10.935522124373714],[-74.78611622180223,10.935974627149442],[-74.78221973860461,10.93811258492599],[-74.78376608450631,10.94342907417272],[-74.78548897899998,10.942828281000004],[-74.78621527188257,10.943105388040378],[-74.785728683,10.941134090000048],[-74.78664935899997,10.941003415000012],[-74.78714031599998,10.93943805500004],[-74.78783111400845,10.939368333810256],[-74.78793188992627,10.938112607555565],[-74.7886007069083,10.938046641609985],[-74.78900736771062,10.935522124373714]]]}},{"type":"Feature","properties":{"nombre":"Pumarejo","municipio":"BARRANQUILLA","color":"#1d4ed8"},"geometry":{"type":"Polygon","coordinates":[[[-74.80634075500001,10.966111213000033],[-74.80359689099998,10.965712447000044],[-74.80203094899997,10.964773235000052],[-74.80025444299997,10.96819605600001],[-74.80535873099996,10.968596551000019],[-74.80634075500001,10.966111213000033]]]}},{"type":"Feature","properties":{"nombre":"Cuchilla de Villate","municipio":"BARRANQUILLA","color":"#1d4ed8"},"geometry":{"type":"Polygon","coordinates":[[[-74.81696706599996,10.96121569600001],[-74.81528103399995,10.960139277000053],[-74.81489784299998,10.96066478900002],[-74.81428409099999,10.960449659000005],[-74.81363536699996,10.961180110000043],[-74.81247030899999,10.960504787000048],[-74.810083561,10.96358972500002],[-74.81353805699996,10.963950219000026],[-74.81621252399998,10.96219553200001],[-74.81696706599996,10.96121569600001]]]}},{"type":"Feature","properties":{"nombre":"Jos\u00e9 Antonio Gal\u00e1n","municipio":"BARRANQUILLA","color":"#1d4ed8"},"geometry":{"type":"Polygon","coordinates":[[[-74.79511821099999,10.935663062000003],[-74.79489774973001,10.93477417040857],[-74.79140377702977,10.934879738105963],[-74.78900736771062,10.935522124373714],[-74.7886007069083,10.938046641609985],[-74.78793188992627,10.938112607555565],[-74.78783111456943,10.939368333753638],[-74.78714031683258,10.939438054948125],[-74.78654934002145,10.941322315003418],[-74.788960868,10.941401360000043],[-74.7887021150985,10.942344289811833],[-74.79000600499995,10.942192757000043],[-74.78963734999996,10.939137291000009],[-74.79020008199996,10.939046366000014],[-74.79106070799997,10.937592492000022],[-74.79170017272125,10.938097972903938],[-74.79224318597001,10.938025629004034],[-74.792931533,10.936310201000026],[-74.79511821099999,10.935663062000003]]]}},{"type":"Feature","properties":{"nombre":"Tayrona","municipio":"BARRANQUILLA","color":"#1d4ed8"},"geometry":{"type":"Polygon","coordinates":[[[-74.78849600499996,10.946488491000025],[-74.78837939499999,10.944083789000047],[-74.78794039499996,10.942575245],[-74.78610962199997,10.943129004000014],[-74.78548897899998,10.942828281000004],[-74.78376608499997,10.94342907400005],[-74.78478178,10.946916834000035],[-74.78849600499996,10.946488491000025]]]}},{"type":"Feature","properties":{"nombre":"Santa Helena","municipio":"BARRANQUILLA","color":"#1d4ed8"},"geometry":{"type":"Polygon","coordinates":[[[-74.78508705999997,10.947918465000043],[-74.78376608470319,10.943429074794336],[-74.78109896489187,10.943015168156684],[-74.78031320104206,10.944289237420133],[-74.78137254006921,10.944736726818407],[-74.78045086917605,10.94698939125838],[-74.77914553032588,10.94762405805046],[-74.77923437010438,10.948021649976074],[-74.780687011,10.94771146000005],[-74.78086784443052,10.948376445911864],[-74.782327807,10.948082819000035],[-74.78249367960069,10.948761683499193],[-74.78508705999997,10.947918465000043]]]}},{"type":"Feature","properties":{"nombre":"Las Terrazas","municipio":"BARRANQUILLA","color":"#1d4ed8"},"geometry":{"type":"Polygon","coordinates":[[[-74.82534059,10.984776935000014],[-74.82473796299996,10.983381941000005],[-74.82338826299997,10.983440803000008],[-74.82211761299999,10.980268819000003],[-74.82106450599997,10.980618702000015],[-74.81865406499998,10.984464684000045],[-74.819151659,10.985191081000039],[-74.82095824699996,10.984089134000044],[-74.82157040799996,10.98455708900002],[-74.82204125999999,10.985600698000042],[-74.82320302099998,10.984968644000048],[-74.82534059,10.984776935000014]]]}},{"type":"Feature","properties":{"nombre":"Boyac\u00e1","municipio":"BARRANQUILLA","color":"#1d4ed8"},"geometry":{"type":"Polygon","coordinates":[[[-74.79020753099996,10.956562482000038],[-74.78649087299999,10.955179088000023],[-74.78444516999997,10.960967588000017],[-74.78776761199998,10.960529910000048],[-74.78808101199996,10.95971053300002],[-74.78771280399997,10.959629937000045],[-74.788180517,10.958650552000051],[-74.79020753099996,10.956562482000038]]]}},{"type":"Feature","properties":{"nombre":"El Golf","municipio":"BARRANQUILLA","color":"#1d4ed8"},"geometry":{"type":"Polygon","coordinates":[[[-74.81211714199998,11.007917702000043],[-74.81055218699998,11.00734820300005],[-74.80947851099995,11.008860584000047],[-74.80588764999999,11.007723139000007],[-74.80497403199996,11.008845279000013],[-74.80738204599999,11.010788646000037],[-74.81013816799998,11.011771419000013],[-74.81097137199998,11.010998961000041],[-74.81211714199998,11.007917702000043]]]}},{"type":"Feature","properties":{"nombre":"Las Estrellas","municipio":"BARRANQUILLA","color":"#1d4ed8"},"geometry":{"type":"Polygon","coordinates":[[[-74.83608712199998,10.98266540000003],[-74.83603188399996,10.978440190000015],[-74.83421321599997,10.978401478000023],[-74.83422528399996,10.98000827300001],[-74.83221977599999,10.980448762000037],[-74.832268188,10.98105152300002],[-74.83133634499995,10.981224089000023],[-74.83141019499999,10.982482635000054],[-74.831125827,10.983639914000037],[-74.830365427,10.98450170000001],[-74.83054825099998,10.98517670700005],[-74.83254874299996,10.983034618000033],[-74.83608712199998,10.98266540000003]]]}},{"type":"Feature","properties":{"nombre":"Villa del Rosario","municipio":"BARRANQUILLA","color":"#1d4ed8"},"geometry":{"type":"Polygon","coordinates":[[[-74.82682126199995,10.982561152000017],[-74.82597654599999,10.979026035000004],[-74.82211761299999,10.980268819000003],[-74.82338826299997,10.983440803000008],[-74.82473796299996,10.983381941000005],[-74.82534059,10.984776935000014],[-74.826749742,10.984757098000046],[-74.82682126199995,10.982561152000017]]]}},{"type":"Feature","properties":{"nombre":"San Salvador","municipio":"BARRANQUILLA","color":"#1d4ed8"},"geometry":{"type":"Polygon","coordinates":[[[-74.80721581899996,11.023359905000007],[-74.805065689,11.020963553000001],[-74.80287005299999,11.022913514000038],[-74.80204385299999,11.024386898000046],[-74.80392451799997,11.02645639100001],[-74.806775104,11.02550265900004],[-74.80662161199996,11.025251621000052],[-74.80721581899996,11.023359905000007]]]}},{"type":"Feature","properties":{"nombre":"Alfonso L\u00f3pez","municipio":"BARRANQUILLA","color":"#1d4ed8"},"geometry":{"type":"Polygon","coordinates":[[[-74.79517653799996,10.966238262000047],[-74.79236273499998,10.964256582000019],[-74.79090940999998,10.964993641000035],[-74.78944614599999,10.966509573000053],[-74.78804973399997,10.967302391000032],[-74.79408803299998,10.968985899000018],[-74.79517653799996,10.966238262000047]]]}},{"type":"Feature","properties":{"nombre":"Los \u00c1ngeles II","municipio":"BARRANQUILLA","color":"#1d4ed8"},"geometry":{"type":"Polygon","coordinates":[[[-74.84312512899999,10.969417700999998],[-74.84320079399998,10.96597756600005],[-74.84224191099997,10.965002047000041],[-74.83871661199998,10.964236394000011],[-74.83828713399998,10.964681665],[-74.83830788699998,10.966685483000049],[-74.84112259299997,10.969408213999998],[-74.84312512899999,10.969417700999998]]]}},{"type":"Feature","properties":{"nombre":"Kennedy","municipio":"BARRANQUILLA","color":"#1d4ed8"},"geometry":{"type":"Polygon","coordinates":[[[-74.80883789199999,10.948272591000034],[-74.80743195599996,10.947762993000026],[-74.803574083,10.947776033000025],[-74.80372859899995,10.948933647000047],[-74.80475243000001,10.949504219000005],[-74.80410086799998,10.95039685300003],[-74.80803730999997,10.953069400000004],[-74.808606096,10.952096547000053],[-74.80845484399998,10.950728153],[-74.80883789199999,10.948272591000034]]]}},{"type":"Feature","properties":{"nombre":"La Cumbre","municipio":"BARRANQUILLA","color":"#1d4ed8"},"geometry":{"type":"Polygon","coordinates":[[[-74.83074737699997,10.996741722000024],[-74.82766782299996,10.99521955800003],[-74.82627315599996,10.996942407000006],[-74.82714167099999,10.996795791000011],[-74.827020017,10.997517647000052],[-74.82750469899997,10.99815455700002],[-74.82562387599995,11.000619667000024],[-74.82806429199997,11.001753043000008],[-74.82904959899997,11.001012735000018],[-74.83074737699997,10.996741722000024]]]}},{"type":"Feature","properties":{"nombre":"Betania","municipio":"BARRANQUILLA","color":"#1d4ed8"},"geometry":{"type":"Polygon","coordinates":[[[-74.81620712399996,10.986586511000041],[-74.812443987,10.985660042000006],[-74.81168755699997,10.989093482000044],[-74.80993789999997,10.99183758800001],[-74.81120732399995,10.99154058800002],[-74.812654958,10.991864834000012],[-74.81342285599999,10.991640813000004],[-74.814621295,10.988853935999998],[-74.81583277599998,10.987523635000002],[-74.81620712399996,10.986586511000041]]]}},{"type":"Feature","properties":{"nombre":"Bellavista","municipio":"BARRANQUILLA","color":"#1d4ed8"},"geometry":{"type":"Polygon","coordinates":[[[-74.79906892099996,11.00529020600004],[-74.79313021399997,10.997304680000013],[-74.79129781,10.996958427000038],[-74.79104522299997,10.99741067900004],[-74.79197842599996,10.998210999000037],[-74.79472749199999,11.002266329999998],[-74.79501194099998,11.003846890000034],[-74.79801851299999,11.006093193000027],[-74.79906892099996,11.00529020600004]]]}},{"type":"Feature","properties":{"nombre":"Palmas del R\u00edo","municipio":"BARRANQUILLA","color":"#1d4ed8"},"geometry":{"type":"Polygon","coordinates":[[[-74.83054391899998,11.016523548999999],[-74.828501889,11.016213927000024],[-74.82740444999996,11.017023976000019],[-74.825966532,11.016894923000052],[-74.824782175,11.019204935000005],[-74.82366131999999,11.02064142300003],[-74.826209307,11.021982946000037],[-74.83002069499997,11.017861904000029],[-74.83054391899998,11.016523548999999]]]}},{"type":"Feature","properties":{"nombre":"Granadillo","municipio":"BARRANQUILLA","color":"#1d4ed8"},"geometry":{"type":"Polygon","coordinates":[[[-74.82226369699998,10.999084013000015],[-74.81797105999999,10.99761941700001],[-74.81643860499997,11.00134894200005],[-74.82076222,11.003031816000032],[-74.82226369699998,10.999084013000015]]]}},{"type":"Feature","properties":{"nombre":"La Campi\u00f1a","municipio":"BARRANQUILLA","color":"#1d4ed8"},"geometry":{"type":"Polygon","coordinates":[[[-74.82806429199997,11.001753043000008],[-74.82226369699998,10.999084013000015],[-74.82076222,11.003031816000032],[-74.82460891099998,11.00309833],[-74.82720295799999,11.003785082000036],[-74.82806429199997,11.001753043000008]]]}},{"type":"Feature","properties":{"nombre":"Las Gardenias","municipio":"BARRANQUILLA","color":"#1d4ed8"},"geometry":{"type":"Polygon","coordinates":[[[-74.83062287299998,10.936416690000044],[-74.830299567,10.93533965100005],[-74.82939609900001,10.935132268000018],[-74.829315312,10.934753497000031],[-74.82863997799996,10.934520117000034],[-74.82859525499998,10.934796868000035],[-74.82785100399997,10.934586859000035],[-74.827940146,10.942190958000026],[-74.82750637099997,10.944021968000015],[-74.82956757399995,10.943598288000032],[-74.83062287299998,10.936416690000044]]]}},{"type":"Feature","properties":{"nombre":"El Rub\u00ed","municipio":"BARRANQUILLA","color":"#1d4ed8"},"geometry":{"type":"Polygon","coordinates":[[[-74.831125827,10.983639914000037],[-74.83133634499995,10.981224089000023],[-74.82954164999995,10.981432571000028],[-74.829070204,10.980014521000044],[-74.82682126199995,10.982561152000017],[-74.826749742,10.984757098000046],[-74.827464088,10.98522551000002],[-74.82826056699997,10.986525599000004],[-74.82939916799995,10.986645589000034],[-74.83067333599996,10.985256210000045],[-74.830365427,10.98450170000001],[-74.831125827,10.983639914000037]]]}},{"type":"Feature","properties":{"nombre":"Nueva Granada","municipio":"BARRANQUILLA","color":"#1d4ed8"},"geometry":{"type":"Polygon","coordinates":[[[-74.80746913299998,10.976730435000036],[-74.80394344799998,10.975661288000026],[-74.801861928,10.979609236000044],[-74.802530563,10.979874683000048],[-74.80196730199998,10.981048431000033],[-74.80469832899996,10.981922402999999],[-74.80746913299998,10.976730435000036]]]}},{"type":"Feature","properties":{"nombre":"Villa Country","municipio":"BARRANQUILLA","color":"#1d4ed8"},"geometry":{"type":"Polygon","coordinates":[[[-74.80809935799999,11.00426776400002],[-74.80503327099996,11.003228131000014],[-74.802531052,11.005047604000026],[-74.80278809599997,11.005803755000045],[-74.80241082399999,11.008464988000014],[-74.80382963599999,11.00873247300001],[-74.804641538,11.009218938000004],[-74.807315878,11.005946201000029],[-74.80809935799999,11.00426776400002]]]}},{"type":"Feature","properties":{"nombre":"Los Nogales","municipio":"BARRANQUILLA","color":"#1d4ed8"},"geometry":{"type":"Polygon","coordinates":[[[-74.83080947599996,10.995616126000016],[-74.82950255099996,10.992758170000002],[-74.8297508,10.992076386999997],[-74.82868746999998,10.991454882000028],[-74.82622080799996,10.990921074000028],[-74.823903299,10.992749851000042],[-74.826119489,10.994398391000004],[-74.83074737699997,10.996741722000024],[-74.83080947599996,10.995616126000016]]]}},{"type":"Feature","properties":{"nombre":"Cordialidad","municipio":"BARRANQUILLA","color":"#1d4ed8"},"geometry":{"type":"Polygon","coordinates":[[[-74.83372578699999,10.943318169999998],[-74.83166053599996,10.943205276000015],[-74.828999044,10.943720181000003],[-74.82939349699996,10.945441169000048],[-74.828413006,10.94544234600005],[-74.828383605,10.947465108000017],[-74.82963984699995,10.947919368000044],[-74.83160193499998,10.949260608000031],[-74.83283928899999,10.94586266500005],[-74.83346935899999,10.945714287000044],[-74.83372578699999,10.943318169999998]]]}},{"type":"Feature","properties":{"nombre":"Colina Campestre","municipio":"BARRANQUILLA","color":"#1d4ed8"},"geometry":{"type":"Polygon","coordinates":[[[-74.83617076799999,10.975742417000049],[-74.835304528,10.975883089000035],[-74.83312049299997,10.977474612000037],[-74.82952374499996,10.97811811500003],[-74.82920901899996,10.978219866000018],[-74.82782652699996,10.978830445000028],[-74.82775146799997,10.978866832000051],[-74.829070204,10.980014521000044],[-74.82954164999995,10.981432571000028],[-74.832268188,10.98105152300002],[-74.83221977599999,10.980448762000037],[-74.83422528399996,10.98000827300001],[-74.83421321599997,10.978401478000023],[-74.83603188399996,10.978440190000015],[-74.83617076799999,10.975742417000049]]]}},{"type":"Feature","properties":{"nombre":"Primero de Mayo - El Ferry","municipio":"BARRANQUILLA","color":"#1d4ed8"},"geometry":{"type":"Polygon","coordinates":[[[-74.768753366,10.948614050000003],[-74.76850725099996,10.94528542200004],[-74.76752768399996,10.945207383000024],[-74.76666645899996,10.944250295000018],[-74.76587172,10.944440525000005],[-74.76538925099999,10.943609365000043],[-74.76387441999998,10.945159962000048],[-74.76241557499998,10.945373992000043],[-74.76035652799999,10.944152768000038],[-74.75950966199997,10.944479961000013],[-74.759167488,10.94514590600005],[-74.75904226099999,10.945576570000014],[-74.761264052,10.945446828000001],[-74.76269782699995,10.947072558000002],[-74.76476629499996,10.94615514200001],[-74.76596958199997,10.94878389300004],[-74.768753366,10.948614050000003]]]}},{"type":"Feature","properties":{"nombre":"Sim\u00f3n Bol\u00edvar","municipio":"BARRANQUILLA","color":"#1d4ed8"},"geometry":{"type":"Polygon","coordinates":[[[-74.78376608470319,10.943429074794336],[-74.7812592405197,10.934746880221343],[-74.77970591054977,10.935074233959426],[-74.77753084038322,10.94066997891506],[-74.77645097518462,10.94135364718693],[-74.7762463947267,10.942521772903095],[-74.7736020225346,10.944136803127924],[-74.77082654325514,10.94428113135532],[-74.77323157583652,10.94753954100941],[-74.77382307581043,10.951864960278218],[-74.77461076963954,10.9517202685489],[-74.77446554100916,10.950901880553626],[-74.77507503918095,10.95083639223072],[-74.77625476340617,10.948592167307735],[-74.77923437031166,10.948021651286853],[-74.77914553032588,10.947624058050456],[-74.78041228777955,10.947045012704297],[-74.7813725400692,10.944736726818407],[-74.78031320104206,10.944289237420138],[-74.78109896489187,10.943015168156684],[-74.78376608470319,10.943429074794336]]]}},{"type":"Feature","properties":{"nombre":"Los Alpes","municipio":"BARRANQUILLA","color":"#1d4ed8"},"geometry":{"type":"Polygon","coordinates":[[[-74.82766782299996,10.99521955800003],[-74.826119489,10.994398391000004],[-74.82517933899999,10.99611647300003],[-74.82376516799997,10.995259154000053],[-74.82107962699996,10.99870994500003],[-74.82562387599995,11.000619667000024],[-74.82750469899997,10.99815455700002],[-74.827020017,10.997517647000052],[-74.82714167099999,10.996795791000011],[-74.82627315599996,10.996942407000006],[-74.82766782299996,10.99521955800003]]]}},{"type":"Feature","properties":{"nombre":"Buenos Aires","municipio":"BARRANQUILLA","color":"#1d4ed8"},"geometry":{"type":"Polygon","coordinates":[[[-74.80289639999995,10.938812745000007],[-74.80238826299995,10.938318963000029],[-74.799224434,10.93830553500004],[-74.79769467299997,10.937854619000007],[-74.797414441,10.938047729000004],[-74.79723121699999,10.944175015000042],[-74.79882569399996,10.943907695000007],[-74.79890706499998,10.94354461200004],[-74.799416227,10.943407196999999],[-74.80053484899997,10.943519305000052],[-74.80051270399997,10.942420516000027],[-74.80289639999995,10.938812745000007]]]}},{"type":"Feature","properties":{"nombre":"El Tabor","municipio":"BARRANQUILLA","color":"#1d4ed8"},"geometry":{"type":"Polygon","coordinates":[[[-74.83248606000001,11.00258892100004],[-74.83131512099999,10.997239285000035],[-74.83087021199998,10.997196308000014],[-74.83074737699997,10.996741722000024],[-74.82916238899998,11.000879953000037],[-74.827890701,11.001969598000017],[-74.82720295799999,11.003785082000036],[-74.829767634,11.005032055000015],[-74.83140829899997,11.004477761000032],[-74.83220057199998,11.003505252000025],[-74.83248606000001,11.00258892100004]]]}},{"type":"Feature","properties":{"nombre":"Nuevo Horizonte","municipio":"BARRANQUILLA","color":"#1d4ed8"},"geometry":{"type":"Polygon","coordinates":[[[-74.826119489,10.994398391000004],[-74.823903299,10.992749851000042],[-74.82251790599997,10.993209598000021],[-74.81903510000001,10.995219119000012],[-74.81797105999999,10.99761941700001],[-74.82107962699996,10.99870994500003],[-74.82376516799997,10.995259154000053],[-74.82517933899999,10.99611647300003],[-74.826119489,10.994398391000004]]]}},{"type":"Feature","properties":{"nombre":"El Valle","municipio":"BARRANQUILLA","color":"#1d4ed8"},"geometry":{"type":"Polygon","coordinates":[[[-74.81339878299997,10.963949254],[-74.810345241,10.963708728000029],[-74.80942537799996,10.963217164000014],[-74.807744033,10.967518021000046],[-74.80595451099998,10.966888980000022],[-74.80535873099996,10.968596551000019],[-74.81132145199996,10.968866071000036],[-74.81277941599996,10.964806589000034],[-74.81339878299997,10.963949254]]]}},{"type":"Feature","properties":{"nombre":"Andaluc\u00eda","municipio":"BARRANQUILLA","color":"#1d4ed8"},"geometry":{"type":"Polygon","coordinates":[[[-74.81769002699997,11.014056198000048],[-74.816218628,11.01281030900003],[-74.81508818099996,11.014120718000015],[-74.81307801499997,11.012958999000034],[-74.81129530099997,11.015526437000005],[-74.81085794799998,11.016882125000052],[-74.811796733,11.01793555200004],[-74.81288948999998,11.016661375000012],[-74.81340408,11.017734527000016],[-74.81456821899997,11.01820746300001],[-74.81568479399999,11.018202358000053],[-74.81682371099998,11.016018493000047],[-74.81734110999997,11.015626439000016],[-74.816962542,11.015195972000015],[-74.81769002699997,11.014056198000048]]]}},{"type":"Feature","properties":{"nombre":"San Lu\u00eds","municipio":"BARRANQUILLA","color":"#1d4ed8"},"geometry":{"type":"Polygon","coordinates":[[[-74.82794093499996,10.941691599000023],[-74.82791488099997,10.936920194000038],[-74.82698349499998,10.936866332000022],[-74.82692977599999,10.936210470000049],[-74.82499669999999,10.93634824000003],[-74.82472750099998,10.944681649000017],[-74.82750637099997,10.944021968000015],[-74.82794093499996,10.941691599000023]]]}},{"type":"Feature","properties":{"nombre":"La Ceiba","municipio":"BARRANQUILLA","color":"#1d4ed8"},"geometry":{"type":"Polygon","coordinates":[[[-74.80944664699996,10.957110251000017],[-74.80770084599999,10.95460037600003],[-74.80580923399998,10.956541723000043],[-74.80609449299999,10.956721707000042],[-74.80438514999997,10.95921282200004],[-74.80326880799998,10.962126664000039],[-74.80508539599998,10.963156138000045],[-74.80600891,10.961597944000005],[-74.80664752399997,10.961937571000021],[-74.80944664699996,10.957110251000017]]]}},{"type":"Feature","properties":{"nombre":"Buena Esperanza","municipio":"BARRANQUILLA","color":"#1d4ed8"},"geometry":{"type":"Polygon","coordinates":[[[-74.80942537799996,10.963217164000014],[-74.80600891,10.961597944000005],[-74.80508539599998,10.963156138000045],[-74.80326880799998,10.962126664000039],[-74.80203094899997,10.964773235000052],[-74.80359689099998,10.965712447000044],[-74.80634075500001,10.966111213000033],[-74.80604760799997,10.966916991000005],[-74.807744033,10.967518021000046],[-74.80942537799996,10.963217164000014]]]}},{"type":"Feature","properties":{"nombre":"Carlos Meisel","municipio":"BARRANQUILLA","color":"#1d4ed8"},"geometry":{"type":"Polygon","coordinates":[[[-74.82047077199996,10.97412864200004],[-74.81687962799998,10.972037528000044],[-74.81560906299995,10.971803622000039],[-74.81546085399998,10.972124210000004],[-74.81383264499999,10.97170632700005],[-74.81323977699998,10.975670886000046],[-74.81464294099999,10.975872753000033],[-74.81603385399995,10.976547943000014],[-74.81873675699995,10.976488666000023],[-74.819234328,10.976213540000003],[-74.82047077199996,10.97412864200004]]]}},{"type":"Feature","properties":{"nombre":"Ciudad Modesto","municipio":"BARRANQUILLA","color":"#1d4ed8"},"geometry":{"type":"Polygon","coordinates":[[[-74.83327322499997,10.96218290400003],[-74.83154032599998,10.962065788000018],[-74.83034376699999,10.962726502999999],[-74.82980284199999,10.962045128],[-74.82837011699996,10.962083231000008],[-74.82852530399998,10.963062370000046],[-74.827125965,10.963585149000039],[-74.826255382,10.964298277000012],[-74.82477412999998,10.964628158000039],[-74.82534246799997,10.966960405999998],[-74.826451443,10.96659713400004],[-74.82674506899997,10.968311534000009],[-74.82827243499997,10.967907311000033],[-74.828244649,10.967280133000031],[-74.829837113,10.966580291000014],[-74.831198674,10.964203347000023],[-74.83221487499998,10.963335048000033],[-74.83258998099996,10.963497278000034],[-74.83327322499997,10.96218290400003]]]}},{"type":"Feature","properties":{"nombre":"Modelo","municipio":"BARRANQUILLA","color":"#1d4ed8"},"geometry":{"type":"Polygon","coordinates":[[[-74.79104522299997,10.99741067900004],[-74.78886687199997,10.996506303000047],[-74.78673815299999,10.996423725],[-74.78586446099996,10.996942231000048],[-74.78530617299998,10.997304842000005],[-74.78547885,10.99874825500001],[-74.78379733399998,10.999262475000023],[-74.78450469,11.001612835000003],[-74.78621536699995,11.003277676000039],[-74.79104522299997,10.99741067900004]]]}},{"type":"Feature","properties":{"nombre":"20 de julio","municipio":"BARRANQUILLA","color":"#1d4ed8"},"geometry":{"type":"Polygon","coordinates":[[[-74.83438009999998,10.934840526000016],[-74.83372453199996,10.93257330800003],[-74.83234381699998,10.930612601000007],[-74.83102837899997,10.929561244000013],[-74.827479229,10.928048121000018],[-74.82681707899997,10.929533407000008],[-74.82720526399999,10.932831552000039],[-74.82778906799996,10.932832492000045],[-74.827804448,10.93326812700002],[-74.83031085099998,10.933119464000015],[-74.83438009999998,10.934840526000016]]]}},{"type":"Feature","properties":{"nombre":"Altos del lim\u00f3n","municipio":"BARRANQUILLA","color":"#1d4ed8"},"geometry":{"type":"Polygon","coordinates":[[[-74.82854953599997,11.011025386000028],[-74.82522641499997,11.009471288000043],[-74.823319933,11.012641730000041],[-74.82471402299996,11.013223374000006],[-74.82068492899998,11.018324280000002],[-74.820132693,11.019880822000005],[-74.82163694599996,11.019818989000044],[-74.824415709,11.01685502500004],[-74.82854953599997,11.011025386000028]]]}},{"type":"Feature","properties":{"nombre":"El Pueblo","municipio":"BARRANQUILLA","color":"#1d4ed8"},"geometry":{"type":"Polygon","coordinates":[[[-74.84372817999997,10.962318200000027],[-74.84305531199999,10.957980045],[-74.83684766599998,10.959052834000033],[-74.83828713399998,10.964681665],[-74.839736432,10.963214911000023],[-74.84128591399997,10.962349736000021],[-74.84372817999997,10.962318200000027]]]}},{"type":"Feature","properties":{"nombre":"Santa Ana","municipio":"BARRANQUILLA","color":"#1d4ed8"},"geometry":{"type":"Polygon","coordinates":[[[-74.79400168799998,11.001154214000053],[-74.79197842599996,10.998210999000037],[-74.79104522299997,10.99741067900004],[-74.78621536699995,11.003277676000039],[-74.78862416199996,11.005080828000018],[-74.789628935,11.004635668000049],[-74.79191138799996,11.00202465000001],[-74.79400168799998,11.001154214000053]]]}},{"type":"Feature","properties":{"nombre":"El Castillo","municipio":"BARRANQUILLA","color":"#1d4ed8"},"geometry":{"type":"Polygon","coordinates":[[[-74.805841945,11.01989357900004],[-74.80453845699998,11.019109454000045],[-74.80492640099999,11.01753308800005],[-74.80314893099995,11.017090470000028],[-74.80280926,11.016730894000034],[-74.798765178,11.020507062000036],[-74.80204385299999,11.024386898000046],[-74.80287005299999,11.022913514000038],[-74.80525008299998,11.020781697000018],[-74.805841945,11.01989357900004]]]}},{"type":"Feature","properties":{"nombre":"San Francisco","municipio":"BARRANQUILLA","color":"#1d4ed8"},"geometry":{"type":"Polygon","coordinates":[[[-74.79630907,11.00481363700004],[-74.79501194099998,11.003846890000034],[-74.79472749199999,11.002266329999998],[-74.79400168799998,11.001154214000053],[-74.79191138799996,11.00202465000001],[-74.789628935,11.004635668000049],[-74.78862416199996,11.005080828000018],[-74.790461607,11.00789514500002],[-74.790991313,11.007268832000022],[-74.792301054,11.007124366000028],[-74.79296372099998,11.006674575000034],[-74.79409621299999,11.007519719000015],[-74.79630907,11.00481363700004]]]}},{"type":"Feature","properties":{"nombre":"Juan Mina","municipio":"BARRANQUILLA","color":"#1d4ed8"},"geometry":{"type":"Polygon","coordinates":[[[-74.896936686,10.95573228500001],[-74.89616267899999,10.954820441000038],[-74.89598712399999,10.953650355000036],[-74.89518868799996,10.954034937000017],[-74.89336002699997,10.953803424],[-74.89307464299998,10.953365440000027],[-74.89315198899999,10.951979937000033],[-74.89156282699997,10.95207300300001],[-74.89118089199997,10.95350429900003],[-74.890798679,10.953477866000014],[-74.890570949,10.95482961800002],[-74.888482232,10.955480214000033],[-74.890066429,10.956503665000014],[-74.889452388,10.957336407000014],[-74.89019364899997,10.958209029000045],[-74.88961502799998,10.958454912000036],[-74.889528902,10.959352765000006],[-74.896936686,10.95573228500001]]]}},{"type":"Feature","properties":{"nombre":"La Alboraya","municipio":"BARRANQUILLA","color":"#1d4ed8"},"geometry":{"type":"Polygon","coordinates":[[[-74.80054204999999,10.948316581000029],[-74.80053484899997,10.943519305000052],[-74.79953604899998,10.943388773000038],[-74.79890706499998,10.94354461200004],[-74.79882569399996,10.943907695000007],[-74.796223575,10.944141306000006],[-74.79527379499996,10.946422201000019],[-74.795291862,10.948424326000008],[-74.79447458099997,10.949446049000017],[-74.79433485099997,10.950242272000025],[-74.79542430599997,10.950476675000004],[-74.79908554599996,10.948658049000016],[-74.79983744399999,10.948596263000013],[-74.79982754999997,10.948322793000045],[-74.80054204999999,10.948316581000029]]]}},{"type":"Feature","properties":{"nombre":"El Silencio","municipio":"BARRANQUILLA","color":"#1d4ed8"},"geometry":{"type":"Polygon","coordinates":[[[-74.820258389,10.977540577000013],[-74.81969901599996,10.977526176000026],[-74.81972815799998,10.977081537000004],[-74.81589437499997,10.977156114000024],[-74.81466212799995,10.976459551000005],[-74.81210474799997,10.975737922000008],[-74.81133254299999,10.976452996000035],[-74.81211948099997,10.976958398000022],[-74.81154283499995,10.977691443000026],[-74.81399256599997,10.978974632000018],[-74.81477511599996,10.979989128],[-74.81577862299997,10.980632512],[-74.81698825399997,10.981078797999999],[-74.81677289799995,10.981884359000048],[-74.818377409,10.982803084000011],[-74.820258389,10.977540577000013]]]}},{"type":"Feature","properties":{"nombre":"La Sierra","municipio":"BARRANQUILLA","color":"#1d4ed8"},"geometry":{"type":"Polygon","coordinates":[[[-74.80868525599999,10.953590878],[-74.80706775799996,10.952360049000049],[-74.80604593799995,10.953448571000024],[-74.80553909999998,10.953121310000029],[-74.80516901199996,10.953561592000028],[-74.80293802199998,10.952313039000046],[-74.80228840899997,10.953888642000038],[-74.80030616599998,10.955318532000035],[-74.80333915899996,10.95880382200005],[-74.80447388199997,10.959094456000003],[-74.80609449299999,10.956721707000042],[-74.80580923399998,10.956541723000043],[-74.80868525599999,10.953590878]]]}},{"type":"Feature","properties":{"nombre":"Cevillar","municipio":"BARRANQUILLA","color":"#1d4ed8"},"geometry":{"type":"Polygon","coordinates":[[[-74.80447388199997,10.959094456000003],[-74.80333915899996,10.95880382200005],[-74.80058087699996,10.955649491000031],[-74.79638803299997,10.95938068800001],[-74.79890923599999,10.96227691300004],[-74.80035140899997,10.961342751000018],[-74.80275301500001,10.962316920000035],[-74.80328797699997,10.96209445300002],[-74.80447388199997,10.959094456000003]]]}},{"type":"Feature","properties":{"nombre":"Villa San Pedro II","municipio":"BARRANQUILLA","color":"#1d4ed8"},"geometry":{"type":"Polygon","coordinates":[[[-74.83435575599998,10.935973065000042],[-74.83076121599998,10.93547974300003],[-74.82956757399995,10.943598288000032],[-74.83166053599996,10.943205276000015],[-74.83372578699999,10.943318169999998],[-74.83435575599998,10.935973065000042]]]}},{"type":"Feature","properties":{"nombre":"El Poblado","municipio":"BARRANQUILLA","color":"#1d4ed8"},"geometry":{"type":"Polygon","coordinates":[[[-74.830314209,11.005314186000021],[-74.82807198399996,11.004014162000033],[-74.82460891099998,11.00309833],[-74.82448167499996,11.003527457000018],[-74.82526311999999,11.003883575000032],[-74.82324197399998,11.008547657999998],[-74.82750587199996,11.01052514700001],[-74.830314209,11.005314186000021]]]}},{"type":"Feature","properties":{"nombre":"Los Olivos II","municipio":"BARRANQUILLA","color":"#1d4ed8"},"geometry":{"type":"Polygon","coordinates":[[[-74.84255918999997,10.972871437000038],[-74.83947852899996,10.969625704999999],[-74.84063056499997,10.968762713000046],[-74.83830788699998,10.966685483000049],[-74.83617076799999,10.975742417000049],[-74.83761930399999,10.975609618000021],[-74.837969488,10.975972721000005],[-74.83880502299996,10.975334324000016],[-74.83914005699995,10.975736202000007],[-74.84036791699998,10.975042127000052],[-74.84255918999997,10.972871437000038]]]}},{"type":"Feature","properties":{"nombre":"Nueva Colombia","municipio":"BARRANQUILLA","color":"#1d4ed8"},"geometry":{"type":"Polygon","coordinates":[[[-74.82227292199997,10.97097960900004],[-74.82043432,10.969430379000016],[-74.81253915499997,10.968942381000033],[-74.812245271,10.971477434000008],[-74.81546085399998,10.972124210000004],[-74.81560906299995,10.971803622000039],[-74.81679328499996,10.972008294000034],[-74.82047077199996,10.97412864200004],[-74.821696352,10.972800397000015],[-74.82123858299997,10.97239053300001],[-74.82227292199997,10.97097960900004]]]}},{"type":"Feature","properties":{"nombre":"Me Quejo","municipio":"BARRANQUILLA","color":"#1d4ed8"},"geometry":{"type":"Polygon","coordinates":[[[-74.82597654599999,10.979026035000004],[-74.82387838299996,10.973250784000015],[-74.82056958099997,10.976267187000019],[-74.81993375999997,10.976444701000048],[-74.81969901599996,10.977526176000026],[-74.820258389,10.977540577000013],[-74.81858376999998,10.982507446],[-74.819056343,10.982032812],[-74.81987631499999,10.982434061000049],[-74.82106450599997,10.980618702000015],[-74.82597654599999,10.979026035000004]]]}},{"type":"Feature","properties":{"nombre":"San Vicente","municipio":"BARRANQUILLA","color":"#1d4ed8"},"geometry":{"type":"Polygon","coordinates":[[[-74.82362921499998,11.003131445999998],[-74.820851162,11.003047995000031],[-74.81873630899997,11.00237559300001],[-74.81675465199999,11.006578730000001],[-74.818275615,11.007291942000052],[-74.81715350499996,11.007878581],[-74.81818952699996,11.008875633000002],[-74.81907099399996,11.010401788000024],[-74.81996467299996,11.011017584000001],[-74.82216086299997,11.008041819000027],[-74.820713206,11.007364855000048],[-74.82153171299996,11.005673106000017],[-74.82227977299999,11.00601892200001],[-74.82362921499998,11.003131445999998]]]}},{"type":"Feature","properties":{"nombre":"Los Andes","municipio":"BARRANQUILLA","color":"#1d4ed8"},"geometry":{"type":"Polygon","coordinates":[[[-74.80592900699997,10.968620772999998],[-74.80140764099997,10.968395089000012],[-74.80104333899999,10.974684231000026],[-74.80077160599996,10.975209363000033],[-74.80543857699996,10.975984029000017],[-74.80592900699997,10.968620772999998]]]}},{"type":"Feature","properties":{"nombre":"Las Flores","municipio":"BARRANQUILLA","color":"#1d4ed8"},"geometry":{"type":"Polygon","coordinates":[[[-74.83083071199997,11.040724673],[-74.829731906,11.040206205000004],[-74.82840430699997,11.038253570000052],[-74.82665448699998,11.039018630000044],[-74.82540915699997,11.036947541000018],[-74.82383694699996,11.038972612999999],[-74.82424920699998,11.04109025400004],[-74.82379238199997,11.042514980000021],[-74.824053945,11.042955252000013],[-74.824446207,11.042634751000037],[-74.82552124799997,11.043117948000031],[-74.828191565,11.045232375000012],[-74.82842930199996,11.044969612000045],[-74.82816493399997,11.044685487000038],[-74.82911845699999,11.04394015600002],[-74.82975162599996,11.044194591000007],[-74.83011482699999,11.043816677000052],[-74.83020201099998,11.042740324000022],[-74.82952405999998,11.041879231000053],[-74.82953375299996,11.041429554000047],[-74.82989211,11.04098945100003],[-74.83083071199997,11.040724673]]]}},{"type":"Feature","properties":{"nombre":"Los Olivos I","municipio":"BARRANQUILLA","color":"#1d4ed8"},"geometry":{"type":"Polygon","coordinates":[[[-74.838025447,10.968286207000006],[-74.83687818299995,10.967662825000048],[-74.83054782299996,10.97242411000002],[-74.83219908699999,10.975950787000045],[-74.836307159,10.974522935000039],[-74.838025447,10.968286207000006]]]}},{"type":"Feature","properties":{"nombre":"El Ferry","municipio":"BARRANQUILLA","color":"#1d4ed8"},"geometry":{"type":"Polygon","coordinates":[[[-74.76756418399998,10.950507535000042],[-74.76596958199997,10.94878389300004],[-74.76476629499996,10.94615514200001],[-74.76269782699995,10.947072558000002],[-74.761264052,10.945446828000001],[-74.75904226099999,10.945576570000014],[-74.758806531,10.950644228000044],[-74.76568404599999,10.950876858000015],[-74.76756418399998,10.950507535000042]]]}},{"type":"Feature","properties":{"nombre":"Buenavista","municipio":"BARRANQUILLA","color":"#1d4ed8"},"geometry":{"type":"Polygon","coordinates":[[[-74.83204635799996,11.01190784900001],[-74.82854953599997,11.011025386000028],[-74.824415709,11.01685502500004],[-74.82148376099997,11.019966306000015],[-74.82366076399995,11.020642058000021],[-74.824782175,11.019204935000005],[-74.825966532,11.016894923000052],[-74.82740444999996,11.017023976000019],[-74.828501889,11.016213927000024],[-74.83058044,11.016527669000027],[-74.83062862499997,11.015006433000053],[-74.83204635799996,11.01190784900001]]]}},{"type":"Feature","properties":{"nombre":"Montecristo","municipio":"BARRANQUILLA","color":"#1d4ed8"},"geometry":{"type":"Polygon","coordinates":[[[-74.79149961999997,10.992995356000051],[-74.788420771,10.992808025000045],[-74.781713115,10.995379258000014],[-74.78260869599995,10.99658620300005],[-74.78379733399998,10.999262475000023],[-74.78547885,10.99874825500001],[-74.78530617299998,10.997304842000005],[-74.78673815299999,10.996423725],[-74.78944972699998,10.996586777000005],[-74.79104522299997,10.99741067900004],[-74.79129781,10.996958427000038],[-74.79149961999997,10.992995356000051]]]}},{"type":"Feature","properties":{"nombre":"Las Granjas","municipio":"BARRANQUILLA","color":"#1d4ed8"},"geometry":{"type":"Polygon","coordinates":[[[-74.829344865,10.921830757999999],[-74.823548329,10.920415534000028],[-74.82252808999999,10.922449066000013],[-74.82248893299999,10.925540344000012],[-74.82761173799997,10.927939269000035],[-74.82800706799998,10.926631091000047],[-74.828707054,10.925632412000027],[-74.82824823299995,10.925261540000008],[-74.82839186499996,10.924320820000048],[-74.829344865,10.921830757999999]]]}},{"type":"Feature","properties":{"nombre":"Riomar","municipio":"BARRANQUILLA","color":"#1d4ed8"},"geometry":{"type":"Polygon","coordinates":[[[-74.81996467299996,11.011017584000001],[-74.81907099399996,11.010401788000024],[-74.81818952699996,11.008875633000002],[-74.81715350499996,11.007878581],[-74.815150776,11.010175878000041],[-74.81325614599996,11.009309570000028],[-74.81395524099997,11.008754493000026],[-74.81211714199998,11.007917702000043],[-74.81097137199998,11.010998961000041],[-74.81027045299999,11.01174339000005],[-74.81508818099996,11.014120718000015],[-74.816218628,11.01281030900003],[-74.81769002699997,11.014056198000048],[-74.81996467299996,11.011017584000001]]]}},{"type":"Feature","properties":{"nombre":"Lipaya","municipio":"BARRANQUILLA","color":"#1d4ed8"},"geometry":{"type":"Polygon","coordinates":[[[-74.82482398299999,10.964609039000038],[-74.82430538599999,10.960466367000038],[-74.81952847899998,10.959363770000039],[-74.81708801299999,10.960937429000012],[-74.81633617399996,10.962094158000014],[-74.81353805699996,10.963950219000026],[-74.81913928999995,10.96360529900005],[-74.82244913799997,10.964994532000048],[-74.82482398299999,10.964609039000038]]]}},{"type":"Feature","properties":{"nombre":"La Magdalena","municipio":"BARRANQUILLA","color":"#1d4ed8"},"geometry":{"type":"Polygon","coordinates":[[[-74.79727055499995,10.944007577000036],[-74.797414441,10.938047729000004],[-74.79324549,10.938621280000007],[-74.79369931899998,10.941743177000035],[-74.79162702499997,10.941999425000006],[-74.79190008199998,10.944215464000024],[-74.79083078099995,10.94434131600002],[-74.791061378,10.94617891400003],[-74.79417427199996,10.945868288000042],[-74.79540476,10.946065344000033],[-74.796223575,10.944141306000006],[-74.79727055499995,10.944007577000036]]]}},{"type":"Feature","properties":{"nombre":"Los Rosales","municipio":"BARRANQUILLA","color":"#1d4ed8"},"geometry":{"type":"Polygon","coordinates":[[[-74.83825486899997,10.964501252000048],[-74.83606808399998,10.956333629000028],[-74.83245312899999,10.957427767000013],[-74.83176091499996,10.956965355000023],[-74.82956300299998,10.956803474000026],[-74.82963771499999,10.957833187000006],[-74.82912772199995,10.958746813000005],[-74.82982658899999,10.960308063000014],[-74.83134521599999,10.959788489000005],[-74.83301862899998,10.960282035000034],[-74.83357367599996,10.960792889000004],[-74.83308131899997,10.962122863000047],[-74.834492409,10.96240225400004],[-74.83825486899997,10.964501252000048]]]}},{"type":"Feature","properties":{"nombre":"La Manga","municipio":"BARRANQUILLA","color":"#1d4ed8"},"geometry":{"type":"Polygon","coordinates":[[[-74.83009393599997,10.970695975000012],[-74.82925359899997,10.966881707000027],[-74.828244649,10.967280133000031],[-74.82827243499997,10.967907311000033],[-74.82725007199997,10.968256752000002],[-74.826210726,10.967955886000027],[-74.82419844199995,10.968087618000027],[-74.82241465299995,10.969529730000033],[-74.823049809,10.970352576000039],[-74.821468842,10.972004420000019],[-74.82123858299997,10.97239053300001],[-74.821696352,10.972800397000015],[-74.81904270499996,10.976381206000042],[-74.81984849099996,10.976708814000006],[-74.823443269,10.973840753000047],[-74.82387838299996,10.973250784000015],[-74.82331032599996,10.97173946800001],[-74.824059643,10.971413229000007],[-74.82507658199995,10.971471368000039],[-74.82531880099998,10.97254420600001],[-74.826104832,10.972448525000004],[-74.82740056399996,10.971904977000008],[-74.82760639499998,10.971316760000036],[-74.82867963999996,10.97102670800001],[-74.82872422499997,10.971279232000029],[-74.83009393599997,10.970695975000012]]]}},{"type":"Feature","properties":{"nombre":"Paseo de la Castellana","municipio":"BARRANQUILLA","color":"#1d4ed8"},"geometry":{"type":"Polygon","coordinates":[[[-74.83855104099996,11.015715184000044],[-74.83693961099999,11.01501726400005],[-74.83204635799996,11.01190784900001],[-74.83062862499997,11.015006433000053],[-74.83058044,11.016527669000027],[-74.836638688,11.020486247000008],[-74.83855104099996,11.015715184000044]]]}},{"type":"Feature","properties":{"nombre":"El Santuario","municipio":"BARRANQUILLA","color":"#1d4ed8"},"geometry":{"type":"Polygon","coordinates":[[[-74.80857767399999,10.94547131400003],[-74.80698744299997,10.94470492000005],[-74.80153835199997,10.940910120000012],[-74.80051270399997,10.942420516000027],[-74.80054204999999,10.948316581000029],[-74.802023399,10.948322338000025],[-74.80191320999995,10.948607026000047],[-74.80305561399996,10.949125976000005],[-74.803574083,10.947776033000025],[-74.80822752899996,10.947998436000034],[-74.80857767399999,10.94547131400003]]]}},{"type":"Feature","properties":{"nombre":"Por Fin","municipio":"BARRANQUILLA","color":"#1d4ed8"},"geometry":{"type":"Polygon","coordinates":[[[-74.83219908699999,10.975950787000045],[-74.83042282899999,10.972135829000024],[-74.83009393599997,10.970695975000012],[-74.82872422499997,10.971279232000029],[-74.82867963999996,10.97102670800001],[-74.82760639499998,10.971316760000036],[-74.82740056399996,10.971904977000008],[-74.826104832,10.972448525000004],[-74.82531880099998,10.97254420600001],[-74.82507658199995,10.971471368000039],[-74.824059643,10.971413229000007],[-74.82331032599996,10.97173946800001],[-74.82579626,10.978489136000007],[-74.83219908699999,10.975950787000045]]]}},{"type":"Feature","properties":{"nombre":"San Isidro","municipio":"BARRANQUILLA","color":"#1d4ed8"},"geometry":{"type":"Polygon","coordinates":[[[-74.79974704,10.969003996000026],[-74.795923464,10.966930471000012],[-74.79517653799996,10.966238262000047],[-74.79408803299998,10.968985899000018],[-74.79050383999999,10.968037321000054],[-74.788998929,10.973209699000051],[-74.79198650399996,10.974250519999998],[-74.793248446,10.970891732000041],[-74.796831355,10.972347524000043],[-74.79843720999997,10.970816785000011],[-74.79974704,10.969003996000026]]]}},{"type":"Feature","properties":{"nombre":"El Carmen","municipio":"BARRANQUILLA","color":"#1d4ed8"},"geometry":{"type":"Polygon","coordinates":[[[-74.80326880799998,10.962126664000039],[-74.802472126,10.962284419000014],[-74.80035140899997,10.961342751000018],[-74.79832702099998,10.962592466000046],[-74.79504299499996,10.962969508000015],[-74.79236273499998,10.964256582000019],[-74.79585005399997,10.96688500700003],[-74.79974704,10.969003996000026],[-74.801097653,10.966839374000017],[-74.80326880799998,10.962126664000039]]]}},{"type":"Feature","properties":{"nombre":"La Chinita","municipio":"BARRANQUILLA","color":"#1d4ed8"},"geometry":{"type":"Polygon","coordinates":[[[-74.77390810599996,10.953973966000035],[-74.77348352199999,10.948330615000032],[-74.76596958199997,10.94878389300004],[-74.76905482699999,10.952118463000033],[-74.76528350299998,10.953414609000049],[-74.76607775499997,10.955512848000012],[-74.77390810599996,10.953973966000035]]]}},{"type":"Feature","properties":{"nombre":"Las Palmas","municipio":"BARRANQUILLA","color":"#1d4ed8"},"geometry":{"type":"Polygon","coordinates":[[[-74.79369931899998,10.941743177000035],[-74.79324549,10.938621280000007],[-74.79068828499999,10.938975822000032],[-74.78963734999996,10.939137291000009],[-74.79000600499995,10.942192757000043],[-74.78794039499996,10.942575245],[-74.78837939499999,10.944083789000047],[-74.78849600499996,10.946488491000025],[-74.78732447199997,10.946630194000022],[-74.78710922299996,10.94803132300001],[-74.78738546699998,10.948186950000036],[-74.78706123699999,10.94864516900003],[-74.79123669199998,10.951026674000047],[-74.79263068799997,10.948420959000032],[-74.79233030699999,10.946020154000053],[-74.791061378,10.94617891400003],[-74.79083078099995,10.94434131600002],[-74.79190008199998,10.944215464000024],[-74.79162702499997,10.941999425000006],[-74.79369931899998,10.941743177000035]]]}},{"type":"Feature","properties":{"nombre":"La Uni\u00f3n","municipio":"BARRANQUILLA","color":"#1d4ed8"},"geometry":{"type":"Polygon","coordinates":[[[-74.79347091399995,10.95154068200003],[-74.79155146299996,10.951229339000008],[-74.78708463499999,10.948682889000054],[-74.78738546699998,10.948186950000036],[-74.78710922299996,10.94803132300001],[-74.78732447199997,10.946630194000022],[-74.78478178,10.946916834000035],[-74.786501391,10.952828086000011],[-74.78649087299999,10.955179088000023],[-74.79058536399998,10.956705395000029],[-74.79274965999997,10.954021080000018],[-74.79347091399995,10.95154068200003]]]}},{"type":"Feature","properties":{"nombre":"Lucero","municipio":"BARRANQUILLA","color":"#1d4ed8"},"geometry":{"type":"Polygon","coordinates":[[[-74.80090844799997,10.975205923000033],[-74.79983814299999,10.975552207000021],[-74.79931274999996,10.976550282000005],[-74.79865461399999,10.976327002000005],[-74.79735291599997,10.97653701300004],[-74.79757403099995,10.972489381000003],[-74.796831355,10.972347524000043],[-74.79179351199997,10.974294397000051],[-74.792216311,10.974648099000035],[-74.79056580999998,10.979618240000036],[-74.79141090999997,10.979830976000017],[-74.79165641099996,10.97891501700002],[-74.79386917899996,10.979488279000009],[-74.79403354499999,10.978646678000018],[-74.79596217,10.979114303000017],[-74.79598084999998,10.979363608000028],[-74.79686320499997,10.979024933000005],[-74.79984530299998,10.980081377000033],[-74.80012339499996,10.97954544800001],[-74.799357725,10.979216554000004],[-74.799684684,10.97864465400005],[-74.79905958699999,10.97833263900003],[-74.80090844799997,10.975205923000033]]]}},{"type":"Feature","properties":{"nombre":"Altos de Riomar","municipio":"BARRANQUILLA","color":"#1d4ed8"},"geometry":{"type":"Polygon","coordinates":[[[-74.82522641499997,11.009471288000043],[-74.82385352299997,11.008836016000032],[-74.822058605,11.012228973000049],[-74.81996467299996,11.011017584000001],[-74.816962542,11.015195972000015],[-74.81734110999997,11.015626439000016],[-74.81682371099998,11.016018493000047],[-74.81568479399999,11.018202358000053],[-74.81741100099998,11.01829175100005],[-74.81858144399996,11.019218316000035],[-74.820132693,11.019880822000005],[-74.82068492899998,11.018324280000002],[-74.82471402299996,11.013223374000006],[-74.823319933,11.012641730000041],[-74.82522641499997,11.009471288000043]]]}},{"type":"Feature","properties":{"nombre":"El Porvenir","municipio":"BARRANQUILLA","color":"#1d4ed8"},"geometry":{"type":"Polygon","coordinates":[[[-74.81797105999999,10.99761941700001],[-74.810191438,10.993387465000012],[-74.80736908199998,10.998939176000022],[-74.81175030099996,10.999547176000021],[-74.81354179699997,11.000602223000044],[-74.81338152399996,11.000986665000028],[-74.81598238199996,11.002091685000039],[-74.81797105999999,10.99761941700001]]]}},{"type":"Feature","properties":{"nombre":"Montes","municipio":"BARRANQUILLA","color":"#1d4ed8"},"geometry":{"type":"Polygon","coordinates":[[[-74.79071719899997,10.965148578000026],[-74.78663505399999,10.963434518000042],[-74.78776761199998,10.960529910000048],[-74.78611768899998,10.960566131000007],[-74.78302437899998,10.961246282000047],[-74.781478741,10.960749835000001],[-74.779963845,10.959776095000052],[-74.77896481699997,10.964159469000037],[-74.78269876499996,10.965211281000052],[-74.78232536599995,10.966102205000027],[-74.78622774499996,10.968032872000038],[-74.78660685899996,10.967612810000048],[-74.78779592699999,10.967417183999999],[-74.78930259999998,10.966613601000006],[-74.79071719899997,10.965148578000026]]]}},{"type":"Feature","properties":{"nombre":"Colombia","municipio":"BARRANQUILLA","color":"#1d4ed8"},"geometry":{"type":"Polygon","coordinates":[[[-74.810191438,10.993387465000012],[-74.80215896799996,10.988910868000005],[-74.80056532699996,10.994528634000005],[-74.79975392999995,10.995097441000041],[-74.80276435499997,10.996497730000044],[-74.80409943499996,10.99753272700002],[-74.80502904899998,10.998771311000041],[-74.80778654699998,10.995445178000011],[-74.80886829099995,10.99603455800002],[-74.810191438,10.993387465000012]]]}},{"type":"Feature","properties":{"nombre":"La Paz","municipio":"BARRANQUILLA","color":"#1d4ed8"},"geometry":{"type":"Polygon","coordinates":[[[-74.838025447,10.968286207000006],[-74.83825486899997,10.964501252000048],[-74.834492409,10.96240225400004],[-74.83327322499997,10.96218290400003],[-74.83258998099996,10.963497278000034],[-74.83221487499998,10.963335048000033],[-74.83139103799999,10.963972829],[-74.829837113,10.966580291000014],[-74.82925359899997,10.966881707000027],[-74.83054782299996,10.97242411000002],[-74.83687818299995,10.967662825000048],[-74.838025447,10.968286207000006]]]}},{"type":"Feature","properties":{"nombre":"La Sierrita","municipio":"BARRANQUILLA","color":"#1d4ed8"},"geometry":{"type":"Polygon","coordinates":[[[-74.82186592,10.945649849000006],[-74.82128464499999,10.944222657000012],[-74.820256718,10.943988304000015],[-74.81999526599998,10.942896019000045],[-74.81845730499998,10.942852080000023],[-74.81761001799998,10.943836640000029],[-74.81716559299997,10.943603586000052],[-74.81490447199997,10.946030681000025],[-74.81458610299995,10.945969134000052],[-74.81357972299998,10.947372889000007],[-74.81278958399997,10.947026467],[-74.811844076,10.945918957000004],[-74.81172396,10.944525536000015],[-74.81073140799998,10.943323286000009],[-74.810000005,10.944139656000004],[-74.80945572599995,10.943826571000045],[-74.808432912,10.94610740600001],[-74.80822752899996,10.947998436000034],[-74.80883789199999,10.948272591000034],[-74.80845484399998,10.950728153],[-74.808606096,10.952096547000053],[-74.80803730999997,10.953069400000004],[-74.80868525599999,10.953590878],[-74.812598487,10.94957553100005],[-74.81417362599996,10.948392280000007],[-74.82186592,10.945649849000006]]]}},{"type":"Feature","properties":{"nombre":"Las Delicias","municipio":"BARRANQUILLA","color":"#1d4ed8"},"geometry":{"type":"Polygon","coordinates":[[[-74.812443987,10.985660042000006],[-74.80470839399999,10.983696352000038],[-74.80390557999999,10.986951247000036],[-74.80294261899996,10.989334272999997],[-74.80932528399995,10.992876075000027],[-74.81168755699997,10.989093482000044],[-74.812443987,10.985660042000006]]]}},{"type":"Feature","properties":{"nombre":"Villa Santos","municipio":"BARRANQUILLA","color":"#1d4ed8"},"geometry":{"type":"Polygon","coordinates":[[[-74.840227895,11.011489481000012],[-74.82997096999998,11.006041096000047],[-74.82750587199996,11.01052514700001],[-74.829161838,11.011263558000053],[-74.83222097599997,11.011985946000038],[-74.83693961099999,11.01501726400005],[-74.83855104099996,11.015715184000044],[-74.840227895,11.011489481000012]]]}},{"type":"Feature","properties":{"nombre":"La Concepci\u00f3n","municipio":"BARRANQUILLA","color":"#1d4ed8"},"geometry":{"type":"Polygon","coordinates":[[[-74.80258382699998,11.007229039000038],[-74.80133702899997,11.006721459000005],[-74.79981086799995,11.004774981000025],[-74.79801851299999,11.006093193000027],[-74.79630907,11.00481363700004],[-74.79409621299999,11.007519719000015],[-74.79296372099998,11.006674575000034],[-74.792301054,11.007124366000028],[-74.791135838,11.00721624800002],[-74.79273380000001,11.008281492000037],[-74.79288247399995,11.009471192000035],[-74.79439483599998,11.010987433000025],[-74.79392366599996,11.011740699000029],[-74.79786345999997,11.014626625000005],[-74.800477951,11.010420036000028],[-74.80190652799996,11.008886984000014],[-74.801720123,11.008772153000052],[-74.80199444299996,11.008381069000052],[-74.80241082399999,11.008464988000014],[-74.80258382699998,11.007229039000038]]]}},{"type":"Feature","properties":{"nombre":"La Luz","municipio":"BARRANQUILLA","color":"#1d4ed8"},"geometry":{"type":"Polygon","coordinates":[[[-74.775147204,10.962502465],[-74.77390810599996,10.953973966000035],[-74.76607775499997,10.955512848000012],[-74.76886330499997,10.962945962000049],[-74.77141722799996,10.962511996000046],[-74.775147204,10.962502465]]]}},{"type":"Feature","properties":{"nombre":"San Felipe","municipio":"BARRANQUILLA","color":"#1d4ed8"},"geometry":{"type":"Polygon","coordinates":[[[-74.81313578999999,10.976158651000048],[-74.81383264499999,10.97170632700005],[-74.812245271,10.971477434000008],[-74.81253915499997,10.968942381000033],[-74.80592900699997,10.968620772999998],[-74.80543857699996,10.975984029000017],[-74.808077911,10.976929739000013],[-74.81007199299995,10.976898195000047],[-74.81154283499995,10.977691443000026],[-74.81211948099997,10.976958398000022],[-74.81133254299999,10.976452996000035],[-74.81146979799996,10.976297256999999],[-74.81210474799997,10.975737922000008],[-74.81313578999999,10.976158651000048]]]}},{"type":"Feature","properties":{"nombre":"Miramar","municipio":"BARRANQUILLA","color":"#1d4ed8"},"geometry":{"type":"Polygon","coordinates":[[[-74.83948387999999,11.005843126000002],[-74.837846286,11.004930927000032],[-74.83802425299996,11.004022461000034],[-74.83720655299999,10.99904390100005],[-74.83593856199997,10.998667214000022],[-74.83420397599997,10.99873386600001],[-74.833243015,11.000097173000029],[-74.832096939,11.000543909000044],[-74.83248556999996,11.00247170900002],[-74.83220057199998,11.003505252000025],[-74.83123040499999,11.00461722600005],[-74.829767634,11.005032055000015],[-74.830314209,11.005314186000021],[-74.82997096999998,11.006041096000047],[-74.837352872,11.009939975000009],[-74.83948387999999,11.005843126000002]]]}},{"type":"Feature","properties":{"nombre":"Campo Alegre","municipio":"BARRANQUILLA","color":"#1d4ed8"},"geometry":{"type":"Polygon","coordinates":[[[-74.83685087399999,10.989334951000046],[-74.83616256899995,10.986141908000036],[-74.83608712199998,10.98266540000003],[-74.83245985299999,10.983079402000044],[-74.82983244100001,10.986322384000005],[-74.82916535999999,10.986724300000049],[-74.82818668299996,10.986466910000047],[-74.82690091,10.984806073000016],[-74.824592661,10.984833313000024],[-74.82497940999997,10.986515698000005],[-74.82651413899998,10.98637577300002],[-74.82595920199998,10.986959575000014],[-74.82670963599998,10.98802100100005],[-74.82648326699996,10.98992679500003],[-74.827295101,10.990199320000045],[-74.82691395199998,10.990933940000048],[-74.82887673599998,10.991540290000046],[-74.83020864499997,10.992555535999998],[-74.83132082499998,10.991604799000015],[-74.83177759699998,10.988765661000002],[-74.83278142199998,10.989005124000016],[-74.83408806,10.988408307000043],[-74.83685087399999,10.989334951000046]]]}},{"type":"Feature","properties":{"nombre":"Las Am\u00e9ricas","municipio":"BARRANQUILLA","color":"#1d4ed8"},"geometry":{"type":"Polygon","coordinates":[[[-74.81804008899996,10.941282389000037],[-74.816876369,10.94056092400001],[-74.81409487399998,10.937703494000004],[-74.81137609899997,10.936265982000009],[-74.81022267399999,10.937522300000012],[-74.80949789099998,10.939711260000024],[-74.80846352199995,10.941323020000027],[-74.80820020699997,10.942351521000035],[-74.80851788299998,10.942486093000014],[-74.80814429699996,10.943108953000035],[-74.810000005,10.944139656000004],[-74.81073140799998,10.943323286000009],[-74.81172396,10.944525536000015],[-74.811844076,10.945918957000004],[-74.81278958399997,10.947026467],[-74.81357972299998,10.947372889000007],[-74.81458610299995,10.945969134000052],[-74.81490447199997,10.946030681000025],[-74.81709871999999,10.943752223000047],[-74.81804008899996,10.941282389000037]]]}},{"type":"Feature","properties":{"nombre":"La Victoria","municipio":"BARRANQUILLA","color":"#1d4ed8"},"geometry":{"type":"Polygon","coordinates":[[[-74.80305561399996,10.949125976000005],[-74.80191320999995,10.948607026000047],[-74.802023399,10.948322338000025],[-74.79982754999997,10.948322793000045],[-74.79983744399999,10.948596263000013],[-74.79908554599996,10.948658049000016],[-74.79542430599997,10.950476675000004],[-74.79433485099997,10.950242272000025],[-74.79362620499995,10.951077277000024],[-74.79290752200001,10.953690330000029],[-74.79180713199997,10.955337795000048],[-74.79615483699996,10.957094367000025],[-74.796529841,10.956301544000041],[-74.79727816399998,10.956394014000011],[-74.79915426099996,10.955694472000005],[-74.79969192099998,10.954965129000016],[-74.80030616599998,10.955318532000035],[-74.80238955099998,10.953745897000033],[-74.80299845599995,10.952154710000002],[-74.80168545699996,10.951517866000017],[-74.80305561399996,10.949125976000005]]]}},{"type":"Feature","properties":{"nombre":"Evaristo Sourdis","municipio":"BARRANQUILLA","color":"#1d4ed8"},"geometry":{"type":"Polygon","coordinates":[[[-74.82963771499999,10.957833187000006],[-74.829483289,10.956119803000036],[-74.828059553,10.955911461000028],[-74.82350879999996,10.956091715000014],[-74.81907647099996,10.95579175100005],[-74.81701297999996,10.957063113000004],[-74.81750501799996,10.958429765000005],[-74.81717589099998,10.95870906700003],[-74.81821666599996,10.96026458600005],[-74.81952847899998,10.959363770000039],[-74.82430538599999,10.960466367000038],[-74.82482398299999,10.964609039000038],[-74.826255382,10.964298277000012],[-74.827125965,10.963585149000039],[-74.82852530399998,10.963062370000046],[-74.82798064399998,10.960398618],[-74.82944992699998,10.959797167000033],[-74.82912772199995,10.958746813000005],[-74.82963771499999,10.957833187000006]]]}},{"type":"Feature","properties":{"nombre":"Santa Mar\u00eda","municipio":"BARRANQUILLA","color":"#1d4ed8"},"geometry":{"type":"Polygon","coordinates":[[[-74.82791488099997,10.936920194000038],[-74.82778906799996,10.932832492000045],[-74.82720526399999,10.932831552000039],[-74.82681707899997,10.929533407000008],[-74.82761173799997,10.927939269000035],[-74.823733855,10.926123340000004],[-74.82263170299996,10.928523490000032],[-74.82270608099998,10.930592384000022],[-74.82236491999998,10.931484690000048],[-74.81942224099998,10.929838296000014],[-74.81831970499996,10.930826939000042],[-74.818354854,10.932734476000007],[-74.81890530299995,10.932848630000024],[-74.81894285499999,10.933617658000003],[-74.819371306,10.933635453000022],[-74.81937698799999,10.93576226500005],[-74.82317182499997,10.93561279100004],[-74.82417211,10.935778995000021],[-74.824150702,10.93631240100001],[-74.82692977599999,10.936210470000049],[-74.82698349499998,10.936866332000022],[-74.82791488099997,10.936920194000038]]]}},{"type":"Feature","properties":{"nombre":"Las Malvinas","municipio":"BARRANQUILLA","color":"#1d4ed8"},"geometry":{"type":"Polygon","coordinates":[[[-74.83606808399998,10.956333629000028],[-74.834709783,10.95182859700003],[-74.831582787,10.950704540000004],[-74.83125554599997,10.951014835000024],[-74.83070985299997,10.950830960000019],[-74.829550644,10.949457363000022],[-74.82818687899999,10.94966864600002],[-74.824769189,10.948469175000014],[-74.823909851,10.948521451000033],[-74.82414892499997,10.952315877000046],[-74.82690800199998,10.952815326000007],[-74.826795102,10.956000490000008],[-74.829483289,10.956119803000036],[-74.82956300299998,10.956803474000026],[-74.83176091499996,10.956965355000023],[-74.83218960699998,10.957446017000052],[-74.83606808399998,10.956333629000028]]]}},{"type":"Feature","properties":{"nombre":"Villa Carolina","municipio":"BARRANQUILLA","color":"#1d4ed8"},"geometry":{"type":"Polygon","coordinates":[[[-74.82148376099997,11.019966306000015],[-74.82004384199996,11.019860090999998],[-74.81741100099998,11.01829175100005],[-74.81463514899997,11.018219720000047],[-74.81340859199997,11.01773683500005],[-74.81111399999998,11.023045327000034],[-74.81088240999998,11.022877790000052],[-74.810427731,11.023163845],[-74.809300377,11.024274025000011],[-74.81079659,11.025902316000042],[-74.810898237,11.024508513],[-74.811927803,11.024869647000003],[-74.81328296999999,11.024523489000046],[-74.81589168599999,11.027805989],[-74.81699793499996,11.027423595000016],[-74.82148376099997,11.019966306000015]]]}},{"type":"Feature","properties":{"nombre":"Chiquinquir\u00e1","municipio":"BARRANQUILLA","color":"#1d4ed8"},"geometry":{"type":"Polygon","coordinates":[[[-74.792216311,10.974648099000035],[-74.79163073999996,10.974158226000043],[-74.788998929,10.973209699000051],[-74.78936124999996,10.971986432000051],[-74.78702201199997,10.971122868000009],[-74.787527216,10.970045577000008],[-74.78551741299998,10.969308587],[-74.78229258799996,10.978250414000001],[-74.790295039,10.980652157000009],[-74.792216311,10.974648099000035]]]}},{"type":"Feature","properties":{"nombre":"La Esmeralda","municipio":"BARRANQUILLA","color":"#1d4ed8"},"geometry":{"type":"Polygon","coordinates":[[[-74.82667604199997,10.967990242000042],[-74.826451443,10.96659713400004],[-74.82534246799997,10.966960405999998],[-74.82477412999998,10.964628158000039],[-74.82244913799997,10.964994532000048],[-74.820357591,10.963931885000022],[-74.81883416399995,10.963612583000042],[-74.81465892699998,10.964071752000052],[-74.81339878299997,10.963949254],[-74.81277941599996,10.964806589000034],[-74.81132145199996,10.968866071000036],[-74.82043432,10.969430379000016],[-74.82227292199997,10.97097960900004],[-74.823049809,10.970352576000039],[-74.82241465299995,10.969529730000033],[-74.82412840399996,10.96812836600003],[-74.82667604199997,10.967990242000042]]]}},{"type":"Feature","properties":{"nombre":"El Rosario","municipio":"BARRANQUILLA","color":"#1d4ed8"},"geometry":{"type":"Polygon","coordinates":[[[-74.79203775799999,10.984450826],[-74.79053890299997,10.984042385999999],[-74.79095329199998,10.982266935000041],[-74.78990186799996,10.982024410999998],[-74.790295039,10.980652157000009],[-74.78288189799997,10.978473028000053],[-74.78100059299999,10.986294888000032],[-74.78951670499998,10.988661351000019],[-74.78956919899997,10.987658299000032],[-74.79002338199996,10.986713672000008],[-74.79203775799999,10.984450826]]]}},{"type":"Feature","properties":{"nombre":"Barrio Abajo","municipio":"BARRANQUILLA","color":"#1d4ed8"},"geometry":{"type":"Polygon","coordinates":[[[-74.78951670499998,10.988661351000019],[-74.78097471299998,10.986287825000034],[-74.776177593,10.985559819000002],[-74.77780176299996,10.988281082000015],[-74.77962983599997,10.990321354000002],[-74.78001139499997,10.99247918900005],[-74.781713115,10.995379258000014],[-74.785366157,10.993800020000037],[-74.78926197699997,10.992728447000047],[-74.78912387599996,10.990735543000028],[-74.78951670499998,10.988661351000019]]]}},{"type":"Feature","properties":{"nombre":"La Pradera","municipio":"BARRANQUILLA","color":"#1d4ed8"},"geometry":{"type":"Polygon","coordinates":[[[-74.85080231,10.975944120000008],[-74.85033511899996,10.975678411000047],[-74.84864949999996,10.97648470200005],[-74.84648695199996,10.975017820000005],[-74.84479220699995,10.975795061000042],[-74.842500336,10.975411391000023],[-74.84088817499998,10.975635144000023],[-74.84036791699998,10.975042127000052],[-74.83914005699995,10.975736202000007],[-74.83880502299996,10.975334324000016],[-74.837969488,10.975972721000005],[-74.83761930399999,10.975609618000021],[-74.83617076799999,10.975742417000049],[-74.83608712199998,10.98266540000003],[-74.84696483299996,10.979821941000012],[-74.85046007,10.978135751000025],[-74.85040052299996,10.976982229000043],[-74.85080231,10.975944120000008]]]}},{"type":"Feature","properties":{"nombre":"San Jos\u00e9","municipio":"BARRANQUILLA","color":"#1d4ed8"},"geometry":{"type":"Polygon","coordinates":[[[-74.80058087699996,10.955649491000031],[-74.79969192099998,10.954965129000016],[-74.79915426099996,10.955694472000005],[-74.79727816399998,10.956394014000011],[-74.796529841,10.956301544000041],[-74.79615483699996,10.957094367000025],[-74.79180713199997,10.955337795000048],[-74.79058536399998,10.956705395000029],[-74.79020753099996,10.956562482000038],[-74.78967707599998,10.956933003000017],[-74.788180517,10.958650552000051],[-74.78771280399997,10.959629937000045],[-74.78808101199996,10.95971053300002],[-74.78663505399999,10.963434518000042],[-74.79071719899997,10.965148578000026],[-74.79504299499996,10.962969508000015],[-74.79774735999996,10.962751904000015],[-74.798814043,10.962340073000007],[-74.79638803299997,10.95938068800001],[-74.80058087699996,10.955649491000031]]]}},{"type":"Feature","properties":{"nombre":"Centro","municipio":"BARRANQUILLA","color":"#1d4ed8"},"geometry":{"type":"Polygon","coordinates":[[[-74.78288189799997,10.978473028000053],[-74.77493399899998,10.975260020000007],[-74.770070325,10.974316309000017],[-74.76997334800001,10.977486870000007],[-74.77338082699998,10.977778806000003],[-74.77501042299997,10.978346037000051],[-74.77475365799995,10.980413571000042],[-74.77578984899998,10.984399913000004],[-74.77550104699998,10.98547099700005],[-74.78100059299999,10.986294888000032],[-74.78288189799997,10.978473028000053]]]}},{"type":"Feature","properties":{"nombre":"Olaya","municipio":"BARRANQUILLA","color":"#1d4ed8"},"geometry":{"type":"Polygon","coordinates":[[[-74.81704984999999,10.982070829999998],[-74.81677289799995,10.981884359000048],[-74.81698825399997,10.981078797999999],[-74.81477511599996,10.979989128],[-74.81399256599997,10.978974632000018],[-74.810209154,10.976937375000034],[-74.80746913299998,10.976730435000036],[-74.80469832899996,10.981922402999999],[-74.805441137,10.982189134999999],[-74.80470839399999,10.983696352000038],[-74.81620712399996,10.986586511000041],[-74.81671428099997,10.985152984000024],[-74.81704984999999,10.982070829999998]]]}},{"type":"Feature","properties":{"nombre":"Boston","municipio":"BARRANQUILLA","color":"#1d4ed8"},"geometry":{"type":"Polygon","coordinates":[[[-74.80215896799996,10.988910868000005],[-74.79567312199998,10.98535193500004],[-74.792781564,10.984129832999997],[-74.79252178499996,10.984583968000038],[-74.79203775799999,10.984450826],[-74.79002338199996,10.986713672000008],[-74.78956919899997,10.987658299000032],[-74.78912387599996,10.990735543000028],[-74.79105826799997,10.99075439500001],[-74.792883932,10.991259644000024],[-74.795613887,10.993015499000023],[-74.79975392999995,10.995097441000041],[-74.80056532699996,10.994528634000005],[-74.80215896799996,10.988910868000005]]]}},{"type":"Feature","properties":{"nombre":"San Roque","municipio":"BARRANQUILLA","color":"#1d4ed8"},"geometry":{"type":"Polygon","coordinates":[[[-74.78622774499996,10.968032872000038],[-74.78232536599995,10.966102205000027],[-74.78269876499996,10.965211281000052],[-74.77896481699997,10.964159469000037],[-74.77774642899999,10.969695152000043],[-74.7766009,10.969539881000003],[-74.77637622499998,10.973696321000034],[-74.77670629899995,10.974497474000032],[-74.77613857999995,10.97573264500005],[-74.78229258799996,10.978250414000001],[-74.784755771,10.970972698000026],[-74.78622774499996,10.968032872000038]]]}},{"type":"Feature","properties":{"nombre":"Carrizal","municipio":"BARRANQUILLA","color":"#1d4ed8"},"geometry":{"type":"Polygon","coordinates":[[[-74.816952523,10.932370321000008],[-74.81318550099996,10.931446251000011],[-74.80968669499998,10.93109993600001],[-74.80572172499996,10.934076910000044],[-74.80468690599997,10.934979757999997],[-74.80499828999996,10.935399776000054],[-74.803450554,10.936344335000001],[-74.80271252699998,10.93742114400004],[-74.80269089299998,10.938320247000036],[-74.80238826299995,10.938318963000029],[-74.80289639999995,10.938812745000007],[-74.80153835199997,10.940910120000012],[-74.80698744299997,10.94470492000005],[-74.80857767399999,10.94547131400003],[-74.80945572599995,10.943826571000045],[-74.80814429699996,10.943108953000035],[-74.80851788299998,10.942486093000014],[-74.80820020699997,10.942351521000035],[-74.810274037,10.937428633000025],[-74.811964268,10.935249462000002],[-74.81660454999997,10.932828982000046],[-74.816952523,10.932370321000008]]]}},{"type":"Feature","properties":{"nombre":"7 de abril","municipio":"BARRANQUILLA","color":"#1d4ed8"},"geometry":{"type":"Polygon","coordinates":[[[-74.823733855,10.926123340000004],[-74.81735154756619,10.923027018029163],[-74.81654177601628,10.923418812632388],[-74.81307312353108,10.923503255503347],[-74.81305281488368,10.923184236447467],[-74.81214331289075,10.922961028800984],[-74.81064450299999,10.928819462000035],[-74.80968669499998,10.93109993600001],[-74.81318550099996,10.931446251000011],[-74.818354854,10.932734476000007],[-74.81831970499996,10.930826939000042],[-74.81942224099998,10.929838296000014],[-74.82236491999998,10.931484690000048],[-74.82270608099998,10.930592384000022],[-74.82263170299996,10.928523490000032],[-74.823733855,10.926123340000004]]]}},{"type":"Feature","properties":{"nombre":"El Recreo","municipio":"BARRANQUILLA","color":"#1d4ed8"},"geometry":{"type":"Polygon","coordinates":[[[-74.805441137,10.982189134999999],[-74.80196730199998,10.981048431000033],[-74.802530563,10.979874683000048],[-74.801213916,10.979359222000028],[-74.80093485399999,10.979896665000012],[-74.80012339499996,10.97954544800001],[-74.79984530299998,10.980081377000033],[-74.79686320499997,10.979024933000005],[-74.79598084999998,10.979363608000028],[-74.79596217,10.979114303000017],[-74.79403354499999,10.978646678000018],[-74.79386917899996,10.979488279000009],[-74.79165641099996,10.97891501700002],[-74.79141090999997,10.979830976000017],[-74.79056580999998,10.979618240000036],[-74.78990186799996,10.982024410999998],[-74.79095329199998,10.982266935000041],[-74.79053890299997,10.984042385999999],[-74.79252178499996,10.984583968000038],[-74.792781564,10.984129832999997],[-74.79413979499998,10.984634792000008],[-74.80294261899996,10.989334272999997],[-74.805441137,10.982189134999999]]]}},{"type":"Feature","properties":{"nombre":"Santo Domingo de Guzm\u00e1n","municipio":"BARRANQUILLA","color":"#1d4ed8"},"geometry":{"type":"Polygon","coordinates":[[[-74.82499669999999,10.93634824000003],[-74.824150702,10.93631240100001],[-74.82417211,10.935778995000021],[-74.82255376299997,10.93552941400003],[-74.82253798199997,10.935765763000006],[-74.81937698799999,10.93576226500005],[-74.819371306,10.933635453000022],[-74.81894285499999,10.933617658000003],[-74.81890530299995,10.932848630000024],[-74.816952523,10.932370321000008],[-74.81660454999997,10.932828982000046],[-74.81202585099999,10.935205366000048],[-74.81137609899997,10.936265982000009],[-74.81409487399998,10.937703494000004],[-74.816876369,10.94056092400001],[-74.81804008899996,10.941282389000037],[-74.81716559299997,10.943603586000052],[-74.81761001799998,10.943836640000029],[-74.81845730499998,10.942852080000023],[-74.819958257,10.942868339000029],[-74.820256718,10.943988304000015],[-74.82128464499999,10.944222657000012],[-74.82186592,10.945649849000006],[-74.82472750099998,10.944681649000017],[-74.82499669999999,10.93634824000003]]]}},{"type":"Feature","properties":{"nombre":"Ciudad Jard\u00edn","municipio":"BARRANQUILLA","color":"#1d4ed8"},"geometry":{"type":"Polygon","coordinates":[[[-74.827295101,10.990199320000045],[-74.82648326699996,10.98992679500003],[-74.82670963599998,10.98802100100005],[-74.82595920199998,10.986959575000014],[-74.82651413899998,10.98637577300002],[-74.82497940999997,10.986515698000005],[-74.824592661,10.984833313000024],[-74.82342941999997,10.984920533000036],[-74.82001232599998,10.98691700400002],[-74.82107058999998,10.988499915000034],[-74.82028495599997,10.988530829000013],[-74.82022724199999,10.988869485999999],[-74.81830123399999,10.989251241000034],[-74.81690779599995,10.989964827000051],[-74.816707167,10.989750126000047],[-74.81297814499999,10.991848684000047],[-74.811375199,10.991537655000002],[-74.80993789999997,10.99183758800001],[-74.80932528399995,10.992876075000027],[-74.81797105999999,10.99761941700001],[-74.81903510000001,10.995219119000012],[-74.82251790599997,10.993209598000021],[-74.82362407,10.992987780000021],[-74.825983119,10.991024693000043],[-74.82696349699995,10.990904385000022],[-74.827295101,10.990199320000045]]]}},{"type":"Feature","properties":{"nombre":"Ciudadela 20 de julio","municipio":"BARRANQUILLA","color":"#1d4ed8"},"geometry":{"type":"Polygon","coordinates":[[[-74.81225950202466,10.922524584346471],[-74.80943029460829,10.922279604057547],[-74.80932163638073,10.92180076739178],[-74.80838830410131,10.921661772993227],[-74.80516248091706,10.92243789106334],[-74.80336413340004,10.92181055313434],[-74.80211714981859,10.92175364568282],[-74.8021101794639,10.923277475886893],[-74.79720795889577,10.923533728749092],[-74.79795361230327,10.924012895110927],[-74.7977024003797,10.926377762062659],[-74.79700127335755,10.92651840945606],[-74.7966119715164,10.928257423486771],[-74.79568272384455,10.928647117641693],[-74.79446156308813,10.930618379835732],[-74.79482203073347,10.93101054164601],[-74.79654042383036,10.931226856357604],[-74.79745051590257,10.930846964275341],[-74.79754890087426,10.9299011941008],[-74.79918519049362,10.930056167255911],[-74.79922443432952,10.938305535001438],[-74.80269089300023,10.938320246989237],[-74.80271252699998,10.93742114400004],[-74.803450554,10.936344335000001],[-74.80499828932633,10.93539977655971],[-74.80468690599997,10.934979757999997],[-74.80969553599999,10.931091990000027],[-74.81148547499998,10.925648266000053],[-74.81148811097042,10.925052342325944],[-74.80980969867421,10.925417492445797],[-74.80712485926864,10.924400308913388],[-74.80705601768852,10.925138713642838],[-74.80784956598924,10.926238239666333],[-74.80761863250696,10.926406477450952],[-74.80269224299997,10.926080111000033],[-74.80268007901134,10.92324768183305],[-74.81219953775388,10.922749828764335],[-74.81225950202466,10.922524584346471]]]}},{"type":"Feature","properties":{"nombre":"Alameda del R\u00edo","municipio":"BARRANQUILLA","color":"#1d4ed8"},"geometry":{"type":"Polygon","coordinates":[[[-74.854827425,10.991042723000021],[-74.85429217299998,10.990576156000031],[-74.85279146599999,10.990731785000037],[-74.85153215699995,10.991333257999997],[-74.85105974300001,10.988471456000013],[-74.84521441199996,10.99053514000002],[-74.84368215999996,10.988855423000018],[-74.84179319099997,10.990182700000048],[-74.84260131799999,10.991997244000004],[-74.84135247799998,10.992526091000002],[-74.83814113799997,10.992878692000033],[-74.84067049999999,10.999750385000027],[-74.84096433899998,10.999753249000037],[-74.84492084299995,10.998291116000019],[-74.84581290099999,10.998322191],[-74.84877235699997,10.996766724000054],[-74.849748315,10.995771259000037],[-74.853169519,10.994671959000016],[-74.85356821899995,10.99317880700005],[-74.854827425,10.991042723000021]]]}},{"type":"Feature","properties":{"nombre":"Para\u00edso","municipio":"BARRANQUILLA","color":"#1d4ed8"},"geometry":{"type":"Polygon","coordinates":[[[-74.81101107,11.016303183000048],[-74.808692823,11.015733387000012],[-74.81078643000001,11.011893283000006],[-74.80748677999998,11.010847722000051],[-74.80497403199996,11.008845279000013],[-74.804641538,11.009218938000004],[-74.80382963599999,11.00873247300001],[-74.80199444299996,11.008381069000052],[-74.801720123,11.008772153000052],[-74.80190652799996,11.008886984000014],[-74.800477951,11.010420036000028],[-74.79729766499997,11.015423591000001],[-74.79788911499998,11.015749647000007],[-74.79665402899997,11.017644363000045],[-74.798765178,11.020507062000036],[-74.80280926,11.016730894000034],[-74.80314893099995,11.017090470000028],[-74.80492640099999,11.01753308800005],[-74.80453845699998,11.019109454000045],[-74.80572264099999,11.01972616400002],[-74.80610598299995,11.02028389100002],[-74.80752653799999,11.01895193200005],[-74.80923739099995,11.019284056000004],[-74.810721425,11.01736881200003],[-74.81101107,11.016303183000048]]]}},{"type":"Feature","properties":{"nombre":"Alto Prado","municipio":"BARRANQUILLA","color":"#1d4ed8"},"geometry":{"type":"Polygon","coordinates":[[[-74.81873630899997,11.00237559300001],[-74.81643860499997,11.00134894200005],[-74.81598238199996,11.002091685000039],[-74.81338152399996,11.000986665000028],[-74.81354179699997,11.000602223000044],[-74.81175030099996,10.999547176000021],[-74.80736908199998,10.998939176000022],[-74.80678556499998,10.99974051700002],[-74.79981086799995,11.004774981000025],[-74.80133702899997,11.006721459000005],[-74.80258382699998,11.007229039000038],[-74.80278809599997,11.005803755000045],[-74.802531052,11.005047604000026],[-74.80503327099996,11.003228131000014],[-74.80646074999999,11.003683494000029],[-74.80809935799999,11.00426776400002],[-74.80743025499999,11.005775999000036],[-74.80588764999999,11.007723139000007],[-74.80947851099995,11.008860584000047],[-74.81055218699998,11.00734820300005],[-74.81395524099997,11.008754493000026],[-74.81325614599996,11.009309570000028],[-74.815150776,11.010175878000041],[-74.81642914899999,11.008504732000006],[-74.818275615,11.007291942000052],[-74.81675465199999,11.006578730000001],[-74.81873630899997,11.00237559300001]]]}},{"type":"Feature","properties":{"nombre":"El Prado","municipio":"BARRANQUILLA","color":"#1d4ed8"},"geometry":{"type":"Polygon","coordinates":[[[-74.80736908199998,10.998939176000022],[-74.80556045699996,10.998187459000007],[-74.80502904899998,10.998771311000041],[-74.80409943499996,10.99753272700002],[-74.80249448499995,10.996317223000005],[-74.795613887,10.993015499000023],[-74.793076671,10.991345168999999],[-74.79126705499999,10.990786393000008],[-74.78912387599996,10.990735543000028],[-74.78926197699997,10.992728447000047],[-74.79149764599998,10.992829656000026],[-74.79129781,10.996958427000038],[-74.79313021399997,10.997304680000013],[-74.79906892099996,11.00529020600004],[-74.80678556499998,10.99974051700002],[-74.80736908199998,10.998939176000022]]]}},{"type":"Feature","properties":{"nombre":"Rebolo","municipio":"BARRANQUILLA","color":"#1d4ed8"},"geometry":{"type":"Polygon","coordinates":[[[-74.779963845,10.959776095000052],[-74.77782234699998,10.958798143000024],[-74.774550863,10.957934042000034],[-74.775147204,10.962502465],[-74.77141722799996,10.962511996000046],[-74.76886330499997,10.962945962000049],[-74.76949731299999,10.965214115000038],[-74.77049229199997,10.967175302000044],[-74.77052063499997,10.969138628000053],[-74.76992310099996,10.972688753],[-74.770070325,10.974316309000017],[-74.774317973,10.975080111000011],[-74.77613857999995,10.97573264500005],[-74.77670629899995,10.974497474000032],[-74.77637622499998,10.973696321000034],[-74.7766009,10.969539881000003],[-74.77774642899999,10.969695152000043],[-74.779963845,10.959776095000052]]]}},{"type":"Feature","properties":{"nombre":"Las Nieves","municipio":"BARRANQUILLA","color":"#1d4ed8"},"geometry":{"type":"Polygon","coordinates":[[[-74.78663459999996,10.953858569000033],[-74.78508705999997,10.947918465000043],[-74.78249367899997,10.948761684000033],[-74.782327807,10.948082819000035],[-74.780867844,10.948376445999997],[-74.780687011,10.94771146000005],[-74.776254763,10.948592167000015],[-74.775075039,10.950836392000042],[-74.77446554099998,10.950901880000004],[-74.77461076999998,10.951720268000031],[-74.773823075,10.951864960000023],[-74.77394387199996,10.954654959000038],[-74.774550863,10.957934042000034],[-74.778374837,10.959004452000045],[-74.78188137999996,10.96087908200002],[-74.78175313599996,10.96012128700005],[-74.78305491099997,10.956298132000029],[-74.785965981,10.956700817000012],[-74.78663459999996,10.953858569000033]]]}},{"type":"Feature","properties":{"nombre":"Los Trigales","municipio":"BARRANQUILLA","color":"#1d4ed8"},"geometry":{"type":"MultiPolygon","coordinates":[[[[-74.84043315884341,10.935772828603946],[-74.8403978411566,10.934933571396053],[-74.83928891247469,10.9349439965584],[-74.8392512,10.9353623],[-74.83918850325819,10.934947005985396],[-74.83867512878784,10.934945699423443],[-74.8386218,10.9353623],[-74.83848018211474,10.934966895935053],[-74.83820628211474,10.935064995935054],[-74.8383479,10.935460399999998],[-74.83799916070974,10.935226346785052],[-74.8382979,10.9355349],[-74.83787974724203,10.935661199291344],[-74.8382997,10.9356549],[-74.83790601962983,10.935810040792898],[-74.8375889,10.9358493],[-74.83757396477841,10.935429565632623],[-74.83711306477842,10.935445965632624],[-74.837128,10.935865700000022],[-74.83692235726555,10.935466679867968],[-74.8369706,10.935883899999999],[-74.83655775068472,10.935778730931967],[-74.8369416,10.9359492],[-74.83618788573413,10.9360151418349],[-74.8361995,10.936996800000026],[-74.83615886815645,10.936578770033025],[-74.83545505858775,10.936601611072208],[-74.83543574141224,10.937441388927793],[-74.8357368,10.9376106],[-74.83535743044976,10.937790818601561],[-74.835369002878,10.93886065585226],[-74.83615922052196,10.938839953541143],[-74.83683291678899,10.940178047508372],[-74.83847452310884,10.940120317399746],[-74.83832218315902,10.938033176928014],[-74.83855794024056,10.93810773794358],[-74.83831419186006,10.937791851396465],[-74.83871343625674,10.937734935424475],[-74.8383109762286,10.9376852517903],[-74.83867911447959,10.93771466213099],[-74.83878418568591,10.9366285336531],[-74.8384053,10.9364473],[-74.83882507857241,10.936460936353969],[-74.83883617857241,10.936119236353969],[-74.8384164,10.9361056],[-74.83882299114543,10.936000321130075],[-74.8389624,10.9354059],[-74.83902509674182,10.935821194014602],[-74.83951518752532,10.935807803441598],[-74.8395529,10.9353895],[-74.8395705588434,10.935809128603946],[-74.84043315884341,10.935772828603946]]],[[[-74.83448665364246,10.93510198820395],[-74.83440007326146,10.935067518263038],[-74.83440869874036,10.935297792575668],[-74.83448665364246,10.93510198820395]]],[[[-74.83442523513901,10.934409789699812],[-74.83430334278215,10.934358928622926],[-74.83434896841266,10.934592568586812],[-74.83442523513901,10.934409789699812]]],[[[-74.83405177331893,10.932873294231124],[-74.83381255224852,10.932774806340069],[-74.8339519028735,10.933115873441677],[-74.83405177331893,10.932873294231124]]]]}},{"type":"Feature","properties":{"nombre":"Urbanizaci\u00f3n Miramar - El Tabor","municipio":"BARRANQUILLA","color":"#1d4ed8"},"geometry":{"type":"Polygon","coordinates":[[[-74.841994263,11.004789287000051],[-74.84153109699997,11.002142178000042],[-74.83685087399999,10.989334951000046],[-74.83408806,10.988408307000043],[-74.83278142199998,10.989005124000016],[-74.83177759699998,10.988765661000002],[-74.83124012799999,10.991771399000015],[-74.83020864499997,10.992555535999998],[-74.8297508,10.992076386999997],[-74.82948679599997,10.992652306000025],[-74.83080947599996,10.995616126000016],[-74.83084507499996,10.997164915000042],[-74.83131512099999,10.997239285000035],[-74.831896153,11.000575896000043],[-74.833243015,11.000097173000029],[-74.83422661599997,10.99872627800005],[-74.83593856199997,10.998667214000022],[-74.83717892199996,10.99898758300003],[-74.838012021,11.003910925000014],[-74.837846286,11.004930927000032],[-74.83948387999999,11.005843126000002],[-74.837352872,11.009939975000009],[-74.840236033,11.011504529000035],[-74.84139330599999,11.008595674000048],[-74.841994263,11.004789287000051]]]}},{"type":"Feature","properties":{"nombre":"Caribe Verde","municipio":"BARRANQUILLA","color":"#1d4ed8"},"geometry":{"type":"Polygon","coordinates":[[[-74.865856226,10.956226264000009],[-74.86394352599996,10.954387728000029],[-74.86317765799998,10.95582908700004],[-74.86323024299998,10.957042250000029],[-74.860029752,10.956772943000033],[-74.86242160899997,10.950178071000039],[-74.86073214799995,10.949369443000023],[-74.85893809699996,10.95253212700004],[-74.85680790599997,10.951526502000036],[-74.857668209,10.949815557000022],[-74.85617813199997,10.948996519000048],[-74.85500296199996,10.94975353700005],[-74.85230115299998,10.95237640800002],[-74.85192425999998,10.955843552000033],[-74.84464450999997,10.955033810000032],[-74.84426748299995,10.957269630000042],[-74.84489849799996,10.960185232000015],[-74.84884405899999,10.960703517000013],[-74.84906429699998,10.958163111000033],[-74.85414313199999,10.958805700000028],[-74.853859973,10.961283899000023],[-74.85637834799996,10.960464580000007],[-74.85684009099998,10.960868935000008],[-74.85604266299998,10.96191625900002],[-74.85884462999996,10.96434238300003],[-74.860985116,10.962040294000019],[-74.86159378399998,10.962517212000023],[-74.86382865399997,10.959976609000023],[-74.86476264499998,10.960723083000005],[-74.86569506000001,10.959638723000012],[-74.86414236899998,10.95828384400005],[-74.862670546,10.95994040200003],[-74.861305249,10.958740656000032],[-74.861959909,10.95798350800004],[-74.86432342399996,10.957882340000026],[-74.865856226,10.956226264000009]]]}},{"type":"Feature","properties":{"nombre":"La Playa","municipio":"BARRANQUILLA","color":"#1d4ed8"},"geometry":{"type":"Polygon","coordinates":[[[-74.87363334099996,11.031377206000002],[-74.87198143999996,11.029573628000037],[-74.87243676399999,11.028758874000005],[-74.87105987399997,11.027135360000045],[-74.86829336399995,11.026605283000038],[-74.87182566499996,11.022325856000009],[-74.87012381299996,11.021088845000008],[-74.86915722399999,11.02255812300001],[-74.86653454999998,11.025212702000033],[-74.865107475,11.02534296500005],[-74.86446504599996,11.02462146800002],[-74.86218591899996,11.027791227000023],[-74.86070586799997,11.028380531000039],[-74.85972445499999,11.031232630000034],[-74.85924057599999,11.031352382000023],[-74.85625816099997,11.030607964000012],[-74.85567325399995,11.032524248000016],[-74.85812241099995,11.033282335000024],[-74.85881537399996,11.032808159000012],[-74.85971608099999,11.032965951000051],[-74.86018092999996,11.032698019999998],[-74.86206474299996,11.033817261000024],[-74.86068959199997,11.035013333000052],[-74.85995353799996,11.035027746000026],[-74.85909162299998,11.03554925100002],[-74.85804080399998,11.035544553000022],[-74.85849606599999,11.036405600000023],[-74.85900934799997,11.036128098000006],[-74.85961469199998,11.036510752000027],[-74.86000205299996,11.036070610000024],[-74.86078170999997,11.036247543000002],[-74.86103348500001,11.035860034000052],[-74.86187608399996,11.035946066000008],[-74.86419582499997,11.037797176000026],[-74.86518832899998,11.037483473000009],[-74.867598526,11.038494204000017],[-74.867997828,11.037764547000052],[-74.869120899,11.038388017000045],[-74.87223617199999,11.034806546000027],[-74.87336321199996,11.03300503500003],[-74.87363334099996,11.031377206000002]]]}},{"type":"Feature","properties":{"nombre":"Santa Isabel","municipio":"BARRANQUILLA","color":"#1d4ed8"},"geometry":{"type":"Polygon","coordinates":[[[-74.86763705199996,11.014118728000028],[-74.86658875,11.011289059000035],[-74.86390121299996,11.009713849000036],[-74.865413397,11.007658614000036],[-74.86358819599997,11.00684101500002],[-74.861384886,11.007747039000037],[-74.860681796,11.009238279000044],[-74.857153568,11.010172604000047],[-74.85450076199999,11.011375346000023],[-74.85187181499998,11.014107001000013],[-74.85062051599999,11.013396643000021],[-74.851700505,11.011886584000024],[-74.85107051899996,11.011339376000024],[-74.852210163,11.01037518000004],[-74.85109058999996,11.008182309000006],[-74.84761804699997,11.010724431000028],[-74.84543825999998,11.011924906000047],[-74.842994084,11.008731307000005],[-74.84403433,11.008413345999998],[-74.84177316199998,11.002927142000033],[-74.841873609,11.006614490000004],[-74.84131564899997,11.008834886000045],[-74.83928374299995,11.013932140999998],[-74.84247076599996,11.012792923000006],[-74.84942589899998,11.016467841999997],[-74.853096402,11.017240171000026],[-74.859880766,11.016502790000004],[-74.86023522400001,11.016767972000025],[-74.865359125,11.016754712000022],[-74.866384928,11.01512918900005],[-74.86763705199996,11.014118728000028]]]}},{"type":"Feature","properties":{"nombre":"Villanueva","municipio":"BARRANQUILLA","color":"#1d4ed8"},"geometry":{"type":"Polygon","coordinates":[[[-74.775790379,10.984621365999999],[-74.77475365799995,10.980413571000042],[-74.77506774699998,10.978630376000012],[-74.77475808999998,10.978111056000046],[-74.77058782399996,10.97738130800002],[-74.763455427,10.97797164800005],[-74.759789485,10.977307388000042],[-74.75994723599996,10.978907198000002],[-74.76193812700001,10.985094583000034],[-74.76391270199997,10.988553740000043],[-74.764706558,10.989338467000039],[-74.766516491,10.993156352000028],[-74.76786302299996,10.994870947000038],[-74.77102396099997,10.989666913999997],[-74.77108310299997,10.989101782000034],[-74.77304455299998,10.986359929000002],[-74.77395478699998,10.985959428000001],[-74.77511007499999,10.986325695000005],[-74.775790379,10.984621365999999]]]}},{"type":"Feature","properties":{"nombre":"El Bosque","municipio":"BARRANQUILLA","color":"#1d4ed8"},"geometry":{"type":"Polygon","coordinates":[[[-74.82690800199998,10.952815326000007],[-74.82414892499997,10.952315877000046],[-74.823909851,10.948521451000033],[-74.824242304,10.948419619000049],[-74.82306396999996,10.945231579000051],[-74.81524249999995,10.947888129000034],[-74.81297822699997,10.949230005000004],[-74.80770084599999,10.95460037600003],[-74.80916435799998,10.95685452600003],[-74.81065741499998,10.957764887000053],[-74.80897374599999,10.95996997200001],[-74.81192770999996,10.961254455000017],[-74.81247030899999,10.960504787000048],[-74.81363536699996,10.961180110000043],[-74.81428409099999,10.960449659000005],[-74.81489784299998,10.96066478900002],[-74.81528103399995,10.960139277000053],[-74.81696706599996,10.96121569600001],[-74.81821666599996,10.96026458600005],[-74.81717589099998,10.95870906700003],[-74.81750501799996,10.958429765000005],[-74.81701297999996,10.957063113000004],[-74.81907647099996,10.95579175100005],[-74.826795102,10.956000490000008],[-74.82690800199998,10.952815326000007]]]}},{"type":"Feature","properties":{"nombre":"Urbanizaci\u00f3n Altos del Parque","municipio":"BARRANQUILLA","color":"#1d4ed8"},"geometry":{"type":"Polygon","coordinates":[[[-74.836638688,11.020486247000008],[-74.83054391899998,11.016523548999999],[-74.83002069499997,11.017861904000029],[-74.826209307,11.021982946000037],[-74.82288839399996,11.020277976000045],[-74.82148376099997,11.019966306000015],[-74.81725045599995,11.027248814000018],[-74.81589168599999,11.027805989],[-74.81618608099996,11.028179461000036],[-74.819041438,11.029400313000053],[-74.82787545899998,11.03074265600003],[-74.83116429899997,11.03267321200002],[-74.83305355799996,11.029266346000043],[-74.836638688,11.020486247000008]]]}},{"type":"Feature","properties":{"nombre":"La Loma","municipio":"BARRANQUILLA","color":"#1d4ed8"},"geometry":{"type":"Polygon","coordinates":[[[-74.78427956499996,11.001226639000038],[-74.783335954,10.997997593000036],[-74.78006864999998,10.992614973000002],[-74.779794278,10.990672882000013],[-74.779388584,10.989952953],[-74.77922891899999,10.989750627000035],[-74.777209503,10.990704429000004],[-74.77516456999996,10.986386940000045],[-74.77429039999998,10.985983216000022],[-74.77326715599997,10.98612199300004],[-74.77108310299997,10.989101782000034],[-74.77102396099997,10.989666913999997],[-74.76786302299996,10.994870947000038],[-74.76864639299998,10.99533823600001],[-74.76889318099995,10.995993671000008],[-74.77012281499998,10.99687893700002],[-74.77153140899998,10.998692293000033],[-74.77295517799996,10.999854997],[-74.77452776199999,11.002500805000011],[-74.77888859899997,11.008025419000035],[-74.77924038499998,11.007924547000016],[-74.77982349199999,11.006204599],[-74.78107246399998,11.005129513000043],[-74.78265738299996,11.001857006000023],[-74.78427956499996,11.001226639000038]]]}},{"type":"Feature","properties":{"nombre":"Industrial V\u00eda 40","municipio":"BARRANQUILLA","color":"#1d4ed8"},"geometry":{"type":"Polygon","coordinates":[[[-74.80204385299999,11.024386898000046],[-74.79665402899997,11.017644363000045],[-74.79788911499998,11.015749647000007],[-74.79729766499997,11.015423591000001],[-74.79786345999997,11.014626625000005],[-74.79392366599996,11.011740699000029],[-74.79439483599998,11.010987433000025],[-74.79288247399995,11.009471192000035],[-74.79269334099996,11.00822383000002],[-74.791135838,11.00721624800002],[-74.790461607,11.00789514500002],[-74.78912829899997,11.005596214000036],[-74.78539657699997,11.002646645000027],[-74.78427956499996,11.001226639000038],[-74.78265738299996,11.001857006000023],[-74.78107246399998,11.005129513000043],[-74.77982349199999,11.006204599],[-74.77916546899996,11.008050505000028],[-74.78628628299998,11.013800728000035],[-74.789462205,11.01717379300004],[-74.79318500699998,11.020195318000049],[-74.796273913,11.023592217000044],[-74.79843064699998,11.025383050000016],[-74.80034837899996,11.027699498000004],[-74.80126799499999,11.025130327],[-74.80204385299999,11.024386898000046]]]}},{"type":"Feature","properties":{"nombre":"Industrial Norte","municipio":"BARRANQUILLA","color":"#1d4ed8"},"geometry":{"type":"Polygon","coordinates":[[[-74.83116429899997,11.03267321200002],[-74.82776230399998,11.030708632000028],[-74.82010812799996,11.029634504],[-74.81788043199998,11.028979771000024],[-74.81618608099996,11.028179461000036],[-74.81328296999999,11.024523489000046],[-74.811927803,11.024869647000003],[-74.810898237,11.024508513],[-74.81079659,11.025902316000042],[-74.809300377,11.024274025000011],[-74.80907488999998,11.025426926000023],[-74.80762654199998,11.025253219000035],[-74.804072427,11.02632735900005],[-74.804128763,11.026684111000009],[-74.802160131,11.028319268000018],[-74.80283973399997,11.028917528000022],[-74.80227497299995,11.029741520000016],[-74.81418195599997,11.036248509000018],[-74.81646265799998,11.038104764000025],[-74.81834957199999,11.039017943000033],[-74.81956983999999,11.040041737000024],[-74.81963760399998,11.040701903000013],[-74.82041723499998,11.041175535000036],[-74.82253826099998,11.041730547000043],[-74.82379238199997,11.042514980000021],[-74.82424920699998,11.04109025400004],[-74.82383694699996,11.038972612999999],[-74.82540915699997,11.036947541000018],[-74.82665448699998,11.039018630000044],[-74.82718139399998,11.038846467000042],[-74.826920385,11.038561408000021],[-74.82718010599996,11.037229809000053],[-74.83116429899997,11.03267321200002]]]}},{"type":"Feature","properties":{"nombre":"Zona Franca","municipio":"BARRANQUILLA","color":"#1d4ed8"},"geometry":{"type":"Polygon","coordinates":[[[-74.77055693899996,10.968204255000046],[-74.77041703099997,10.966892462000033],[-74.76949731299999,10.965214115000038],[-74.76528350299998,10.953414609000049],[-74.76905482699999,10.952118463000033],[-74.76756418399998,10.950507535000042],[-74.76568404599999,10.950876858000015],[-74.758806531,10.950644228000044],[-74.75902773600001,10.951102795000054],[-74.758538343,10.952843985000015],[-74.75874651999999,10.952810550000038],[-74.75885284599997,10.953513797000028],[-74.75886923799999,10.959661973000038],[-74.75850935399995,10.961298903],[-74.758850682,10.970775721000052],[-74.75921299999999,10.973890072000017],[-74.75967757799998,10.974703435000038],[-74.75945001099996,10.974775135000016],[-74.75968313299995,10.975730480000038],[-74.759445755,10.97630926200003],[-74.759920121,10.976711217000002],[-74.759789485,10.977307388000042],[-74.763455427,10.97797164800005],[-74.76997334800001,10.977486870000007],[-74.76992310099996,10.972688753],[-74.77055693899996,10.968204255000046]]]}},{"type":"Feature","properties":{"nombre":"V\u00eda a Juan Mina","municipio":"BARRANQUILLA","color":"#1d4ed8"},"geometry":{"type":"Polygon","coordinates":[[[-74.90535907499998,10.95053709900003],[-74.90511864499996,10.95009791700005],[-74.90348991599996,10.950003904000027],[-74.89598712399999,10.953650355000036],[-74.896162678,10.954820442000027],[-74.89693668499996,10.955732286],[-74.889528902,10.959352765000006],[-74.88961502799998,10.958454912000036],[-74.89019364699999,10.958209030000035],[-74.889452387,10.957336407000014],[-74.89006180299998,10.956529984000042],[-74.85033511899996,10.975678411000047],[-74.85080231,10.975944120000008],[-74.85040052299996,10.976982229000043],[-74.85046007,10.978135751000025],[-74.84696483299996,10.979821941000012],[-74.83608712199998,10.98266540000003],[-74.836078483,10.98495517400005],[-74.84730204699997,10.98215224400002],[-74.902379284,10.955580998000016],[-74.90239549999995,10.95500351000004],[-74.90307339499998,10.955021221000038],[-74.90344384399998,10.954458455000008],[-74.90251248799996,10.952761685000041],[-74.90379578899996,10.952064741000015],[-74.903641978,10.951385984000012],[-74.90409372299996,10.950635638000051],[-74.90434679599997,10.95063558000004],[-74.90456388899997,10.951350048000052],[-74.90535907499998,10.95053709900003]]]}},{"type":"Feature","properties":{"nombre":"Ciudadela de Paz","municipio":"BARRANQUILLA","color":"#1d4ed8"},"geometry":{"type":"Polygon","coordinates":[[[-74.8535905,10.962036],[-74.853306,10.9642987],[-74.8527108,10.9642988],[-74.8523374,10.9622659],[-74.8535905,10.962036]]]}},{"type":"Feature","properties":{"nombre":"Caribe Campestre","municipio":"BARRANQUILLA","color":"#1d4ed8"},"geometry":{"type":"Polygon","coordinates":[[[-74.8574674,10.9639599],[-74.8561892,10.9628248],[-74.8551182,10.9612937],[-74.8535905,10.962036],[-74.853306,10.9642987],[-74.8527108,10.9642988],[-74.8527914,10.9638616],[-74.852465,10.9638097],[-74.8523374,10.9622659],[-74.8502088,10.9627131],[-74.8477109,10.9640383],[-74.8486071,10.9658376],[-74.8506683,10.9681046],[-74.8527205,10.9686677],[-74.8536362,10.9695729],[-74.8543874,10.9689348],[-74.8558185,10.9704549],[-74.8574674,10.9639599]]]}},{"type":"Feature","properties":{"nombre":"Altos de Shalom","municipio":"BARRANQUILLA","color":"#1d4ed8"},"geometry":{"type":"Polygon","coordinates":[[[-74.8008893,10.8490174],[-74.8014397,10.8460937],[-74.8012223,10.8447075],[-74.7991481,10.8454667],[-74.8006171,10.8490174],[-74.8008893,10.8490174]]]}},{"type":"Feature","properties":{"nombre":"VILLA DEL CARMEN","municipio":"BARRANQUILLA","color":"#1d4ed8"},"geometry":{"type":"Polygon","coordinates":[[[-74.79482203073347,10.93101054164601],[-74.79435608745412,10.930617404454132],[-74.79318097204802,10.931179886436311],[-74.79244323999772,10.931080367054427],[-74.79211197861359,10.931689162548205],[-74.79434355617111,10.93210209388462],[-74.79482203073347,10.93101054164601]]]}},{"type":"Feature","properties":{"nombre":"EL MILAGRO","municipio":"BARRANQUILLA","color":"#1d4ed8"},"geometry":{"type":"Polygon","coordinates":[[[-74.794743752155,10.932196159382125],[-74.79269167395641,10.931797945820414],[-74.79164824859811,10.93485845747802],[-74.79367874530251,10.934890835868213],[-74.794743752155,10.932196159382125]]]}},{"type":"Feature","properties":{"nombre":"SALON AZUL","municipio":"GALAPA","color":"#9333ea"},"geometry":{"type":"Polygon","coordinates":[[[-74.888441,10.887608],[-74.888034,10.887408],[-74.88667,10.889539],[-74.885833,10.890871],[-74.886263,10.891129],[-74.885964,10.891517],[-74.888081,10.892165],[-74.888415,10.89117],[-74.887616,10.890875],[-74.888441,10.887608]]]}},{"type":"Feature","properties":{"nombre":"MANGA 3 DE MAYO","municipio":"GALAPA","color":"#9333ea"},"geometry":{"type":"Polygon","coordinates":[[[-74.886263,10.891129],[-74.883538,10.889536],[-74.880775,10.88849],[-74.879962,10.887223],[-74.879002,10.887658],[-74.87992,10.888965],[-74.882083,10.88975],[-74.88339,10.890724],[-74.885824,10.891748],[-74.886263,10.891129]]]}},{"type":"Feature","properties":{"nombre":"BARRIO ARRIBA","municipio":"GALAPA","color":"#9333ea"},"geometry":{"type":"Polygon","coordinates":[[[-74.88881,10.8924],[-74.887268,10.891916],[-74.886593,10.894922],[-74.887839,10.895228],[-74.88881,10.8924]]]}},{"type":"Feature","properties":{"nombre":"SAN LUIS","municipio":"GALAPA","color":"#9333ea"},"geometry":{"type":"Polygon","coordinates":[[[-74.887268,10.891916],[-74.886446,10.891665],[-74.885966,10.894785],[-74.886593,10.894922],[-74.887268,10.891916]]]}},{"type":"Feature","properties":{"nombre":"LA FLORIDA","municipio":"GALAPA","color":"#9333ea"},"geometry":{"type":"Polygon","coordinates":[[[-74.886446,10.891665],[-74.885164,10.891462],[-74.883597,10.893646],[-74.883149,10.895658],[-74.886013,10.896242],[-74.886446,10.891665]]]}},{"type":"Feature","properties":{"nombre":"CENTRO","municipio":"GALAPA","color":"#9333ea"},"geometry":{"type":"Polygon","coordinates":[[[-74.887309,10.895075],[-74.886267,10.894857],[-74.885693,10.898126],[-74.885351,10.898082],[-74.884836,10.900316],[-74.886031,10.90078],[-74.886719,10.899201],[-74.886328,10.899104],[-74.887309,10.895075]]]}},{"type":"Feature","properties":{"nombre":"PARAISO","municipio":"GALAPA","color":"#9333ea"},"geometry":{"type":"Polygon","coordinates":[[[-74.890592,10.898282],[-74.890385,10.897019],[-74.8884,10.897354],[-74.888427,10.896979],[-74.887828,10.896819],[-74.887643,10.89751],[-74.88809,10.897618],[-74.887724,10.899368],[-74.890095,10.899673],[-74.890592,10.898282]]]}},{"type":"Feature","properties":{"nombre":"LAS MERCEDES","municipio":"GALAPA","color":"#9333ea"},"geometry":{"type":"Polygon","coordinates":[[[-74.893958,10.897848],[-74.890592,10.898282],[-74.890095,10.899673],[-74.893821,10.899699],[-74.893958,10.897848]]]}},{"type":"Feature","properties":{"nombre":"SAN ANTONIO","municipio":"GALAPA","color":"#9333ea"},"geometry":{"type":"Polygon","coordinates":[[[-74.890489,10.899806],[-74.88726,10.899245],[-74.886974,10.900102],[-74.887471,10.900314],[-74.887676,10.900061],[-74.890421,10.900033],[-74.890489,10.899806]]]}},{"type":"Feature","properties":{"nombre":"EL CARMEN","municipio":"GALAPA","color":"#9333ea"},"geometry":{"type":"Polygon","coordinates":[[[-74.886013,10.896242],[-74.883657,10.895821],[-74.883197,10.898829],[-74.885092,10.899334],[-74.885351,10.898082],[-74.885693,10.898126],[-74.886013,10.896242]]]}},{"type":"Feature","properties":{"nombre":"BARRIO ABAJO","municipio":"GALAPA","color":"#9333ea"},"geometry":{"type":"Polygon","coordinates":[[[-74.886031,10.90078],[-74.884836,10.900316],[-74.885092,10.899334],[-74.883197,10.898829],[-74.882903,10.900642],[-74.884819,10.901367],[-74.884397,10.902486],[-74.885378,10.902777],[-74.886031,10.90078]]]}},{"type":"Feature","properties":{"nombre":"LOS ALMENDROS","municipio":"GALAPA","color":"#9333ea"},"geometry":{"type":"Polygon","coordinates":[[[-74.884819,10.901367],[-74.882903,10.900642],[-74.882499,10.905053],[-74.883347,10.905214],[-74.884819,10.901367]]]}},{"type":"Feature","properties":{"nombre":"CAMAGEY","municipio":"GALAPA","color":"#9333ea"},"geometry":{"type":"Polygon","coordinates":[[[-74.887471,10.900314],[-74.886425,10.899821],[-74.885378,10.902777],[-74.887129,10.903265],[-74.887471,10.900314]]]}},{"type":"Feature","properties":{"nombre":"PUEBLITO NUEVO","municipio":"GALAPA","color":"#9333ea"},"geometry":{"type":"MultiPolygon","coordinates":[[[[-74.892647,10.911128],[-74.891929,10.909171],[-74.891194,10.908195],[-74.891255,10.907614],[-74.889458,10.905485],[-74.892647,10.911128]]],[[[-74.889904,10.905477],[-74.887743,10.903673],[-74.887742,10.902844],[-74.887573,10.903581],[-74.889904,10.905477]]],[[[-74.888934,10.905051],[-74.887227,10.903413],[-74.887618,10.902828],[-74.887211,10.902776],[-74.887116,10.903476],[-74.888934,10.905051]]]]}},{"type":"Feature","properties":{"nombre":"CRUZ DE JUBILEO","municipio":"GALAPA","color":"#9333ea"},"geometry":{"type":"Polygon","coordinates":[[[-74.888682,10.904997],[-74.887006,10.904332],[-74.887325,10.903679],[-74.887129,10.903265],[-74.884397,10.902486],[-74.883347,10.905214],[-74.88504513193107,10.905614538488372],[-74.885312,10.904681],[-74.888468,10.905572],[-74.886758,10.90488],[-74.886873,10.904619],[-74.888582,10.905294],[-74.886884,10.904601],[-74.886992,10.904353],[-74.888682,10.904997]]]}},{"type":"Feature","properties":{"nombre":"MANGA DE RUBIO","municipio":"GALAPA","color":"#9333ea"},"geometry":{"type":"Polygon","coordinates":[[[-74.886339,10.908533],[-74.885954,10.904925],[-74.885712,10.904834],[-74.885445,10.905784],[-74.885827,10.905913],[-74.886124,10.90895],[-74.885799,10.910293],[-74.884289,10.912023],[-74.88614,10.91037],[-74.886339,10.908533]]]}},{"type":"Feature","properties":{"nombre":"San Francisco","municipio":"GALAPA","color":"#9333ea"},"geometry":{"type":"Polygon","coordinates":[[[-74.886031,10.907365],[-74.885827,10.905913],[-74.884305,10.905301],[-74.883744,10.907135],[-74.883398,10.907435],[-74.886031,10.907365]]]}},{"type":"Feature","properties":{"nombre":"LA ESPERANZA","municipio":"GALAPA","color":"#9333ea"},"geometry":{"type":"Polygon","coordinates":[[[-74.886175,10.908533],[-74.886031,10.907365],[-74.883395,10.907336],[-74.882694,10.907858],[-74.883886,10.908564],[-74.886175,10.908533]]]}},{"type":"Feature","properties":{"nombre":"LA CANDELARIA","municipio":"GALAPA","color":"#9333ea"},"geometry":{"type":"Polygon","coordinates":[[[-74.884291,10.905492],[-74.882499,10.905053],[-74.88236,10.907239],[-74.880977,10.909384],[-74.881281,10.909654],[-74.882694,10.907858],[-74.883744,10.907135],[-74.884291,10.905492]]]}},{"type":"Feature","properties":{"nombre":"La Candelaria II","municipio":"GALAPA","color":"#9333ea"},"geometry":{"type":"Polygon","coordinates":[[[-74.88203072049022,10.90803182369383],[-74.879992,10.906524],[-74.879091,10.90668],[-74.877575,10.90562],[-74.877426,10.906798],[-74.88153558950327,10.908745611996254],[-74.88203072049022,10.90803182369383]]]}},{"type":"Feature","properties":{"nombre":"LOS CARRUAJES","municipio":"GALAPA","color":"#9333ea"},"geometry":{"type":"MultiPolygon","coordinates":[[[[-74.8788297083274,10.892757266401771],[-74.877699,10.892387],[-74.875478,10.892483],[-74.875301,10.892845],[-74.875981,10.893523],[-74.876598,10.892921],[-74.877413,10.893871],[-74.87616803976036,10.895204036492359],[-74.8788297083274,10.892757266401771]]],[[[-74.875226,10.895527],[-74.874825,10.89506],[-74.875028,10.894864],[-74.874829,10.894666],[-74.87437116362491,10.895145891755822],[-74.874536,10.895546],[-74.875226,10.895527]]],[[[-74.874352,10.892617],[-74.87303641423297,10.892740582135659],[-74.87094,10.894824],[-74.871798,10.895657],[-74.872573,10.895472],[-74.873016,10.894962],[-74.873332,10.895211],[-74.87377060117159,10.89475267537222],[-74.872957,10.894145],[-74.874352,10.892617]]]]}},{"type":"Feature","properties":{"nombre":"Manga de Pital","municipio":"GALAPA","color":"#9333ea"},"geometry":{"type":"Polygon","coordinates":[[[-74.883657,10.895821],[-74.880875,10.894709],[-74.879573,10.893022],[-74.878703,10.89104],[-74.87775,10.890156],[-74.877404,10.890565],[-74.878362,10.891505],[-74.879595,10.894166],[-74.880343,10.895066],[-74.88353,10.896555],[-74.883657,10.895821]]]}},{"type":"Feature","properties":{"nombre":"VILLA SABITA","municipio":"GALAPA","color":"#9333ea"},"geometry":{"type":"Polygon","coordinates":[[[-74.885712,10.904834],[-74.885312,10.904681],[-74.885045,10.905615],[-74.885445,10.905784],[-74.885712,10.904834]]]}},{"type":"Feature","properties":{"nombre":"SAN MARTIN","municipio":"GALAPA","color":"#9333ea"},"geometry":{"type":"Polygon","coordinates":[[[-74.889923,10.890227],[-74.888933,10.889795],[-74.887918,10.889815],[-74.887616,10.890875],[-74.888415,10.89117],[-74.888081,10.892165],[-74.889245,10.892462],[-74.889823,10.891436],[-74.889442,10.891286],[-74.889923,10.890227]]]}},{"type":"Feature","properties":{"nombre":"EL LIBERTADOR","municipio":"GALAPA","color":"#9333ea"},"geometry":{"type":"Polygon","coordinates":[[[-74.890494,10.891508],[-74.889823,10.891436],[-74.889245,10.892462],[-74.88881,10.8924],[-74.888291,10.893885],[-74.889917,10.894324],[-74.890248,10.893509],[-74.889986,10.893423],[-74.890209,10.892818],[-74.889939,10.892714],[-74.889991,10.892176],[-74.890331,10.89192],[-74.890115,10.891652],[-74.890494,10.891508]]]}},{"type":"Feature","properties":{"nombre":"EL MOHAN","municipio":"GALAPA","color":"#9333ea"},"geometry":{"type":"Polygon","coordinates":[[[-74.890277,10.89598],[-74.888341,10.895257],[-74.889074,10.894745],[-74.889807,10.894889],[-74.88987996715946,10.894317257325952],[-74.888291,10.893885],[-74.887839,10.895228],[-74.887309,10.895075],[-74.886945,10.896544],[-74.888427,10.896979],[-74.8884,10.897354],[-74.889804,10.897117],[-74.890277,10.89598]]]}},{"type":"Feature","properties":{"nombre":"SAN ROQUE","municipio":"GALAPA","color":"#9333ea"},"geometry":{"type":"Polygon","coordinates":[[[-74.88809,10.897618],[-74.887643,10.89751],[-74.887828,10.896819],[-74.886945,10.896544],[-74.886328,10.899104],[-74.886719,10.899201],[-74.886425,10.899821],[-74.886974,10.900102],[-74.88726,10.899245],[-74.887724,10.899368],[-74.88809,10.897618]]]}},{"type":"Feature","properties":{"nombre":"12 DE SEPTIEMBRE","municipio":"GALAPA","color":"#9333ea"},"geometry":{"type":"Polygon","coordinates":[[[-74.885842,10.910135],[-74.885137,10.909528],[-74.883831,10.911607],[-74.884141,10.911953],[-74.884492,10.911752],[-74.885842,10.910135]]]}},{"type":"Feature","properties":{"nombre":"GERLEIN","municipio":"GALAPA","color":"#9333ea"},"geometry":{"type":"Polygon","coordinates":[[[-74.88303,10.899856],[-74.882587,10.899753],[-74.882252,10.900282],[-74.881914,10.900205],[-74.881643,10.901568],[-74.881563,10.902405],[-74.88263,10.902814],[-74.88303,10.899856]]]}},{"type":"Feature","properties":{"nombre":"LAS PETRONITAS","municipio":"GALAPA","color":"#9333ea"},"geometry":{"type":"Polygon","coordinates":[[[-74.879217,10.911287],[-74.877861,10.910791],[-74.875814,10.910973],[-74.874447,10.912677],[-74.876318,10.912537],[-74.877693,10.912983],[-74.879217,10.911287]]]}},{"type":"Feature","properties":{"nombre":"VILLA OLIMPICA","municipio":"GALAPA","color":"#9333ea"},"geometry":{"type":"Polygon","coordinates":[[[-74.871892,10.921306],[-74.867197,10.916786],[-74.869654,10.914457],[-74.870253,10.914256],[-74.868322,10.913555],[-74.867136,10.913601],[-74.86485706263593,10.914554626359287],[-74.864703,10.917366],[-74.862037,10.918027],[-74.860635,10.919138],[-74.859694,10.919159],[-74.859675,10.921487],[-74.85881,10.921703],[-74.85882,10.924199],[-74.859774,10.924054],[-74.860763,10.926083],[-74.862825,10.928101],[-74.863754,10.927244],[-74.865365,10.92919],[-74.866753,10.925147],[-74.868996,10.923119],[-74.871892,10.921306]]]}},{"type":"Feature","properties":{"nombre":"MUNDO FELIZ","municipio":"GALAPA","color":"#9333ea"},"geometry":{"type":"Polygon","coordinates":[[[-74.889706,10.918903],[-74.885927,10.917427],[-74.886067,10.916847],[-74.885713,10.915905],[-74.883612,10.915632],[-74.883583,10.916594],[-74.881981,10.915314],[-74.880508,10.917723],[-74.882191,10.918789],[-74.881338,10.920319],[-74.882692,10.921292],[-74.882539,10.921615],[-74.882922,10.922009],[-74.885389,10.923657],[-74.885566,10.923358],[-74.88868,10.924811],[-74.889611,10.923218],[-74.888757,10.922766],[-74.888679,10.921654],[-74.887296,10.921423],[-74.88508,10.920047],[-74.884924,10.920273],[-74.883984,10.920093],[-74.882929,10.919462],[-74.883306,10.918788],[-74.884101,10.91902],[-74.884358,10.918703],[-74.885189,10.918873],[-74.885337,10.918645],[-74.886963,10.919531],[-74.88739,10.91925],[-74.889137,10.920046],[-74.889706,10.918903]]]}},{"type":"Feature","properties":{"nombre":"ZONA FRANCA ZOFIA","municipio":"GALAPA","color":"#9333ea"},"geometry":{"type":"Polygon","coordinates":[[[-74.862247,10.932049],[-74.854061,10.924459],[-74.851686,10.925331],[-74.84875,10.925105],[-74.847675,10.924741],[-74.844896,10.925021],[-74.85686,10.937167],[-74.858244,10.936368],[-74.859468,10.934699],[-74.862247,10.932049]]]}},{"type":"Feature","properties":{"nombre":"VILLA GENESIS","municipio":"GALAPA","color":"#9333ea"},"geometry":{"type":"Polygon","coordinates":[[[-74.864703,10.917366],[-74.864857,10.914554],[-74.86045,10.916919],[-74.860293,10.919176],[-74.862037,10.918027],[-74.864703,10.917366]]]}},{"type":"Feature","properties":{"nombre":"La Inmaculada","municipio":"GALAPA","color":"#9333ea"},"geometry":{"type":"Polygon","coordinates":[[[-74.88861,10.910214],[-74.887539,10.909848],[-74.886283,10.90946],[-74.886292,10.910927],[-74.888096,10.911533],[-74.88861,10.910214]]]}},{"type":"Feature","properties":{"nombre":"Las Petronitas II","municipio":"GALAPA","color":"#9333ea"},"geometry":{"type":"Polygon","coordinates":[[[-74.865019,10.914497],[-74.86487,10.90521],[-74.864163,10.905116],[-74.864338,10.910345],[-74.861722,10.909236],[-74.861247,10.911795],[-74.858897,10.916917],[-74.858934,10.917579],[-74.865019,10.914497]]]}},{"type":"Feature","properties":{"nombre":"Las Petronitas I","municipio":"GALAPA","color":"#9333ea"},"geometry":{"type":"Polygon","coordinates":[[[-74.882307,10.911274],[-74.88109774667778,10.909246003796817],[-74.876308,10.906722],[-74.86487,10.90521],[-74.86501124564768,10.914472629178388],[-74.867136,10.913601],[-74.868322,10.913555],[-74.870253,10.914256],[-74.86925278603984,10.914914682251927],[-74.87600129125268,10.913076193083391],[-74.876057,10.912842],[-74.876498,10.912966],[-74.876448,10.912555],[-74.874447,10.912677],[-74.875814,10.910973],[-74.877861,10.910791],[-74.879217,10.911287],[-74.87858609681098,10.911989107485947],[-74.880427,10.914033],[-74.882307,10.911274]]]}},{"type":"Feature","properties":{"nombre":"Manga del Rubio","municipio":"GALAPA","color":"#9333ea"},"geometry":{"type":"Polygon","coordinates":[[[-74.887908,10.909665],[-74.888765,10.906082],[-74.88735857172003,10.90553322692305],[-74.887193,10.905884],[-74.886916,10.90579],[-74.886907,10.905354],[-74.885961,10.904984],[-74.886339,10.908533],[-74.886131,10.910129],[-74.886265,10.909289],[-74.887908,10.909665]]]}},{"type":"Feature","properties":{"nombre":"Paluato","municipio":"GALAPA","color":"#9333ea"},"geometry":{"type":"Polygon","coordinates":[[[-74.93231,10.874785],[-74.930516,10.873882],[-74.929868,10.873945],[-74.929354,10.873312],[-74.927555,10.873503],[-74.92758,10.873046],[-74.922829,10.872785],[-74.922238,10.875405],[-74.922659,10.875297],[-74.923054,10.875892],[-74.927304,10.875135],[-74.927764,10.874773],[-74.928428,10.875052],[-74.929667,10.874784],[-74.927835,10.876289],[-74.92941,10.877005],[-74.92917,10.877263],[-74.929994,10.877659],[-74.93112,10.876062],[-74.931821,10.876205],[-74.93231,10.874785]]]}},{"type":"Feature","properties":{"nombre":"Corredor Industrial","municipio":"GALAPA","color":"#9333ea"},"geometry":{"type":"Polygon","coordinates":[[[-74.881322,10.923898],[-74.880891,10.923396],[-74.880636,10.921511],[-74.880211,10.921001],[-74.878468,10.919655],[-74.877037,10.919343],[-74.875813,10.918454],[-74.874462,10.920056],[-74.871867,10.921282],[-74.868169,10.923951],[-74.868639,10.924549],[-74.870024,10.92519],[-74.872763,10.927192],[-74.873453,10.926992],[-74.874217,10.925938],[-74.874837,10.925663],[-74.875814,10.923586],[-74.877675,10.924195],[-74.878261,10.923874],[-74.879889,10.924468],[-74.881322,10.923898]]]}},{"type":"Feature","properties":{"nombre":"Green Park","municipio":"GALAPA","color":"#9333ea"},"geometry":{"type":"Polygon","coordinates":[[[-74.880913,10.941995],[-74.878603,10.939987],[-74.868471,10.936172],[-74.864473,10.934312],[-74.862116,10.932692],[-74.862424,10.932228],[-74.862234,10.932061],[-74.859468,10.934699],[-74.859232,10.935325],[-74.857864,10.9367],[-74.857887,10.937088],[-74.869057,10.939046],[-74.87766,10.944686],[-74.878167,10.94457],[-74.880913,10.941995]]]}},{"type":"Feature","properties":{"nombre":"Nuevo Boyac\u00e1","municipio":"GALAPA","color":"#9333ea"},"geometry":{"type":"Polygon","coordinates":[[[-74.874544,10.919864],[-74.869205,10.914869],[-74.867197,10.916786],[-74.871867,10.921282],[-74.874544,10.919864]]]}},{"type":"Feature","properties":{"nombre":"Indupark","municipio":"GALAPA","color":"#9333ea"},"geometry":{"type":"Polygon","coordinates":[[[-74.880762,10.914406],[-74.87858609678975,10.91198910750957],[-74.877693,10.912983],[-74.87652287274254,10.912566311709304],[-74.876498,10.912966],[-74.876057,10.912842],[-74.875954,10.913275],[-74.877231,10.913773],[-74.879248,10.91607],[-74.880762,10.914406]]]}},{"type":"Feature","properties":{"nombre":"ESEF","municipio":"GALAPA","color":"#9333ea"},"geometry":{"type":"Polygon","coordinates":[[[-74.887141,10.925263],[-74.886927,10.924962],[-74.887137,10.924494],[-74.886439,10.924074],[-74.88683649534161,10.924089895031056],[-74.883881,10.922771],[-74.882539,10.921615],[-74.882692,10.921292],[-74.881338,10.920319],[-74.882191,10.918789],[-74.880508,10.917723],[-74.88197688947946,10.915320723698633],[-74.881774,10.913768],[-74.881541,10.913545],[-74.879248,10.91607],[-74.877207,10.913818],[-74.875813,10.918454],[-74.877037,10.919343],[-74.878468,10.919655],[-74.880211,10.921001],[-74.880636,10.921511],[-74.880792,10.923013],[-74.880891,10.923396],[-74.881183,10.923714],[-74.884357,10.924795],[-74.887141,10.925263]]]}},{"type":"Feature","properties":{"nombre":"Urbanizaci\u00f3n Casa Grande","municipio":"GALAPA","color":"#9333ea"},"geometry":{"type":"Polygon","coordinates":[[[-74.89084,10.906794],[-74.890317,10.905418],[-74.889791,10.905497],[-74.888161,10.904207],[-74.887555,10.903559],[-74.887742,10.902837],[-74.887465,10.902813],[-74.887227,10.903413],[-74.888934,10.905051],[-74.887368,10.903593],[-74.887006,10.904332],[-74.888682,10.904997],[-74.886992,10.904353],[-74.886884,10.904601],[-74.888585,10.905286],[-74.886873,10.904619],[-74.886758,10.90488],[-74.888477,10.90555],[-74.886743,10.904905],[-74.886776,10.905699],[-74.887193,10.905884],[-74.887387,10.905473],[-74.889203,10.906203],[-74.889412,10.905606],[-74.889025,10.905452],[-74.889458,10.905485],[-74.890309,10.906745],[-74.89084,10.906794]]]}},{"type":"Feature","properties":{"nombre":"Altos de Los Carruajes","municipio":"GALAPA","color":"#9333ea"},"geometry":{"type":"Polygon","coordinates":[[[-74.875441,10.89567],[-74.874536,10.895546],[-74.873881,10.894666],[-74.873332,10.895211],[-74.873016,10.894962],[-74.872573,10.895472],[-74.871766,10.895619],[-74.872002,10.896214],[-74.873288,10.896293],[-74.875398,10.896231],[-74.875441,10.89567]]]}},{"type":"Feature","properties":{"nombre":"La Piragua","municipio":"GALAPA","color":"#9333ea"},"geometry":{"type":"Polygon","coordinates":[[[-74.877413,10.893871],[-74.876598,10.892921],[-74.87486,10.894042],[-74.874578,10.894428],[-74.875436,10.895563],[-74.875404,10.896062],[-74.877413,10.893871]]]}},{"type":"Feature","properties":{"nombre":"Urbanizaci\u00f3n Asopal","municipio":"GALAPA","color":"#9333ea"},"geometry":{"type":"Polygon","coordinates":[[[-74.87892,10.892726],[-74.877412,10.892139],[-74.87171,10.892577],[-74.870748,10.891988],[-74.870525,10.891365],[-74.870624,10.892033],[-74.871658,10.89274],[-74.874352,10.892617],[-74.872957,10.894145],[-74.87437116362491,10.895145891755822],[-74.874834,10.894672],[-74.874578,10.894428],[-74.874754,10.894164],[-74.875742,10.89327],[-74.875301,10.892845],[-74.875478,10.892483],[-74.877699,10.892387],[-74.87892,10.892726]],[[-74.874986,10.892571],[-74.874982,10.892574],[-74.874985,10.89257],[-74.874986,10.892571]],[[-74.87468,10.893357],[-74.874677,10.893386],[-74.87466,10.893398],[-74.87468,10.893357]],[[-74.874503,10.893016],[-74.874447,10.893135],[-74.874393,10.893163],[-74.874503,10.893016]],[[-74.873885,10.893631],[-74.873888,10.89368],[-74.873825,10.893726],[-74.873885,10.893631]]]}},{"type":"Feature","properties":{"nombre":"Concordia","municipio":"PONEDERA","color":"#fb5607"},"geometry":{"type":"Polygon","coordinates":[[[-74.7201127,10.6045045],[-74.7199956,10.6041078],[-74.7194811,10.6041926],[-74.719555,10.6046771],[-74.7201127,10.6045045]]]}},{"type":"Feature","properties":{"nombre":"Aguaviva","municipio":"PIOJO","color":"#8338ec"},"geometry":{"type":"Polygon","coordinates":[[[-75.07266009821194,10.734909572873958],[-75.07226649571567,10.734049072562167],[-75.07186562701169,10.733937469056094],[-75.07188448893773,10.734972512788437],[-75.07098493667347,10.735013654028178],[-75.07162418411784,10.735134280774483],[-75.07162802665951,10.735674192039678],[-75.07266009821194,10.734909572873958]]]}},{"type":"Feature","properties":{"nombre":"Puntamar","municipio":"PUERTO COLOMBIA","color":"#0891b2"},"geometry":{"type":"Polygon","coordinates":[[[-74.921904,11.04194],[-74.921073,11.041865],[-74.920819,11.043467],[-74.921675,11.043647],[-74.921904,11.04194]]]}},{"type":"Feature","properties":{"nombre":"El Cerrito","municipio":"PIOJO","color":"#8338ec"},"geometry":{"type":"Polygon","coordinates":[[[-75.20280053424253,10.767973457597003],[-75.20317052425692,10.76576707048946],[-75.20220083512854,10.766210633473676],[-75.20259898912371,10.76645555701429],[-75.20213430679689,10.767679322767473],[-75.20280053424253,10.767973457597003]]]}},{"type":"Feature","properties":{"nombre":"Los L\u00edmite","municipio":"LURUACO","color":"#e63946"},"geometry":{"type":"Polygon","coordinates":[[[-75.22482081463127,10.628596658706],[-75.22419167682709,10.628644079436523],[-75.22393485477558,10.628352940226451],[-75.22381257789573,10.628547601065199],[-75.22409280195872,10.62877302741069],[-75.22340389564543,10.630087672958274],[-75.22355849750247,10.630744620585062],[-75.22438324705301,10.630076383329174],[-75.22482081463127,10.628596658706]]]}},{"type":"Feature","properties":{"nombre":"Boca Tocino","municipio":"JUAN DE ACOSTA","color":"#f4a261"},"geometry":{"type":"Polygon","coordinates":[[[-75.20619713979026,10.815138206677876],[-75.20588024470075,10.814215794949645],[-75.20473263345055,10.814154790209194],[-75.20370217868309,10.815118207124792],[-75.20372580978383,10.815318658603122],[-75.20619713979026,10.815138206677876]]]}},{"type":"Feature","properties":{"nombre":"San Luis","municipio":"TUBAR\u00c1","color":"#ff6d00"},"geometry":{"type":"Polygon","coordinates":[[[-75.00322951528213,10.895272498099473],[-75.00191053524036,10.893604045248845],[-75.0017642517324,10.894947574051525],[-75.00153871261234,10.895232446876912],[-75.00133577779977,10.894959661789526],[-75.00009979927508,10.896954267685736],[-75.00028143862552,10.897170587529327],[-75.0010411672175,10.895868364006512],[-75.00138208954591,10.895971550065322],[-75.00170891281596,10.89560877339399],[-75.00242128761606,10.895856411269877],[-75.00244151408299,10.895568496604064],[-75.00322951528213,10.895272498099473]]]}},{"type":"Feature","properties":{"nombre":"Urbanizaci\u00f3n Nueva E peranza","municipio":"TUBAR\u00c1","color":"#ff6d00"},"geometry":{"type":"Polygon","coordinates":[[[-75.04812279292969,10.890969783587709],[-75.04729236153494,10.890752063699354],[-75.04717107998846,10.890116131231121],[-75.04454583531731,10.8906267668503],[-75.04450193464936,10.89106434847487],[-75.04505123288602,10.89154083596093],[-75.04614189903205,10.891231775004618],[-75.04615196465481,10.891489584877093],[-75.04812160356025,10.891325514130934],[-75.04812279292969,10.890969783587709]]]}},{"type":"Feature","properties":{"nombre":"Puntawa","municipio":"PUERTO COLOMBIA","color":"#0891b2"},"geometry":{"type":"MultiPolygon","coordinates":[[[[-74.922142,11.040536],[-74.921722,11.03977],[-74.921098,11.039784],[-74.921022,11.041855],[-74.922004,11.041889],[-74.922142,11.040536]]],[[[-74.92164,11.03835],[-74.920719,11.036995],[-74.920229,11.035081],[-74.91999,11.03509],[-74.920351,11.037309],[-74.921308,11.038366],[-74.92164,11.03835]]]]}},{"type":"Feature","properties":{"nombre":"Aguas Vivas","municipio":"PIOJO","color":"#8338ec"},"geometry":{"type":"Polygon","coordinates":[[[-75.07456048752411,10.735758568628027],[-75.0752283049878,10.733762128725582],[-75.07498948697119,10.734050071661756],[-75.07471276454118,10.733890937648328],[-75.07435500239444,10.73430977301623],[-75.07391087713255,10.733982922456624],[-75.0738973170454,10.734294858907623],[-75.07162802665951,10.735674192039678],[-75.07148377204905,10.736381171210159],[-75.07213502368057,10.736526601709354],[-75.07289353505534,10.736020292295654],[-75.07299972041349,10.736309833216403],[-75.07340660782987,10.736283659119708],[-75.07351019076864,10.734975069663623],[-75.07393333140345,10.735083265974461],[-75.07440537632232,10.734688221143822],[-75.07432998970367,10.735680861703047],[-75.07456048752411,10.735758568628027]]]}},{"type":"Feature","properties":{"nombre":"Maizal","municipio":"PUERTO COLOMBIA","color":"#0891b2"},"geometry":{"type":"Polygon","coordinates":[[[-74.906331,11.038637],[-74.906146,11.037276],[-74.905759,11.036821],[-74.903639,11.037554],[-74.903652,11.038711],[-74.906331,11.038637]]]}},{"type":"Feature","properties":{"nombre":"Corral de San Lui","municipio":"TUBAR\u00c1","color":"#ff6d00"},"geometry":{"type":"Polygon","coordinates":[[[-75.0045651826186,10.894750437909545],[-75.0027848699475,10.89249328024929],[-75.00200774458173,10.892657484435825],[-75.00191053524036,10.893604045248845],[-75.00322951528213,10.895272498099473],[-75.0045651826186,10.894750437909545]]]}},{"type":"Feature","properties":{"nombre":"Urbanizacion Roble Amarillo","municipio":"SANTO TOM\u00c1S","color":"#ff9f1c"},"geometry":{"type":"Polygon","coordinates":[[[-74.77472448789685,10.760995735662407],[-74.77365443100865,10.76073779655103],[-74.77235043834055,10.761607763260942],[-74.77344860710554,10.761703672266512],[-74.77321277149568,10.762808353421685],[-74.7730028477902,10.76303711387194],[-74.77210816978467,10.762869598916348],[-74.77198253410397,10.763495875061603],[-74.77402887027006,10.763901334629718],[-74.77472448789685,10.760995735662407]]]}},{"type":"Feature","properties":{"nombre":"Gardens View","municipio":"PUERTO COLOMBIA","color":"#0891b2"},"geometry":{"type":"Polygon","coordinates":[[[-74.919171,11.040068],[-74.918283,11.039699],[-74.91657,11.040941],[-74.915158,11.041116],[-74.914767,11.042135],[-74.915442,11.04266],[-74.917628,11.041422],[-74.919171,11.040068]]]}},{"type":"Feature","properties":{"nombre":"Cien Pe o","municipio":"REPELON","color":"#ef476f"},"geometry":{"type":"Polygon","coordinates":[[[-75.2212067772589,10.536623370857649],[-75.22041709793703,10.536326259720948],[-75.22021484404746,10.537132896603136],[-75.21941200620331,10.536562529401825],[-75.21844247787335,10.537089253154681],[-75.21905111252948,10.537959700195845],[-75.21881283979026,10.538549693981771],[-75.21948151334841,10.538643002742448],[-75.21946057451747,10.539242626085674],[-75.21862482150298,10.540246261381684],[-75.21878498482994,10.541165599799733],[-75.21971533583373,10.539303440517266],[-75.22063981634712,10.539689865344362],[-75.22056416831873,10.539255159017237],[-75.22023686175507,10.539254920563902],[-75.22028635443564,10.538080418128526],[-75.21997987980342,10.537815822106356],[-75.22035583463128,10.537917663340531],[-75.22053749913458,10.538709051794305],[-75.2210992731739,10.538729221449941],[-75.22074409098867,10.53774492958679],[-75.2212067772589,10.536623370857649]]]}},{"type":"Feature","properties":{"nombre":"Urbanizaci\u00f3n Las Trinitarias","municipio":"JUAN DE ACOSTA","color":"#f4a261"},"geometry":{"type":"Polygon","coordinates":[[[-75.05494078045902,10.838897048159376],[-75.0533220199103,10.836397142812137],[-75.05270414608145,10.837458774831884],[-75.05093162090554,10.838313510354345],[-75.05122558380249,10.838970199628072],[-75.0543839857813,10.839282520050777],[-75.05494078045902,10.838897048159376]]]}},{"type":"Feature","properties":{"nombre":"La Retirada","municipio":"PONEDERA","color":"#fb5607"},"geometry":{"type":"Polygon","coordinates":[[[-74.83932867040569,10.615583830979391],[-74.83623291962974,10.614718926485343],[-74.83594595191393,10.615709247406539],[-74.83791527910395,10.617122137902268],[-74.83782863300155,10.617375070829759],[-74.83899813799185,10.61786167043116],[-74.83932867040569,10.615583830979391]]]}},{"type":"Feature","properties":{"nombre":"Barrio Centro","municipio":"PUERTO COLOMBIA","color":"#0891b2"},"geometry":{"type":"Polygon","coordinates":[[[-74.935066,11.019617],[-74.934883,11.018112],[-74.933801,11.018011],[-74.933668,11.01853],[-74.93265,11.018878],[-74.932567,11.019759],[-74.931888,11.020047],[-74.932145,11.021193],[-74.93472152795032,11.020190824016565],[-74.934584,11.019752],[-74.935066,11.019617]]]}},{"type":"Feature","properties":{"nombre":"Urbanizaci\u00f3n Palmarito Beach 1","municipio":"TUBAR\u00c1","color":"#ff6d00"},"geometry":{"type":"Polygon","coordinates":[[[-75.05547132796958,10.892529662541557],[-75.05451641767328,10.889867655764071],[-75.0524075973156,10.890479405756691],[-75.05335739789746,10.893118624362543],[-75.05547132796958,10.892529662541557]]]}},{"type":"Feature","properties":{"nombre":"Villas de Baranoa","municipio":"BARANOA","color":"#d7263d"},"geometry":{"type":"Polygon","coordinates":[[[-74.92004916989742,10.786413183369556],[-74.91807865782954,10.78493758148441],[-74.91779202877858,10.785486086755192],[-74.91646427836446,10.784573064991372],[-74.91571901714012,10.785371056333114],[-74.91913941366987,10.787993903862109],[-74.92004916989742,10.786413183369556]]]}},{"type":"Feature","properties":{"nombre":"Bocatocino","municipio":"JUAN DE ACOSTA","color":"#f4a261"},"geometry":{"type":"Polygon","coordinates":[[[-75.2068937482588,10.817041466963433],[-75.20638335426047,10.816898698596292],[-75.2066795970816,10.816456119226153],[-75.20607190026661,10.816280569299963],[-75.20632963680309,10.815895831048524],[-75.20617955896572,10.815256878911072],[-75.20368506889793,10.815319684363784],[-75.20356940409083,10.81557078117245],[-75.20385225931929,10.815670510536853],[-75.2031330492382,10.817518581616834],[-75.20436090070453,10.817771214811067],[-75.20532916959645,10.817455454608552],[-75.20638559286215,10.817802340637407],[-75.2068937482588,10.817041466963433]]]}},{"type":"Feature","properties":{"nombre":"San Jos\u00e9","municipio":"BARANOA","color":"#d7263d"},"geometry":{"type":"Polygon","coordinates":[[[-74.92015055915029,10.786129402629141],[-74.91818941291754,10.78463356921451],[-74.9182880919532,10.78373375339588],[-74.91773326278931,10.783479933791677],[-74.91797358907726,10.782791079384541],[-74.91833611777892,10.782925257972506],[-74.91801088688244,10.782369310263581],[-74.9173823610764,10.782133963582591],[-74.91724877261049,10.78249000175577],[-74.91580613934963,10.781989922886964],[-74.9154294218521,10.783830757733206],[-74.9165860261366,10.784253351805226],[-74.91646427836446,10.784573064991372],[-74.91720832686315,10.784864159165172],[-74.91708294989725,10.78520911763152],[-74.91779202877858,10.785486086755192],[-74.91807865782954,10.78493758148441],[-74.92004916989742,10.786413183369556],[-74.92015055915029,10.786129402629141]]]}},{"type":"Feature","properties":{"nombre":"Cuatro Boca","municipio":"TUBAR\u00c1","color":"#ff6d00"},"geometry":{"type":"Polygon","coordinates":[[[-74.94559216402844,10.922628991851923],[-74.94483045375296,10.922592161330495],[-74.9450292554169,10.921800578331059],[-74.94430607837552,10.921679523083926],[-74.9438470796895,10.922070754405434],[-74.94311241319565,10.921273261193909],[-74.9426719835849,10.921837091414886],[-74.94004743780305,10.920771092924094],[-74.93962947775248,10.92110074894243],[-74.94034926455197,10.921282183964925],[-74.940326203002,10.92195121638307],[-74.9422957916018,10.922327380301084],[-74.94211459512078,10.923147222453295],[-74.94121929637939,10.923322748326084],[-74.94131093980972,10.923640717149521],[-74.94257383275864,10.923252952547976],[-74.94417996838435,10.923561331040723],[-74.94559216402844,10.922628991851923]]]}},{"type":"Feature","properties":{"nombre":"Marasha Sunset","municipio":"PUERTO COLOMBIA","color":"#0891b2"},"geometry":{"type":"Polygon","coordinates":[[[-74.922417,11.040637],[-74.922135,11.040616],[-74.921675,11.043647],[-74.919993,11.04335],[-74.9196,11.045334],[-74.917285,11.045005],[-74.917074,11.04521],[-74.918413,11.045587],[-74.921289,11.045504],[-74.921935,11.04468],[-74.922417,11.040637]]]}},{"type":"Feature","properties":{"nombre":"Salgar","municipio":"PUERTO COLOMBIA","color":"#0891b2"},"geometry":{"type":"Polygon","coordinates":[[[-74.937365,11.016885],[-74.936857,11.016243],[-74.93636,11.016391],[-74.936778,11.015653],[-74.936226,11.014662],[-74.934769,11.016728],[-74.933774,11.016705],[-74.933708,11.018064],[-74.934883,11.018112],[-74.93495,11.01891],[-74.935561,11.018846],[-74.936082,11.017935],[-74.936318,11.018116],[-74.936236,11.017592],[-74.936777,11.01834],[-74.936818,11.01753],[-74.937365,11.016885]]]}},{"type":"Feature","properties":{"nombre":"Urbanizaci\u00f3n Bocarrat\u00f3n","municipio":"TUBAR\u00c1","color":"#ff6d00"},"geometry":{"type":"Polygon","coordinates":[[[-75.06807581269443,10.88736257472829],[-75.06756565674964,10.885310527655715],[-75.06618909457794,10.886150546049398],[-75.06255708461167,10.88710994477746],[-75.0621619040401,10.887555951646856],[-75.06236347071847,10.887984155298408],[-75.06300735346971,10.887455915460373],[-75.06309586896624,10.887704331993513],[-75.06353273765522,10.88756727486489],[-75.06339806043118,10.887083767954751],[-75.06430701536155,10.886822026947605],[-75.06483445668903,10.88837744752878],[-75.06546835825917,10.888393481358774],[-75.06807581269443,10.88736257472829]]]}},{"type":"Feature","properties":{"nombre":"La Tabla","municipio":"REPELON","color":"#ef476f"},"geometry":{"type":"MultiPolygon","coordinates":[[[[-75.23499777458616,10.522588106939585],[-75.23494209969978,10.521781416981355],[-75.23419970859278,10.521495881040149],[-75.23411833021119,10.522382468598282],[-75.23499777458616,10.522588106939585]]],[[[-75.22394701616788,10.519414681668533],[-75.2238999507352,10.519127418611761],[-75.22309041056073,10.518900717610776],[-75.22324031602545,10.51840459992964],[-75.22301148188492,10.518302917411646],[-75.22345343324177,10.51788958580528],[-75.22322247009402,10.517533718773919],[-75.22296548814236,10.517705039214118],[-75.22311539540371,10.518086941643233],[-75.22264069147161,10.517726453820853],[-75.22251933985652,10.518936410249276],[-75.22200328287862,10.519467333785524],[-75.22149371443201,10.519261993658128],[-75.22158251738942,10.518933515941399],[-75.2210488327707,10.519614555465486],[-75.2202875743478,10.519436096156632],[-75.21960052395389,10.519779134926544],[-75.21923789473493,10.519566411313017],[-75.2190071498778,10.520020237880209],[-75.22055747407323,10.520135658246993],[-75.22150449960532,10.520887567683609],[-75.22087632210017,10.52149551980668],[-75.22096912076395,10.522242670730133],[-75.2213131934841,10.522371355180587],[-75.2204836109973,10.523220061264636],[-75.22160414612651,10.52265436256983],[-75.22270493808242,10.521317060702577],[-75.22292622817118,10.520778112822077],[-75.22248721700028,10.520199904206295],[-75.22281915258259,10.519643109863873],[-75.22394701616788,10.519414681668533]]]]}},{"type":"Feature","properties":{"nombre":"Balboa Campestre","municipio":"PUERTO COLOMBIA","color":"#0891b2"},"geometry":{"type":"MultiPolygon","coordinates":[[[[-74.951458,11.000068],[-74.950828,10.999778],[-74.95055,11.000267],[-74.949851,11.000263],[-74.949732,11.000591],[-74.950008,11.000816],[-74.949039,11.002658],[-74.947697,11.002253],[-74.947411,11.003152],[-74.950958,11.003749],[-74.950945,11.001969],[-74.951458,11.000068]]],[[[-74.949219,11.004812],[-74.949004,11.003919],[-74.948124,11.004939],[-74.948735,11.005186],[-74.949219,11.004812]]]]}},{"type":"Feature","properties":{"nombre":"Villa Clara","municipio":"BARANOA","color":"#d7263d"},"geometry":{"type":"Polygon","coordinates":[[[-74.9078657,10.8036611],[-74.9077685,10.8040402],[-74.9107593,10.8055461],[-74.914268,10.8055603],[-74.9118604,10.8034809],[-74.9078657,10.8036611]]]}},{"type":"Feature","properties":{"nombre":"Barrio Arriba","municipio":"PUERTO COLOMBIA","color":"#0891b2"},"geometry":{"type":"Polygon","coordinates":[[[-74.933668,11.01853],[-74.933703,11.015486],[-74.933291,11.015362],[-74.932753,11.017031],[-74.931151,11.016561],[-74.930572,11.018177],[-74.931546,11.018564],[-74.931454,11.020203],[-74.932567,11.019759],[-74.932736,11.018792],[-74.933668,11.01853]]]}},{"type":"Feature","properties":{"nombre":"Punta Cangrejo","municipio":"JUAN DE ACOSTA","color":"#f4a261"},"geometry":{"type":"Polygon","coordinates":[[[-75.1114583925606,10.86327238722113],[-75.11046496724747,10.86169896806031],[-75.10881124157292,10.86149076627174],[-75.10796028367396,10.860651339214174],[-75.10754090248862,10.860883336060173],[-75.10802441979197,10.862661352358042],[-75.10849075771385,10.86313595406028],[-75.10842532263192,10.863793281341648],[-75.10784315863226,10.864279940231349],[-75.10850338982338,10.86464970863618],[-75.110027741029,10.864604884264526],[-75.1114583925606,10.86327238722113]]]}},{"type":"Feature","properties":{"nombre":"Condominio Pielago","municipio":"PUERTO COLOMBIA","color":"#0891b2"},"geometry":{"type":"MultiPolygon","coordinates":[[[[-74.932205,11.008945],[-74.931452,11.00891],[-74.930892,11.012012],[-74.931525,11.01186],[-74.932205,11.008945]]],[[[-74.930375,11.003444],[-74.927109,11.00086],[-74.926184,11.001303],[-74.927933,11.003013],[-74.927447,11.00373],[-74.928359,11.004336],[-74.929323,11.004337],[-74.930375,11.003444]]]]}},{"type":"Feature","properties":{"nombre":"Las Compuertas","municipio":"MANATI","color":"#2b9348"},"geometry":{"type":"MultiPolygon","coordinates":[[[[-75.0742789932433,10.409353654464951],[-75.07375559702953,10.408967808374117],[-75.073042331999,10.410112309633103],[-75.0715607702453,10.410287193478158],[-75.07171432556503,10.410873451849907],[-75.07243523076706,10.410649258688416],[-75.07286382327733,10.4108929132874],[-75.07379083703982,10.41041364753622],[-75.0742789932433,10.409353654464951]]],[[[-75.07001213578093,10.411427669856845],[-75.06910592969535,10.41059620906444],[-75.06791667614185,10.410656171404595],[-75.06783672608157,10.409596835620446],[-75.06648757150917,10.409669647328412],[-75.0665289739623,10.410649032505457],[-75.0659555415872,10.41069085956052],[-75.06594043461907,10.411014307145926],[-75.06482004501693,10.41107590834628],[-75.06465157856182,10.411815444287322],[-75.06879345970692,10.411749581996796],[-75.07001213578093,10.411427669856845]]]]}},{"type":"Feature","properties":{"nombre":"Carreto","municipio":"CANDELARIA","color":"#6a4c93"},"geometry":{"type":"Polygon","coordinates":[[[-74.91548131213617,10.440772528330829],[-74.91533143901079,10.44010999319948],[-74.91036788235002,10.439063624117418],[-74.9103404855305,10.439340473163599],[-74.91102957779505,10.439667886814144],[-74.91098548758258,10.440639536761203],[-74.91258242895137,10.441849564652035],[-74.91303673304171,10.441970253826561],[-74.91344695141115,10.441412031657928],[-74.91435405671031,10.44257682282804],[-74.9146426494785,10.442508758452593],[-74.9145153222701,10.44228272489891],[-74.91548131213617,10.440772528330829]]]}},{"type":"Feature","properties":{"nombre":"Playa Escondida","municipio":"PUERTO COLOMBIA","color":"#0891b2"},"geometry":{"type":"Polygon","coordinates":[[[-74.923721,11.026668],[-74.923399,11.026388],[-74.921022,11.028579],[-74.919515,11.033148],[-74.919477,11.037281],[-74.920357,11.037336],[-74.919996,11.035498],[-74.920206,11.033549],[-74.921546,11.028963],[-74.923721,11.026668]]]}},{"type":"Feature","properties":{"nombre":"Barrio La Bomba","municipio":"PUERTO COLOMBIA","color":"#0891b2"},"geometry":{"type":"Polygon","coordinates":[[[-74.941218,11.017739],[-74.940221,11.016481],[-74.936777,11.01834],[-74.936236,11.017592],[-74.936318,11.018116],[-74.936082,11.017935],[-74.935561,11.018846],[-74.93494,11.018765],[-74.935066,11.019617],[-74.934584,11.019752],[-74.93472152795032,11.020190824016565],[-74.936195,11.019821],[-74.936059,11.019464],[-74.938133,11.018814],[-74.94040179272326,11.018563853362734],[-74.941218,11.017739]]]}},{"type":"Feature","properties":{"nombre":"San Jos\u00e9 del Carretal","municipio":"CANDELARIA","color":"#6a4c93"},"geometry":{"type":"Polygon","coordinates":[[[-74.91533143901079,10.44010999319948],[-74.91496252248317,10.438822285870632],[-74.91438954824888,10.438405405407815],[-74.91475122615194,10.437334646448544],[-74.9137455226655,10.436924189342554],[-74.91340716323056,10.437792217411912],[-74.91290390724548,10.437663012803496],[-74.91274259766821,10.43793453236086],[-74.91191638386374,10.437318870655947],[-74.91190175929091,10.436999905638064],[-74.91141015265843,10.437051122902185],[-74.91127837160288,10.437567760923152],[-74.9106573330093,10.437601073199477],[-74.91034052595468,10.438113373454783],[-74.91067529212846,10.43839512560218],[-74.91041723848669,10.438736273438929],[-74.90996097786568,10.438610882183415],[-74.90991910020375,10.438918308615909],[-74.91036788235002,10.439063624117418],[-74.91533143901079,10.44010999319948]]]}},{"type":"Feature","properties":{"nombre":"San Juan de Tocagua","municipio":"LURUACO","color":"#e63946"},"geometry":{"type":"Polygon","coordinates":[[[-75.18704026542079,10.640419833140907],[-75.18668780333422,10.639628675498752],[-75.18699711574445,10.639668920303405],[-75.18702852533835,10.639253467307155],[-75.18674562070255,10.638119222213325],[-75.18691692224071,10.63672948527119],[-75.18663129570959,10.636089581314234],[-75.1868778778652,10.635466245971056],[-75.1862223367782,10.636517371575419],[-75.18572976894833,10.636664484126683],[-75.18562741490487,10.637204867079623],[-75.1837786209647,10.636909318991382],[-75.18281831384115,10.637562746909785],[-75.18273860183442,10.637102319858109],[-75.18223820249192,10.637207730254106],[-75.1821796673697,10.63694075478706],[-75.1817773990905,10.637074543611444],[-75.18189596143667,10.637990228747162],[-75.18152143493009,10.638051618646756],[-75.18113382356309,10.637598775365472],[-75.17799111335567,10.63764960171987],[-75.17756423752593,10.63740118561412],[-75.17771128904299,10.637010003403228],[-75.17738863395587,10.637014285365968],[-75.1772030195603,10.637429657538675],[-75.17798092556205,10.637883103192715],[-75.18050315413136,10.637963053820034],[-75.18050130629682,10.63830336266227],[-75.18149945046014,10.638057121612249],[-75.18166624155725,10.63910526124216],[-75.18259066278186,10.638943458856186],[-75.18244432632375,10.638052350550872],[-75.18315221493731,10.637840578565232],[-75.18334733171196,10.6383343162645],[-75.18371369702419,10.638205879983696],[-75.18360336953425,10.637770396936926],[-75.18503829255502,10.637768157078643],[-75.1855879492195,10.638221445960585],[-75.18592725727535,10.639522778594193],[-75.18704026542079,10.640419833140907]]]}},{"type":"Feature","properties":{"nombre":"Pital","municipio":"BARANOA","color":"#d7263d"},"geometry":{"type":"Polygon","coordinates":[[[-74.91989066486049,10.840336524186865],[-74.91954247066984,10.840332443619062],[-74.9197049085311,10.837759928773384],[-74.91829254400375,10.837939803461042],[-74.9177114804403,10.837902682787623],[-74.91770822135246,10.837559993279713],[-74.91678003528853,10.837697705968846],[-74.91659919633697,10.838735746244739],[-74.9169120948218,10.839629233461883],[-74.91652995419486,10.84135910214142],[-74.91551259237266,10.841497646838187],[-74.91619842721693,10.841987408946604],[-74.91989066486049,10.840336524186865]]]}},{"type":"Feature","properties":{"nombre":"Juaruco","municipio":"TUBAR\u00c1","color":"#ff6d00"},"geometry":{"type":"MultiPolygon","coordinates":[[[[-74.98950430344955,10.926441983660203],[-74.98846963648171,10.926105289673126],[-74.98765183000997,10.926424974592578],[-74.98787387198865,10.926869591511842],[-74.98850743040235,10.92675092333854],[-74.98848387927053,10.926995471101872],[-74.98888161285416,10.92704558265846],[-74.98896679200772,10.926729909876187],[-74.98943659293501,10.92687257629715],[-74.98950430344955,10.926441983660203]]],[[[-74.98694718450051,10.93168966275055],[-74.9853522461889,10.931790319492263],[-74.98506560186657,10.932248927678849],[-74.98501864243508,10.934558218637068],[-74.98694718450051,10.93168966275055]]],[[[-74.98627811998931,10.926960452808785],[-74.98505856715958,10.927038797215115],[-74.98470390330226,10.927807168081754],[-74.98411666022798,10.92811739585955],[-74.98368361566718,10.927988182689269],[-74.98385093497367,10.928554145237513],[-74.9832598596864,10.928683224093781],[-74.98386783318249,10.929121276267564],[-74.98344532136838,10.929565859158343],[-74.98406569161537,10.930146427578771],[-74.98377557081291,10.930893048684828],[-74.98420202712944,10.930797998128938],[-74.98434146632277,10.931288303964847],[-74.9847476108324,10.93103729544153],[-74.98473714725597,10.930630284296964],[-74.98533656879054,10.930102280759408],[-74.98604267334996,10.92866587204752],[-74.98546125315536,10.928491990781058],[-74.98571770510097,10.92763958574526],[-74.98623166810597,10.927565821862158],[-74.98627811998931,10.926960452808785]]]]}},{"type":"Feature","properties":{"nombre":"Pitalito","municipio":"POLONUEVO","color":"#3a86ff"},"geometry":{"type":"Polygon","coordinates":[[[-74.84346924360374,10.812612648579995],[-74.84337749507051,10.811771324988868],[-74.8429150693117,10.811781714884264],[-74.84296456199229,10.812351913555604],[-74.84225676860014,10.81213776292529],[-74.84226628714889,10.812378087216919],[-74.84170949336949,10.812372733894676],[-74.8418872394215,10.811208940371506],[-74.84164515063895,10.811163908579267],[-74.84235779852689,10.81065886820602],[-74.84277756419117,10.810785590080144],[-74.842729975939,10.810222133296005],[-74.84086067076595,10.810205002011966],[-74.84036574306185,10.810083172656576],[-74.8403562254114,10.809672001084673],[-74.83995874784765,10.810065781946612],[-74.83943764682942,10.810069589390695],[-74.83952568621885,10.809686495862133],[-74.83825063816582,10.809339493680413],[-74.83823517276988,10.810036675071935],[-74.83920123360285,10.810398949443572],[-74.83809537874201,10.810381102564982],[-74.8378926415588,10.810676310059188],[-74.8388363361378,10.810753405561613],[-74.83881777604573,10.810986116097391],[-74.83966200915647,10.810860004909204],[-74.83955350614488,10.811363816684509],[-74.83800233483814,10.811202013761404],[-74.83788693096854,10.811510153342587],[-74.83828345541978,10.811644321172846],[-74.83801619494466,10.812597263636002],[-74.84346924360374,10.812612648579995]]]}},{"type":"Feature","properties":{"nombre":"Barrio San Lorenzo","municipio":"PUERTO COLOMBIA","color":"#0891b2"},"geometry":{"type":"Polygon","coordinates":[[[-74.933324,11.015297],[-74.932306,11.015176],[-74.932021,11.014781],[-74.932987,11.014319],[-74.932753,11.012524],[-74.931656,11.012667],[-74.930886,11.011969],[-74.930801,11.01237],[-74.929429,11.013116],[-74.929825,11.01413],[-74.930479,11.014231],[-74.930886,11.014939],[-74.930172,11.016338],[-74.932753,11.017031],[-74.933324,11.015297]]]}},{"type":"Feature","properties":{"nombre":"Las Flores","municipio":"PONEDERA","color":"#fb5607"},"geometry":{"type":"Polygon","coordinates":[[[-74.82045200572617,10.49656262107124],[-74.81921009832058,10.496050077292708],[-74.81965191043857,10.495106313188643],[-74.81880911373396,10.494886311961274],[-74.81860701794784,10.495460383835796],[-74.81742450984382,10.495182794341193],[-74.81572513698327,10.500166995693995],[-74.81714835932972,10.50073310136898],[-74.81890563681291,10.496773263615411],[-74.82019109903504,10.497367483147672],[-74.82045200572617,10.49656262107124]]]}},{"type":"Feature","properties":{"nombre":"Barrio El Tamarindo","municipio":"PUERTO COLOMBIA","color":"#0891b2"},"geometry":{"type":"MultiPolygon","coordinates":[[[[-74.938342,11.015303],[-74.937986,11.014944],[-74.93738,11.015174],[-74.937014,11.012136],[-74.936505,11.012195],[-74.935183,11.011574],[-74.934414,11.013499],[-74.934655,11.014058],[-74.935313,11.014391],[-74.935169,11.015239],[-74.935624,11.015502],[-74.935939,11.01484],[-74.936342,11.014707],[-74.936778,11.015653],[-74.93636,11.016391],[-74.936857,11.016243],[-74.93739,11.016848],[-74.93821,11.016346],[-74.937894,11.01573],[-74.938342,11.015303]]],[[[-74.935391,11.015906],[-74.935075,11.015461],[-74.933846,11.015449],[-74.933143,11.014882],[-74.932611,11.015007],[-74.933721,11.015506],[-74.933829,11.016688],[-74.934769,11.016728],[-74.935391,11.015906]]]]}},{"type":"Feature","properties":{"nombre":"Chorrera","municipio":"JUAN DE ACOSTA","color":"#f4a261"},"geometry":{"type":"Polygon","coordinates":[[[-75.01393918166015,10.799594494509233],[-75.0135891010074,10.799550735167522],[-75.01378877493549,10.79861035471836],[-75.01336341097037,10.798400971644048],[-75.01357317118246,10.797316105977698],[-75.01315378101398,10.795813545977806],[-75.01275974220113,10.796099080641714],[-75.01262649150176,10.796738680022047],[-75.01233265526727,10.796693637235279],[-75.01221642225266,10.797248879447388],[-75.01172800733437,10.797071804950514],[-75.01172170295771,10.796792887544306],[-75.01135059094754,10.797016673592765],[-75.01117648037747,10.79833815739921],[-75.0106175899302,10.7981367758212],[-75.01010120237228,10.798420010485973],[-75.00991608025348,10.79956381682091],[-75.01062158922986,10.80072380557426],[-75.01052617557026,10.801876220636226],[-75.01114616582991,10.801772195584112],[-75.01135187014849,10.802514706484672],[-75.0117217370937,10.802471234347266],[-75.01154395780401,10.801536045372528],[-75.01200560113021,10.80017073608488],[-75.01275101237319,10.799597569690077],[-75.01393918166015,10.799594494509233]]]}},{"type":"Feature","properties":{"nombre":"Palmarito","municipio":"TUBAR\u00c1","color":"#ff6d00"},"geometry":{"type":"Polygon","coordinates":[[[-75.05966025497563,10.88856375782789],[-75.05678010615607,10.889224854903985],[-75.05652828951732,10.888626218796688],[-75.05718376233236,10.887670784019065],[-75.05607916601123,10.8870527993079],[-75.05599998041724,10.887789757134243],[-75.05621710501806,10.887855192856623],[-75.05536921396747,10.888985383668368],[-75.05538322229602,10.889623758548343],[-75.05451641767328,10.889867655764071],[-75.05547132796958,10.892529662541557],[-75.05726693195463,10.891994925347698],[-75.05714100162653,10.89053276198093],[-75.05874713725224,10.890824245344907],[-75.05953235913366,10.889702924362192],[-75.05966025497563,10.88856375782789]]]}},{"type":"Feature","properties":{"nombre":"Novaterra Ocean City","municipio":"PUERTO COLOMBIA","color":"#0891b2"},"geometry":{"type":"MultiPolygon","coordinates":[[[[-74.922159,11.010502],[-74.91839,11.007917],[-74.918006,11.007937],[-74.91713,11.00912],[-74.921129,11.011897],[-74.922159,11.010502]]],[[[-74.917672,11.007562],[-74.916676,11.007082],[-74.915745,11.007576],[-74.917219,11.007983],[-74.917672,11.007562]]],[[[-74.917535,11.00625],[-74.917092,11.005467],[-74.916149,11.006185],[-74.914544,11.005231],[-74.91374,11.006241],[-74.914779,11.007044],[-74.915275,11.006868],[-74.916031,11.007235],[-74.917535,11.00625]]]]}},{"type":"Feature","properties":{"nombre":"11 de Mayo","municipio":"BARANOA","color":"#d7263d"},"geometry":{"type":"Polygon","coordinates":[[[-74.9220396,10.7817488],[-74.9195033,10.7810009],[-74.9201055,10.7794487],[-74.919279,10.7793358],[-74.9164596,10.7798717],[-74.916349,10.7802207],[-74.9154075,10.7800705],[-74.9150982,10.7815499],[-74.91724877261049,10.78249000175577],[-74.9173823610764,10.782133963582591],[-74.91801088688244,10.782369310263581],[-74.91833611777892,10.782925257972506],[-74.91797277890048,10.782793431812337],[-74.9187398,10.7830927],[-74.9192503,10.7816763],[-74.921569,10.7825526],[-74.9220396,10.7817488]]]}},{"type":"Feature","properties":{"nombre":"Algodonal","municipio":"SANTA LUCIA","color":"#7209b7"},"geometry":{"type":"Polygon","coordinates":[[[-74.95175667479928,10.34909399990855],[-74.95122398820885,10.347529590706577],[-74.9495909552269,10.347451069935286],[-74.94905345366654,10.345883075284338],[-74.9485908859739,10.345991738021574],[-74.94862495907263,10.347991895554609],[-74.94787186004747,10.348037104086657],[-74.947849834255,10.348881148075108],[-74.94759401202839,10.348973143167074],[-74.94767253466568,10.350010589168742],[-74.94813890043532,10.350398306314451],[-74.94741778053596,10.351333605767193],[-74.94796445120043,10.351593177724274],[-74.94910610392533,10.351444951280358],[-74.95023124381869,10.350556207966651],[-74.95127547964093,10.35019908994114],[-74.9511006126894,10.349846525209568],[-74.95166322575523,10.349760583712847],[-74.95129440983891,10.34938641378694],[-74.95175667479928,10.34909399990855]]]}},{"type":"Feature","properties":{"nombre":"Arroyo Negro","municipio":"REPELON","color":"#ef476f"},"geometry":{"type":"Polygon","coordinates":[[[-75.1531681315013,10.56809759467856],[-75.15192072910115,10.567582344005967],[-75.14939419221173,10.569533413879284],[-75.1479692934912,10.569705763303654],[-75.1476195137741,10.570840767107697],[-75.1478700691782,10.57125743537711],[-75.14656636217265,10.572188994544085],[-75.14763614428495,10.57294122099152],[-75.1486182795716,10.572417353548442],[-75.14872481347608,10.572758288091672],[-75.14904469187066,10.572652844895924],[-75.14894586820625,10.5723311910893],[-75.1501795281792,10.57174673536886],[-75.15119838030645,10.570292974559969],[-75.15135014977538,10.570433903010324],[-75.15308247085075,10.569011307654659],[-75.1531681315013,10.56809759467856]]]}},{"type":"Feature","properties":{"nombre":"Santa Rita","municipio":"PONEDERA","color":"#fb5607"},"geometry":{"type":"Polygon","coordinates":[[[-74.78415355276697,10.592333575434596],[-74.78113937979862,10.590930117618226],[-74.77922517053946,10.594621516428933],[-74.78027700610902,10.595159795348366],[-74.77974412009259,10.596154612216864],[-74.78037397205742,10.59658915765866],[-74.78065652365531,10.596193246862338],[-74.78102590640856,10.596369990104733],[-74.7812051822915,10.59530278830324],[-74.78224189651986,10.595698991639994],[-74.78415355276697,10.592333575434596]]]}},{"type":"Feature","properties":{"nombre":"Urbanizacion Las Cayenas","municipio":"SANTO TOM\u00c1S","color":"#ff9f1c"},"geometry":{"type":"Polygon","coordinates":[[[-74.76477093805482,10.776521193962642],[-74.76445727420537,10.774983531028209],[-74.76240261424988,10.774614328873506],[-74.75979646057513,10.773630731247376],[-74.75868840394354,10.774248163759541],[-74.7568748580985,10.775936509439063],[-74.75718218702855,10.776233243912928],[-74.75676802056344,10.77623891292199],[-74.7574289829832,10.776605840718146],[-74.75900492802884,10.776156246334132],[-74.76477093805482,10.776521193962642]]]}},{"type":"Feature","properties":{"nombre":"Pradomar","municipio":"PUERTO COLOMBIA","color":"#0891b2"},"geometry":{"type":"Polygon","coordinates":[[[-74.95324,11.002976],[-74.952378,11.002768],[-74.952296,11.00213],[-74.950954,11.001927],[-74.950958,11.003749],[-74.949253,11.003403],[-74.948064,11.003824],[-74.948447,11.004381],[-74.949051,11.003937],[-74.949219,11.004812],[-74.948735,11.005186],[-74.94803,11.005071],[-74.948037,11.006068],[-74.948623,11.006096],[-74.949468,11.006805],[-74.951724,11.005786],[-74.952894,11.006367],[-74.95272,11.004296],[-74.95324,11.002976]]]}},{"type":"Feature","properties":{"nombre":"Los Pendale","municipio":"LURUACO","color":"#e63946"},"geometry":{"type":"Polygon","coordinates":[[[-75.20555825167199,10.614952314816597],[-75.20536483271323,10.614479645207313],[-75.20284339915294,10.615388457293113],[-75.20133404442267,10.614387476429034],[-75.20175210149128,10.613853562178466],[-75.20066115147765,10.613009048896133],[-75.20051225302436,10.61325784420251],[-75.19981450818699,10.612849525701245],[-75.19952028837184,10.61163539545287],[-75.19812748555812,10.61204655779493],[-75.19813435317847,10.61244981365066],[-75.20141041289992,10.614482535966136],[-75.20103733447758,10.615601294666341],[-75.20070220628276,10.615639840328319],[-75.201499978527,10.618195661334237],[-75.2034850900149,10.617908664605142],[-75.20451569929259,10.618277360909723],[-75.20517467757814,10.617029009573859],[-75.20484250818959,10.616769274804655],[-75.2046593560762,10.615205390810196],[-75.20555825167199,10.614952314816597]]]}},{"type":"Feature","properties":{"nombre":"Los Cocos Playa Linda","municipio":"TUBAR\u00c1","color":"#ff6d00"},"geometry":{"type":"Polygon","coordinates":[[[-75.07435560067242,10.886785345485253],[-75.06942596349846,10.88305129507278],[-75.06756565674964,10.885310527655715],[-75.06802965186523,10.887534371723337],[-75.07184339909833,10.886856665351894],[-75.07435560067242,10.886785345485253]]]}},{"type":"Feature","properties":{"nombre":"Villa Rosa","municipio":"REPELON","color":"#ef476f"},"geometry":{"type":"Polygon","coordinates":[[[-75.134252,10.40993],[-75.132874,10.409038],[-75.133489,10.408589],[-75.132271,10.407491],[-75.131288,10.407876],[-75.130914,10.407568],[-75.130491,10.408221],[-75.129813,10.407757],[-75.12919,10.408105],[-75.128934,10.407835],[-75.127761,10.408665],[-75.126859,10.408637],[-75.126817,10.408995],[-75.127829,10.409483],[-75.127198,10.410512],[-75.126928,10.410376],[-75.12629,10.41101],[-75.127232,10.411974],[-75.125698,10.41387],[-75.126132,10.413757],[-75.126345,10.414158],[-75.126635,10.413901],[-75.127769,10.414388],[-75.128585,10.413876],[-75.128939,10.414097],[-75.128687,10.414485],[-75.129296,10.41471],[-75.129889,10.41419],[-75.130176,10.414333],[-75.130199,10.414975],[-75.132074,10.415727],[-75.132412,10.41458],[-75.131938,10.413583],[-75.132033,10.412888],[-75.131527,10.412327],[-75.132671,10.410217],[-75.133659,10.410744],[-75.133945,10.410608],[-75.133759,10.410133],[-75.134252,10.40993]]]}},{"type":"Feature","properties":{"nombre":"Horizontes de Jwaeirruku","municipio":"TUBAR\u00c1","color":"#ff6d00"},"geometry":{"type":"Polygon","coordinates":[[[-74.99271185135922,10.931810465576453],[-74.99221840677365,10.931035840114529],[-74.99044497519762,10.931631580720056],[-74.98694718450051,10.93168966275055],[-74.98525781100115,10.934557996852007],[-74.98656870881403,10.934571969990811],[-74.99028444535803,10.933647300945395],[-74.9919301095512,10.934231703399966],[-74.99271185135922,10.931810465576453]]]}},{"type":"Feature","properties":{"nombre":"Urbanizaci\u00f3n Palmarito Beach 2","municipio":"TUBAR\u00c1","color":"#ff6d00"},"geometry":{"type":"Polygon","coordinates":[[[-75.05335739789746,10.893118624362543],[-75.0524075973156,10.890479405756691],[-75.04754666021884,10.892251681294434],[-75.04891639339777,10.895399712280726],[-75.05119710630967,10.894386060457101],[-75.05111653910679,10.893778433502389],[-75.05335739789746,10.893118624362543]]]}},{"type":"Feature","properties":{"nombre":"Cambuches de Damnificados de Inundaciones","municipio":"PONEDERA","color":"#fb5607"},"geometry":{"type":"Polygon","coordinates":[[[-74.76150674956983,10.648733582889687],[-74.7604801692362,10.643414726565364],[-74.75976454253478,10.643280308393978],[-74.75978470881459,10.64378650149407],[-74.75894254093068,10.643689920202208],[-74.75890260632471,10.644707440661625],[-74.75770571888792,10.644551473402325],[-74.7576290458818,10.645589504984173],[-74.75502711069565,10.644980132000954],[-74.7545319332599,10.645266992036857],[-74.75441537595347,10.646030711876024],[-74.7606566747148,10.648074614327347],[-74.76150674956983,10.648733582889687]]]}},{"type":"Feature","properties":{"nombre":"Urbanizaci\u00f3n Altos de Belmar","municipio":"PUERTO COLOMBIA","color":"#0891b2"},"geometry":{"type":"MultiPolygon","coordinates":[[[[-74.931158,11.016552],[-74.929382,11.016171],[-74.928632,11.016885],[-74.927166,11.015516],[-74.926616,11.01537],[-74.925359,11.01687],[-74.926786,11.017788],[-74.92586,11.018773],[-74.92653,11.019467],[-74.927385,11.018681],[-74.927792,11.019057],[-74.928656,11.018051],[-74.92907,11.018027],[-74.929762,11.018875],[-74.930192,11.018831],[-74.931158,11.016552]]],[[[-74.926234,11.012672],[-74.924295,11.012051],[-74.923632,11.012949],[-74.924365,11.013577],[-74.923558,11.0133],[-74.923331,11.01363],[-74.925079,11.014315],[-74.925269,11.013912],[-74.924767,11.01368],[-74.924893,11.013446],[-74.925662,11.013584],[-74.926234,11.012672]]]]}},{"type":"Feature","properties":{"nombre":"Pital de Megua","municipio":"BARANOA","color":"#d7263d"},"geometry":{"type":"Polygon","coordinates":[[[-74.92281830581247,10.841634484256865],[-74.92137920742225,10.841181435215258],[-74.92134903660514,10.842051402371546],[-74.92083079043289,10.841881508746674],[-74.92000987579027,10.841401809876679],[-74.92025829140736,10.84095209198379],[-74.91986568091582,10.840892128488267],[-74.91988833292596,10.840388380745555],[-74.91619842721693,10.841987408946604],[-74.91551259237266,10.841497646838187],[-74.91387147365485,10.841526290988124],[-74.913178796214,10.84184732743855],[-74.91414685579845,10.842510229902338],[-74.91370159953966,10.84274872027812],[-74.9147706315587,10.842905083687567],[-74.91511684316752,10.843446648858587],[-74.91555894723797,10.843015490090718],[-74.91637639887514,10.843262504617426],[-74.91656659198374,10.843059845682719],[-74.91653759167143,10.843439843865605],[-74.91740368887787,10.844296902972593],[-74.91787946090686,10.843863831776861],[-74.91948369479911,10.844691407666412],[-74.9191831858787,10.844406226313124],[-74.91923592776565,10.843646745404122],[-74.91974743747159,10.842887727526964],[-74.92013912000345,10.843145007448127],[-74.92113278337014,10.843001286312486],[-74.92135454866772,10.842259847094558],[-74.92258925068639,10.842867560429358],[-74.92271670276058,10.842619343913631],[-74.92233462411741,10.842422982249198],[-74.92281830581247,10.841634484256865]]]}},{"type":"Feature","properties":{"nombre":"Nueva Baranoa","municipio":"BARANOA","color":"#d7263d"},"geometry":{"type":"Polygon","coordinates":[[[-74.9201055,10.7794487],[-74.9216502,10.7796299],[-74.9228846,10.7804544],[-74.9245357,10.778621],[-74.9234748,10.7778414],[-74.9242419,10.7755911],[-74.9239241,10.77269],[-74.9254125,10.7722221],[-74.924616,10.7708057],[-74.9201055,10.7794487]]]}},{"type":"Feature","properties":{"nombre":"Condominio R\u00edomar Club","municipio":"SANTO TOM\u00c1S","color":"#ff9f1c"},"geometry":{"type":"Polygon","coordinates":[[[-74.76558228923291,10.758757666029588],[-74.76079559019034,10.75900797549169],[-74.76126534081196,10.760074224806546],[-74.76013484246795,10.760161076306945],[-74.7604914664492,10.761063129144677],[-74.76181899228449,10.76168173380139],[-74.76182494991146,10.761948608294999],[-74.76243274643944,10.76196730790994],[-74.76249206848586,10.762745744432136],[-74.76499076388967,10.763613972622467],[-74.76558228923291,10.758757666029588]]]}},{"type":"Feature","properties":{"nombre":"Los Pendales","municipio":"LURUACO","color":"#e63946"},"geometry":{"type":"MultiPolygon","coordinates":[[[[-75.21878012674087,10.604885668274772],[-75.21774297413465,10.605141968378318],[-75.21736030978992,10.604939886267518],[-75.21722958605146,10.603921300899554],[-75.21627379475883,10.604237372950175],[-75.21627379475883,10.605232594743857],[-75.21709379042491,10.605561999167328],[-75.21626712656447,10.60637411574577],[-75.2159531653727,10.607212750024699],[-75.21717909893586,10.60756997451354],[-75.21753718806936,10.605988015906759],[-75.2184663901279,10.605446357473516],[-75.21878012674087,10.604885668274772]]],[[[-75.21044478588199,10.624607679244715],[-75.21016569728951,10.624485488227204],[-75.2104143940793,10.62398331922875],[-75.21012157294109,10.623615156911363],[-75.20964431240368,10.623770270495957],[-75.20892412315891,10.62334242440605],[-75.20798629278208,10.621553569877065],[-75.20702389527885,10.620567471506268],[-75.20682432465703,10.619948166826797],[-75.2078198035189,10.61998089697569],[-75.20779183537086,10.619602249464954],[-75.20762258827973,10.619239799724896],[-75.20658670050143,10.61944218406022],[-75.20668936985358,10.618061679704528],[-75.2062377777771,10.617332816173242],[-75.20566386570164,10.617746602881144],[-75.20517467757814,10.617029009573859],[-75.20451569929259,10.618277360909723],[-75.20378063484506,10.618024366040661],[-75.20352430776526,10.620277462690863],[-75.20398334507881,10.620881965339132],[-75.20581138164769,10.619390333124878],[-75.2066381434245,10.61967587781009],[-75.20712752313341,10.621144132314175],[-75.20675721601373,10.621372532515085],[-75.20677860669726,10.621923845746851],[-75.20733715488642,10.623367533722908],[-75.20785291991186,10.623348844988987],[-75.20798839663648,10.624341669261886],[-75.20882265305768,10.624937362100075],[-75.21027171286609,10.624961230791925],[-75.21044478588199,10.624607679244715]]]]}},{"type":"Feature","properties":{"nombre":"Urbanizaci\u00f3n Colinas de Prado","municipio":"PUERTO COLOMBIA","color":"#0891b2"},"geometry":{"type":"Polygon","coordinates":[[[-74.95282294646144,11.006538363225701],[-74.951724,11.005786],[-74.949468,11.006805],[-74.948565,11.00607],[-74.946776,11.00683],[-74.947101,11.007921],[-74.946651,11.008637],[-74.945678,11.008632],[-74.945605,11.009201],[-74.946507,11.009297],[-74.946508,11.010367],[-74.948759,11.009624],[-74.949926,11.009867],[-74.951174,11.008297],[-74.95255479746835,11.007376303797464],[-74.95282294646144,11.006538363225701]]]}},{"type":"Feature","properties":{"nombre":"Hibacharo","municipio":"PIOJO","color":"#8338ec"},"geometry":{"type":"Polygon","coordinates":[[[-75.14213272978283,10.714483840069564],[-75.14189276551593,10.713183075514827],[-75.14124835186034,10.712825107296695],[-75.1392247394777,10.714355458032127],[-75.1368567121168,10.714904020107337],[-75.13556639180561,10.714511397405811],[-75.13487237318003,10.713956397413273],[-75.13541787064474,10.713219668735336],[-75.13477303747591,10.712914502960478],[-75.13500177908999,10.71252239050473],[-75.13470521018039,10.712412597337382],[-75.13450453912233,10.713322869042893],[-75.1336241371433,10.7132514841264],[-75.1330683072562,10.71378585156372],[-75.13314824563838,10.714831446630143],[-75.13251649912662,10.715103894975055],[-75.13264974892766,10.71537039400501],[-75.1330756716449,10.715291872450857],[-75.13305289486085,10.715758934218298],[-75.1326420350943,10.715832074134457],[-75.13302745636865,10.71598995016337],[-75.13276399936044,10.718409356069879],[-75.13425743235061,10.718337343911045],[-75.13464802163277,10.71695882945248],[-75.13556791085675,10.716794456763086],[-75.1356832051319,10.716238755718996],[-75.13618991154601,10.71674058438843],[-75.13704842068327,10.716696801547434],[-75.13829383062011,10.715190745280877],[-75.13854236750977,10.715371227227857],[-75.13918811067197,10.715051817614283],[-75.13900469355558,10.714691058890153],[-75.1410569792638,10.713421021399979],[-75.14121663683923,10.714751528579006],[-75.14213272978283,10.714483840069564]]]}},{"type":"Feature","properties":{"nombre":"Sabanilla","municipio":"PUERTO COLOMBIA","color":"#0891b2"},"geometry":{"type":"Polygon","coordinates":[[[-74.921275,11.027423],[-74.919924,11.026118],[-74.919033,11.026036],[-74.91859,11.028242],[-74.91772,11.02875],[-74.918004,11.029185],[-74.916662,11.029768],[-74.916797,11.03092],[-74.916302,11.031365],[-74.917537,11.033512],[-74.917177,11.033985],[-74.918577,11.03485],[-74.918918,11.034648],[-74.918993,11.033606],[-74.919336,11.033231],[-74.918948,11.032513],[-74.919438,11.030727],[-74.919048,11.030205],[-74.919571,11.02999],[-74.921275,11.027423]]]}},{"type":"Feature","properties":{"nombre":"Ocean Club & Re ort","municipio":"JUAN DE ACOSTA","color":"#f4a261"},"geometry":{"type":"Polygon","coordinates":[[[-75.09814472128103,10.869586715367157],[-75.0933364699249,10.867086738427309],[-75.08841821530392,10.870592931588968],[-75.08944465543269,10.871438506677611],[-75.09814472128103,10.869586715367157]]]}},{"type":"Feature","properties":{"nombre":"Higuer\u00f3n","municipio":"POLONUEVO","color":"#3a86ff"},"geometry":{"type":"Polygon","coordinates":[[[-74.85217857557329,10.782812926301581],[-74.85136836795054,10.782470284179443],[-74.8517609784421,10.78131672076475],[-74.85054462541142,10.780980832166037],[-74.8511693246398,10.77974042603561],[-74.85030778548509,10.779363391668404],[-74.8505349613356,10.778917392155607],[-74.84975894898248,10.778426387052336],[-74.84834096639132,10.780772341335096],[-74.84574655369737,10.781238642592067],[-74.84547160813497,10.782348560944365],[-74.8476132025521,10.782425864915751],[-74.84679033497207,10.783992173001158],[-74.84489814611547,10.783475001766586],[-74.84456585390198,10.784033936739963],[-74.84611800796566,10.78468552073361],[-74.84786908137258,10.783464553532808],[-74.84832490541237,10.782400134284789],[-74.84979356466363,10.783340754289195],[-74.84961036583785,10.783700626168372],[-74.84995359953149,10.783944431535026],[-74.85193967670831,10.784555565145954],[-74.85217857557329,10.782812926301581]]]}},{"type":"Feature","properties":{"nombre":"Ciudadela Santa Sof\u00eda","municipio":"SABANAGRANDE","color":"#118ab2"},"geometry":{"type":"Polygon","coordinates":[[[-74.77674817304303,10.812964330572559],[-74.7756319453356,10.812272706075955],[-74.77605424784225,10.811596305272108],[-74.7722714179263,10.809230695792758],[-74.77192913824348,10.810672129379341],[-74.7702680266207,10.812474992303775],[-74.77004476922146,10.813233899300677],[-74.77201247135915,10.813970949139716],[-74.77220464076134,10.813660431469375],[-74.77305649248402,10.814197645647988],[-74.77326190305351,10.813891684733951],[-74.77403503630616,10.814373705033534],[-74.77423750309647,10.814073796421987],[-74.77540044589362,10.815391420704508],[-74.77674817304303,10.812964330572559]]]}},{"type":"Feature","properties":{"nombre":"La paz","municipio":"BARANOA","color":"#d7263d"},"geometry":{"type":"Polygon","coordinates":[[[-74.915488,10.807513],[-74.915198,10.806476],[-74.914258,10.805548],[-74.910941,10.805593],[-74.9077814782662,10.804046383761749],[-74.90687,10.80577],[-74.910376,10.805664],[-74.91039,10.806097],[-74.911186,10.80612],[-74.911198,10.806647],[-74.911522,10.806646],[-74.911549,10.807681],[-74.905683,10.807031],[-74.9052,10.80761],[-74.915269,10.808995],[-74.915488,10.807513]]]}},{"type":"Feature","properties":{"nombre":"Sibarco","municipio":"BARANOA","color":"#d7263d"},"geometry":{"type":"MultiPolygon","coordinates":[[[[-74.98100152560485,10.816116060195242],[-74.9809456279363,10.81510847999679],[-74.98040083834402,10.814644961333244],[-74.98031322026448,10.81644437154788],[-74.97985647724816,10.816329926513811],[-74.97979187131124,10.816703493600107],[-74.98052632041282,10.816884740638564],[-74.98100152560485,10.816116060195242]]],[[[-74.97971471680812,10.81448291488349],[-74.97908698486735,10.814333314937949],[-74.97909922171816,10.815988214685852],[-74.97751172433796,10.815565961733716],[-74.9776556119886,10.815141161698635],[-74.97792431425974,10.815236140585853],[-74.97829074604729,10.814055921526437],[-74.97764347574909,10.813810903525209],[-74.97780243892683,10.812327846985394],[-74.9775011296075,10.81147262968139],[-74.97680138691693,10.811240452474786],[-74.97675477872671,10.813184205396325],[-74.97581042747923,10.81439997646052],[-74.97536660403334,10.813701608723706],[-74.97426826268152,10.8130987906977],[-74.97454113223729,10.81252868344732],[-74.97425171301904,10.81238106961826],[-74.97360329197897,10.814569749788886],[-74.97288223136842,10.814162878821884],[-74.97405968734729,10.815490749537956],[-74.97399323537246,10.815862536190759],[-74.97340032931864,10.816633821995117],[-74.97319841678886,10.816540138847747],[-74.97339836560143,10.817212030267157],[-74.9725303244407,10.81778497243376],[-74.9732761659767,10.818169859143326],[-74.9735903095265,10.817408539049255],[-74.97428586247457,10.817198031735781],[-74.97500982464352,10.817466958717963],[-74.97530302217585,10.817025440775549],[-74.97494897995269,10.816621412557723],[-74.975153139169,10.816428677976054],[-74.9757579928161,10.816953321595948],[-74.9753109480116,10.81757812361585],[-74.97559725187243,10.817741860743284],[-74.97586192519952,10.81778615743163],[-74.97570904002302,10.817532359545245],[-74.97606269507227,10.81719487997054],[-74.97726931216191,10.817594158597714],[-74.97761681824304,10.817120806419092],[-74.9779401398801,10.817154384372534],[-74.97811697144715,10.816417963534837],[-74.97702601334868,10.816369429573216],[-74.97634310778147,10.81686629061569],[-74.9757574349623,10.816560368600626],[-74.97600686747231,10.816231646197133],[-74.97784456452376,10.815902286371628],[-74.97937618220173,10.816515379964812],[-74.97971471680812,10.81448291488349]]]]}},{"type":"Feature","properties":{"nombre":"URB. Villa Eleyla","municipio":"BARANOA","color":"#d7263d"},"geometry":{"type":"Polygon","coordinates":[[[-74.9165860261366,10.784253351805226],[-74.9154294218521,10.783830757733206],[-74.91580428169998,10.78199607976324],[-74.9150982,10.7815499],[-74.9154075,10.7800705],[-74.91614126754449,10.779996094905792],[-74.91520224959484,10.779825340154469],[-74.91460690641165,10.780289810888855],[-74.91434948428552,10.78122315455864],[-74.91360361939331,10.781010357493814],[-74.91353184939202,10.780126246604542],[-74.91308213209952,10.780085795426965],[-74.9130393013251,10.779683666002663],[-74.91272521347084,10.779607523531222],[-74.91273948949734,10.779067385666648],[-74.91323917557749,10.779105456973141],[-74.91343429145383,10.777863378777042],[-74.91201670232478,10.77761518614045],[-74.91218538796883,10.785639917395628],[-74.91438519411469,10.785133598683805],[-74.9148318517453,10.785826583747479],[-74.91603703153048,10.785179627131287],[-74.9165860261366,10.784253351805226]]]}},{"type":"Feature","properties":{"nombre":"Villa Fernanda","municipio":"PUERTO COLOMBIA","color":"#0891b2"},"geometry":{"type":"Polygon","coordinates":[[[-74.919911,11.011026],[-74.917164,11.00925],[-74.917692,11.008343],[-74.91759,11.008007],[-74.915664,11.007622],[-74.912506,11.009493],[-74.910483,11.010168],[-74.910902,11.010914],[-74.912416,11.009703],[-74.912921,11.009689],[-74.914742,11.010651],[-74.914034,11.012842],[-74.915004,11.013459],[-74.916755,11.011309],[-74.918597,11.012581],[-74.919911,11.011026]]]}},{"type":"Feature","properties":{"nombre":"Martillo","municipio":"PONEDERA","color":"#fb5607"},"geometry":{"type":"Polygon","coordinates":[[[-74.83254468949976,10.629342862027002],[-74.83271244898073,10.627148225098995],[-74.83141180433202,10.624082670285917],[-74.83099759025617,10.62437074102128],[-74.82889825348833,10.624142491391938],[-74.82880350278543,10.625043711702586],[-74.82926287427227,10.62504022066245],[-74.82931296523081,10.625749270931859],[-74.8281539319018,10.626366737993308],[-74.82695832366598,10.62625218661733],[-74.82712432334733,10.627618131038085],[-74.8290639773869,10.627673177579233],[-74.82892998467912,10.628635943484115],[-74.82960723894487,10.628784404495326],[-74.83056888096495,10.631437779623283],[-74.83189463801743,10.631680116559075],[-74.83228747668107,10.631177648613733],[-74.83165549301408,10.630783784129871],[-74.8313926073344,10.630182387694243],[-74.83181681067617,10.629196811608512],[-74.83254468949976,10.629342862027002]]]}},{"type":"Feature","properties":{"nombre":"San Jos\u00e9 2 etapa","municipio":"BARANOA","color":"#d7263d"},"geometry":{"type":"Polygon","coordinates":[[[-74.92299101950226,10.781547070581865],[-74.92207745172293,10.780882308196569],[-74.92107479622024,10.780999435293726],[-74.92069172388773,10.781351340494275],[-74.9220396,10.7817488],[-74.921569,10.7825526],[-74.9192503,10.7816763],[-74.9187398,10.7830927],[-74.91797277890048,10.782793431812337],[-74.91773326278931,10.783479933791677],[-74.9182880919532,10.78373375339588],[-74.91818941291754,10.78463356921451],[-74.92015055915029,10.786129402629141],[-74.91864186558007,10.788611227482502],[-74.92074670452902,10.789235597845995],[-74.92125618763568,10.787563567221303],[-74.92155763349894,10.787707111081643],[-74.92245694411639,10.787263600068325],[-74.92157349684854,10.78679709724711],[-74.92192845535328,10.785753298424325],[-74.92249213112608,10.785787224921268],[-74.92286958344552,10.7854112129454],[-74.92211940574163,10.782499980557311],[-74.92299101950226,10.781547070581865]]]}},{"type":"Feature","properties":{"nombre":"Buenaventura de Le\u00f1a","municipio":"CANDELARIA","color":"#6a4c93"},"geometry":{"type":"Polygon","coordinates":[[[-74.88091593843043,10.517777224962842],[-74.8803400815024,10.51745077266248],[-74.88027683291986,10.515465431980546],[-74.87876137503557,10.514528690573913],[-74.8786379276509,10.513641773969791],[-74.87790737364442,10.513273972186726],[-74.87787406052043,10.513664202810872],[-74.87742820059376,10.51357184480034],[-74.8769596528163,10.51450996518503],[-74.87597913898874,10.51782839089669],[-74.8754502792214,10.518265395549815],[-74.8748611128541,10.518136967287365],[-74.87390756016316,10.51853632514062],[-74.87412096214543,10.518783890697078],[-74.87387780257106,10.519305684674464],[-74.87498777351254,10.519765140363216],[-74.87551601434063,10.518910914372357],[-74.87649041603099,10.519744326485172],[-74.87842941519872,10.520335444138606],[-74.87796923971972,10.519846042973603],[-74.87828171958961,10.519139475423334],[-74.87923342983589,10.519209034146241],[-74.87935674067663,10.518165631341889],[-74.88091593843043,10.517777224962842]]]}},{"type":"Feature","properties":{"nombre":"Giraldito","municipio":"PONEDERA","color":"#fb5607"},"geometry":{"type":"Polygon","coordinates":[[[-74.81411444619391,10.510886492297894],[-74.8138827086984,10.510500902254448],[-74.81410553310967,10.509370414641367],[-74.81303363097331,10.508030376325104],[-74.81367188847425,10.507215806809207],[-74.81362283057828,10.506802757133773],[-74.81202260317218,10.5063075915936],[-74.81093971643652,10.506435584032376],[-74.8088722132674,10.508834690071033],[-74.80746750687784,10.509720031524342],[-74.81071511785255,10.511488610888389],[-74.81229262866174,10.5114450053231],[-74.81338183055385,10.511784787638605],[-74.81379487322654,10.510900247021981],[-74.81411444619391,10.510886492297894]]]}},{"type":"Feature","properties":{"nombre":"Conjunto Residencial Brisas de Marahuaca","municipio":"PUERTO COLOMBIA","color":"#0891b2"},"geometry":{"type":"Polygon","coordinates":[[[-74.900253,11.005624],[-74.898341,11.005791],[-74.897603,11.005402],[-74.895988,11.006273],[-74.895482,11.008509],[-74.89511,11.009139],[-74.894496,11.009375],[-74.894817,11.010082],[-74.89427,11.012073],[-74.898194,11.011604],[-74.899205,11.008831],[-74.898674,11.008344],[-74.899439,11.006486],[-74.900253,11.005624]]]}},{"type":"Feature","properties":{"nombre":"Villa Clarita","municipio":"PUERTO COLOMBIA","color":"#0891b2"},"geometry":{"type":"Polygon","coordinates":[[[-74.914851,11.010816],[-74.913458,11.009825],[-74.912921,11.009689],[-74.912416,11.009703],[-74.910902,11.010914],[-74.910542,11.010047],[-74.90834,11.010525],[-74.908633,11.011712],[-74.908089,11.011978],[-74.908262,11.012998],[-74.907778,11.014256],[-74.908442,11.014513],[-74.909193,11.014125],[-74.909755,11.014337],[-74.910718,11.013296],[-74.912955,11.014739],[-74.914098,11.012978],[-74.914851,11.010816]]]}},{"type":"Feature","properties":{"nombre":"Punta Roca","municipio":"PUERTO COLOMBIA","color":"#0891b2"},"geometry":{"type":"Polygon","coordinates":[[[-74.921155,11.039853],[-74.919234,11.039966],[-74.917628,11.041422],[-74.915416,11.04264],[-74.914229,11.044388],[-74.916425,11.045108],[-74.9196,11.045334],[-74.919993,11.04335],[-74.920819,11.043466],[-74.921155,11.039853]]]}},{"type":"Feature","properties":{"nombre":"Rotinet","municipio":"REPELON","color":"#ef476f"},"geometry":{"type":"MultiPolygon","coordinates":[[[[-75.07456444729789,10.533840937220893],[-75.07390580253157,10.53294287744468],[-75.07431862152377,10.53240184614979],[-75.07413655996511,10.532027578002971],[-75.07362359049685,10.532045411198522],[-75.07345916646051,10.530925213905826],[-75.07320646767614,10.530902370339854],[-75.07365212188859,10.528985385949332],[-75.073480659552,10.527859269856606],[-75.07245285122136,10.52770762642869],[-75.0726744979413,10.528598854078684],[-75.07081673432302,10.528716232801672],[-75.07086454356077,10.529143537855614],[-75.0701346785621,10.529450930934635],[-75.070204826206,10.530484173368663],[-75.07091734473653,10.530433835313097],[-75.07095081865897,10.5315260110059],[-75.07130671949643,10.531604624854559],[-75.07130206712158,10.533332418152359],[-75.07156029144326,10.53325702127782],[-75.07159550719904,10.533641304921076],[-75.07185586052795,10.533111675799493],[-75.07420575090326,10.534366368243482],[-75.07451495371899,10.534273048472487],[-75.07456444729789,10.533840937220893]]],[[[-75.07434734605327,10.52455006227691],[-75.0719745477399,10.52440372527229],[-75.07152042690589,10.52392146773717],[-75.07146593330413,10.524209243887155],[-75.07025193655446,10.524684560768689],[-75.07027596918324,10.52548025259297],[-75.06986717823679,10.525525462715576],[-75.0698662736333,10.526250829518482],[-75.06954980524353,10.526270459472487],[-75.06951197269535,10.525868806482796],[-75.0686474924564,10.525934417556423],[-75.06861089419341,10.527087448112434],[-75.07146979875479,10.527038310648184],[-75.07208257823766,10.527521027869026],[-75.07246317106734,10.52634205147455],[-75.07281984265931,10.526438241388355],[-75.07303633484617,10.525929525518665],[-75.0735164178902,10.525827198096186],[-75.07221413920595,10.525780560767933],[-75.07227886102555,10.525520723464936],[-75.07260897123122,10.525613696138665],[-75.07271027694074,10.525062776907804],[-75.07425454738949,10.524932679574544],[-75.07434734605327,10.52455006227691]]]]}},{"type":"Feature","properties":{"nombre":"Condominio de Pradomar","municipio":"PUERTO COLOMBIA","color":"#0891b2"},"geometry":{"type":"Polygon","coordinates":[[[-74.947162,11.007701],[-74.946684,11.006937],[-74.94558,11.006962],[-74.945004,11.006225],[-74.942138,11.008149],[-74.940201,11.00812],[-74.941078,11.010938],[-74.941221,11.010977],[-74.942303,11.010066],[-74.942443,11.010027],[-74.943855,11.011923],[-74.943127,11.012614],[-74.943784,11.013081],[-74.9444,11.012819],[-74.944721,11.013135],[-74.946596,11.010348],[-74.946507,11.009297],[-74.945696,11.009309],[-74.945588,11.008725],[-74.946651,11.008637],[-74.947162,11.007701]]]}},{"type":"Feature","properties":{"nombre":"Urbanizaci\u00f3n Villas De Palmarito","municipio":"TUBAR\u00c1","color":"#ff6d00"},"geometry":{"type":"Polygon","coordinates":[[[-75.05548926572035,10.885957658694009],[-75.05365865907143,10.884953767513506],[-75.05401201049013,10.884333670580432],[-75.05342439192007,10.884022391463647],[-75.0536487362808,10.883548703386188],[-75.0531423173276,10.883086832835112],[-75.05193117093229,10.88564011447274],[-75.05143094765961,10.885556506829424],[-75.0514243468389,10.885898047393303],[-75.05059562942972,10.885527789274217],[-75.04960492870684,10.887566350376586],[-75.0496195254319,10.887954377639826],[-75.0500585348062,10.888147113737919],[-75.04960881661539,10.889838910473882],[-75.05104363183834,10.889849618754571],[-75.0511471384203,10.890848991014877],[-75.05538322229602,10.889623758548343],[-75.0552715033157,10.889213615552316],[-75.05454246027551,10.888986101731257],[-75.05457897230023,10.888326198546972],[-75.05427850919389,10.888154491105123],[-75.05548926572035,10.885957658694009]]]}},{"type":"Feature","properties":{"nombre":"Manzanares","municipio":"BARANOA","color":"#d7263d"},"geometry":{"type":"Polygon","coordinates":[[[-74.91724938166826,10.808684153925286],[-74.9170785616271,10.807755862463207],[-74.91660217515047,10.807846316193594],[-74.91646616482653,10.80714779731588],[-74.91560465711288,10.807207271665005],[-74.91585109643636,10.80702076771874],[-74.91580080874674,10.805915047110396],[-74.91630214143882,10.80394390177863],[-74.91622930873054,10.800459652385019],[-74.91563240517368,10.799961435279405],[-74.9154098493587,10.800471048610499],[-74.91499273821607,10.800472221323107],[-74.91380553282141,10.799499855692622],[-74.91379573938819,10.799741856081694],[-74.91189479195758,10.799788147895848],[-74.91196698147212,10.801846062031133],[-74.91017853096287,10.802039482777754],[-74.91501533713367,10.80622806641681],[-74.91545520529738,10.807144259843843],[-74.91540344526902,10.808236058153298],[-74.91600934904669,10.808203313050301],[-74.9162734699099,10.808709661711106],[-74.91724938166826,10.808684153925286]]]}},{"type":"Feature","properties":{"nombre":"Guaimaral","municipio":"TUBAR\u00c1","color":"#ff6d00"},"geometry":{"type":"Polygon","coordinates":[[[-74.94462570973339,10.874169959181815],[-74.94306399040858,10.873603550876277],[-74.94292883797576,10.873101008396825],[-74.9426590065223,10.873231879218974],[-74.94163404405448,10.872721378765991],[-74.94051511062142,10.87144075386804],[-74.94083347535474,10.871075781545157],[-74.94022418582676,10.87056485218426],[-74.94070163770533,10.870033060630902],[-74.9395708159678,10.869912114010894],[-74.93884120968393,10.870608731711512],[-74.93942167946096,10.87098277621128],[-74.93877446755327,10.871658542558892],[-74.9385193001985,10.871360163754796],[-74.93798824225367,10.871938101271548],[-74.93854455992597,10.872444925214431],[-74.93897314794465,10.872105614414084],[-74.93912228265486,10.872295678900569],[-74.93940953872989,10.873205283020448],[-74.93900074778344,10.873812085620731],[-74.93721202418634,10.872785711531167],[-74.9366143094508,10.873743793825001],[-74.9360963246883,10.873292719293305],[-74.93596148666583,10.873515992952713],[-74.93745598056636,10.874442383081519],[-74.93712005736249,10.875467463485643],[-74.93592884997325,10.876010975692472],[-74.93505697929446,10.875390122652265],[-74.93445981253123,10.876254064583154],[-74.93459159718005,10.876810720679053],[-74.93423741392141,10.876986575594206],[-74.93480041865269,10.877319116318299],[-74.93326457799458,10.877529990639438],[-74.93271614753046,10.879547382344148],[-74.93376093312166,10.878197013049848],[-74.9342480167367,10.878767571186586],[-74.93459796982867,10.878353270565116],[-74.93535903152055,10.878455921037297],[-74.93589818867596,10.877989825804418],[-74.93562121831094,10.877398196301382],[-74.93624772944123,10.877003919187164],[-74.93652894793924,10.877782104699591],[-74.93684352178205,10.877820640718088],[-74.9367824525124,10.876806238336686],[-74.93715878553103,10.876656887461756],[-74.93675472151959,10.87651839788853],[-74.93731349159262,10.876187404495651],[-74.93859756232436,10.877005200989808],[-74.93932739947526,10.876965117527927],[-74.93932715693012,10.876524288191401],[-74.93871242361155,10.875925376032747],[-74.9391365317319,10.87560359900646],[-74.93866318874744,10.874736406109948],[-74.93932777047948,10.874306651071198],[-74.93967049123509,10.87485844203435],[-74.93998648531439,10.87468902403931],[-74.93979556457043,10.874049190676075],[-74.94061885705358,10.874011119964116],[-74.94229209413608,10.874432759333885],[-74.942459044235,10.874817918956722],[-74.94349205291283,10.874865096340463],[-74.94462570973339,10.874169959181815]]]}},{"type":"Feature","properties":{"nombre":"La Arenosa","municipio":"SANTO TOM\u00c1S","color":"#ff9f1c"},"geometry":{"type":"Polygon","coordinates":[[[-74.7748010450203,10.760206265764673],[-74.77084759089593,10.758333319668928],[-74.77069120318811,10.757813284698328],[-74.76885966768118,10.758588741068637],[-74.76632618411969,10.75871897261913],[-74.76587082900046,10.758473974837653],[-74.76558228923291,10.758757666029588],[-74.7650125947477,10.76347052582272],[-74.76569332729024,10.763525012034009],[-74.76598429879728,10.761583089673772],[-74.76899141280414,10.761773875520706],[-74.76849610241771,10.763023949439246],[-74.76869089400225,10.763244409705754],[-74.76990214639873,10.761209685316421],[-74.77235043834055,10.761607763260942],[-74.77365443100865,10.76073779655103],[-74.77472342249492,10.760952193984412],[-74.7748010450203,10.760206265764673]]]}},{"type":"Feature","properties":{"nombre":"Lomas de Pradomar","municipio":"PUERTO COLOMBIA","color":"#0891b2"},"geometry":{"type":"Polygon","coordinates":[[[-74.957979,10.994605],[-74.957427,10.994329],[-74.957495,10.993437],[-74.955872,10.993577],[-74.953992,10.996982],[-74.953291,10.996419],[-74.952594,10.997349],[-74.951599,10.997266],[-74.951571,10.998479],[-74.950734,10.999785],[-74.951458,11.000068],[-74.951034,11.001987],[-74.952296,11.00213],[-74.952378,11.002768],[-74.95324,11.002976],[-74.95272,11.004296],[-74.952887,11.00635],[-74.953945,11.003467],[-74.954448,11.003542],[-74.953977,11.003378],[-74.954061,11.002462],[-74.954481,11.000917],[-74.954995,11.000997],[-74.954415,11.000827],[-74.95492,10.999036],[-74.954728,10.99867],[-74.955346,10.997622],[-74.955844,10.997802],[-74.955199,10.997491],[-74.955696,10.995742],[-74.956859,10.99428],[-74.957979,10.994605]]]}},{"type":"Feature","properties":{"nombre":"Palmar de Candelaria","municipio":"LURUACO","color":"#e63946"},"geometry":{"type":"MultiPolygon","coordinates":[[[[-75.15756774019974,10.677590321633168],[-75.15646414639848,10.67642962077355],[-75.1562557049132,10.676458174676991],[-75.15625998808049,10.677925825458058],[-75.15656265655085,10.678090009116438],[-75.15756774019974,10.677590321633168]]],[[[-75.15605622052965,10.67579796406417],[-75.15444678179863,10.67225692173243],[-75.15498106200037,10.67211513274614],[-75.15480219035932,10.671583918476902],[-75.1541113373968,10.67139246401969],[-75.15329010834385,10.66926242673294],[-75.1511163102221,10.665557072932765],[-75.15145212113654,10.665318250866704],[-75.15083327353395,10.664265383099865],[-75.15084969114407,10.663722687529457],[-75.15036462694181,10.663567151104036],[-75.1503691939767,10.662080782624196],[-75.14984705450601,10.661433889742707],[-75.14965637900212,10.661529775052985],[-75.1499615349075,10.661957502233134],[-75.1484411856965,10.662711697136105],[-75.14739254184116,10.662046523558876],[-75.14693684266719,10.661194090702434],[-75.14634615994368,10.661571738439916],[-75.1465217904632,10.662897721633433],[-75.14802037349489,10.663778994370766],[-75.14752363838045,10.664066893412754],[-75.14795204314281,10.664807329972113],[-75.14746584436834,10.665050066764147],[-75.14815605144216,10.6656603962649],[-75.14849772116888,10.665527395088764],[-75.1482935637492,10.665939279306118],[-75.14737009473883,10.666112742311864],[-75.14754134686964,10.66672061375107],[-75.14957025032932,10.666490300079367],[-75.1500528046387,10.66814640467979],[-75.15057438266233,10.668795997858552],[-75.15056724464908,10.669403949565519],[-75.15095747640177,10.669195747292742],[-75.15144366619309,10.669906230881725],[-75.15233166163124,10.669318865849435],[-75.15311480031951,10.67078163930473],[-75.15356552103016,10.670794293087816],[-75.15420250202509,10.673027536305582],[-75.15559579531897,10.675731338140594],[-75.15605622052965,10.67579796406417]]]]}},{"type":"Feature","properties":{"nombre":"Boh\u00f3rquez","municipio":"CAMPO DE LA CRUZ","color":"#e76f51"},"geometry":{"type":"Polygon","coordinates":[[[-74.83833312866173,10.458235716330966],[-74.83747465725372,10.457834520058814],[-74.83638242893743,10.459735273288098],[-74.83591749957392,10.459988308118323],[-74.83712475087414,10.457664043685845],[-74.83683738250971,10.45752237116653],[-74.83623466595466,10.458601455423448],[-74.835819449359,10.458467016540352],[-74.83568726855313,10.458198461921075],[-74.83604192971552,10.458312351461371],[-74.83623705188006,10.457227757349063],[-74.8349960616544,10.456639233825795],[-74.83269369575086,10.460822802075821],[-74.83167766523192,10.462131505394797],[-74.83128027390642,10.461826884587017],[-74.82949282322207,10.463880478073152],[-74.82999805100923,10.46424775111848],[-74.82961971744247,10.464733160824236],[-74.82891539603891,10.464306998183375],[-74.82891080385119,10.465225286048666],[-74.8291952203516,10.465387512876822],[-74.82952299224257,10.464867599642613],[-74.82995518879376,10.465287851755203],[-74.83043108119698,10.464575916766398],[-74.8311848934845,10.464455991661689],[-74.8323871187107,10.46312730376845],[-74.83368344875113,10.463204874071407],[-74.83453131105561,10.463608676429075],[-74.83555149987603,10.461713845266658],[-74.83706007756358,10.462033882071],[-74.83750384800888,10.460696624688206],[-74.83720165654394,10.460564564786159],[-74.83763471817274,10.459465254224643],[-74.83790359651368,10.459579467503563],[-74.83833312866173,10.458235716330966]]]}},{"type":"Feature","properties":{"nombre":"Barrio Salgarito","municipio":"PUERTO COLOMBIA","color":"#0891b2"},"geometry":{"type":"Polygon","coordinates":[[[-74.932233,11.021172],[-74.931894,11.020076],[-74.931342,11.020122],[-74.931546,11.018564],[-74.93118,11.018356],[-74.930591,11.018227],[-74.929855,11.01891],[-74.92907,11.018027],[-74.928656,11.018051],[-74.927792,11.019057],[-74.927385,11.018681],[-74.924809,11.021228],[-74.927489,11.022871],[-74.926948,11.023746],[-74.926444,11.023436],[-74.925968,11.023855],[-74.924778,11.022909],[-74.924596,11.023215],[-74.924968,11.024343],[-74.92549,11.02481],[-74.923442,11.026362],[-74.923649,11.026722],[-74.927279,11.024353],[-74.928443,11.023019],[-74.930092,11.022105],[-74.930023,11.021906],[-74.932233,11.021172]]]}},{"type":"Feature","properties":{"nombre":"Villa Mar\u00eda","municipio":"PUERTO COLOMBIA","color":"#0891b2"},"geometry":{"type":"Polygon","coordinates":[[[-74.916356,11.040069],[-74.915753,11.037907],[-74.914974,11.038159],[-74.913682,11.040558],[-74.912426,11.039944],[-74.913166,11.039059],[-74.913521,11.039208],[-74.914637,11.037745],[-74.914497,11.037495],[-74.915644,11.036484],[-74.915209,11.035824],[-74.912327,11.038303],[-74.911392,11.039525],[-74.908379,11.038747],[-74.903306,11.038566],[-74.903135,11.04051],[-74.905169,11.040625],[-74.910855,11.039882],[-74.911602,11.040073],[-74.912359,11.041372],[-74.912981,11.041305],[-74.913467,11.041681],[-74.913094,11.042109],[-74.913179,11.042717],[-74.913828,11.04316],[-74.913766,11.044128],[-74.914215,11.04422],[-74.915415,11.04264],[-74.914767,11.042135],[-74.915158,11.041116],[-74.916133,11.041061],[-74.916356,11.040069]]]}},{"type":"Feature","properties":{"nombre":"Salinas del Rey","municipio":"JUAN DE ACOSTA","color":"#f4a261"},"geometry":{"type":"Polygon","coordinates":[[[-75.10125223556236,10.872870827770333],[-75.10033890044669,10.872121795563109],[-75.09991705158927,10.870924549608462],[-75.09814472128103,10.869586715367157],[-75.08944465543269,10.871438506677611],[-75.09163786801204,10.873047787744069],[-75.0921123096361,10.87382253776107],[-75.09245476898197,10.873760120445843],[-75.09273327187287,10.874641299673875],[-75.09998169435711,10.87362033624184],[-75.10125223556236,10.872870827770333]]]}},{"type":"Feature","properties":{"nombre":"Conjunto Lyanamar","municipio":"JUAN DE ACOSTA","color":"#f4a261"},"geometry":{"type":"Polygon","coordinates":[[[-75.07707781889323,10.87785672088443],[-75.07177093829254,10.88029562312148],[-75.06942596349846,10.88305129507278],[-75.07435560067242,10.886785345485253],[-75.0753458074944,10.886817118483565],[-75.07707781889323,10.87785672088443]]]}},{"type":"Feature","properties":{"nombre":"Pioj\u00f3","municipio":"PIOJO","color":"#8338ec"},"geometry":{"type":"Polygon","coordinates":[[[-75.1100258312107,10.745912189810248],[-75.10939617418029,10.7455648740409],[-75.10923908129499,10.74489732016806],[-75.10844945587203,10.744687606734878],[-75.1079067961853,10.743344895592072],[-75.10747070274243,10.743495199816245],[-75.10696108309185,10.745107575350227],[-75.10759760864093,10.745302812678288],[-75.10731676204546,10.745967765626952],[-75.10563837312479,10.74592386169458],[-75.10549911179787,10.746927428480872],[-75.10457475794693,10.746374126021864],[-75.10411302928077,10.746381957866403],[-75.10416226773813,10.745922604043566],[-75.10239148080231,10.745833562337134],[-75.10176722264676,10.746327874536496],[-75.10357840053271,10.746932422883292],[-75.10414954849203,10.74639576994238],[-75.10415987103296,10.746813130865918],[-75.10537527184944,10.74804701451934],[-75.10541595115875,10.748687265796873],[-75.10584861213894,10.748856098338818],[-75.10547724949882,10.750461438683903],[-75.10614150154913,10.75051111735508],[-75.10620006002756,10.750994849860119],[-75.10661773710879,10.750932543779498],[-75.10626573495965,10.751461379004864],[-75.10696421192398,10.751174422588091],[-75.10743906138316,10.751406515531864],[-75.10747571444341,10.752280892395529],[-75.10653314994501,10.752389528190122],[-75.10655749698415,10.752716584409283],[-75.10767608456584,10.752646819435345],[-75.10822123078927,10.754211670840789],[-75.10802463898091,10.754552291442002],[-75.10713654293147,10.754597276109118],[-75.10682592526915,10.755650814000624],[-75.10764381438588,10.756119741728432],[-75.10731015224158,10.756502336891238],[-75.10770990164471,10.756812618811372],[-75.10840642567162,10.755088264446032],[-75.10939407122422,10.755771012416071],[-75.10956671574371,10.755621183813446],[-75.10925366005374,10.7553049709171],[-75.10918405589057,10.752750524335179],[-75.10980794573686,10.752685904591047],[-75.10991244585554,10.751879967603452],[-75.1094607558627,10.751862395255241],[-75.10945158855522,10.749582256350996],[-75.11000546101333,10.747266625794943],[-75.10966434824205,10.746911786001323],[-75.1100258312107,10.745912189810248]]]}},{"type":"Feature","properties":{"nombre":"Barrio Sol y Mar","municipio":"PUERTO COLOMBIA","color":"#0891b2"},"geometry":{"type":"Polygon","coordinates":[[[-74.944786,11.013073],[-74.9444,11.012819],[-74.943784,11.013081],[-74.943127,11.012614],[-74.943855,11.011923],[-74.942443,11.010027],[-74.941221,11.010977],[-74.940588,11.009594],[-74.939663,11.009876],[-74.940376,11.011559],[-74.938953,11.012169],[-74.938,11.012168],[-74.938318,11.013868],[-74.938711,11.013891],[-74.938935,11.014757],[-74.937894,11.01573],[-74.93821,11.016346],[-74.93729,11.016833],[-74.936787,11.018038],[-74.938731,11.017502],[-74.940221,11.016481],[-74.941218,11.017739],[-74.94040179272326,11.018563853362734],[-74.942467,11.018477],[-74.94271,11.017483],[-74.942435,11.016934],[-74.943693,11.01536],[-74.944786,11.013073]]]}},{"type":"Feature","properties":{"nombre":"Saco","municipio":"JUAN DE ACOSTA","color":"#f4a261"},"geometry":{"type":"Polygon","coordinates":[[[-75.0808025,10.8039471],[-75.0810922,10.802556],[-75.0832763,10.8013556],[-75.0851274,10.8014329],[-75.0853006,10.8008558],[-75.0862306,10.8006948],[-75.0873104,10.8014745],[-75.0882819,10.8027756],[-75.0883191,10.8039709],[-75.0879801,10.8045478],[-75.0877548,10.8064764],[-75.0872184,10.8068979],[-75.085609,10.8064132],[-75.0854266,10.8053804],[-75.0850379,10.8059061],[-75.0850285,10.8072735],[-75.0864137,10.8081099],[-75.0860167,10.8089635],[-75.0844825,10.8086473],[-75.0842143,10.8074824],[-75.0825191,10.8068558],[-75.0812209,10.8072141],[-75.0808025,10.8039471]]]}},{"type":"Feature","properties":{"nombre":"Juan de Acosta","municipio":"JUAN DE ACOSTA","color":"#f4a261"},"geometry":{"type":"Polygon","coordinates":[[[-75.03599273385038,10.825784716635313],[-75.03402908670789,10.824144769153222],[-75.03345230271846,10.825191474122214],[-75.03295499447887,10.825241442205455],[-75.0329335795408,10.825736370361444],[-75.03216460638625,10.825957913122586],[-75.03225908669624,10.826363559294467],[-75.0310104338412,10.826399867893807],[-75.03071126880046,10.825561687904964],[-75.03051167392411,10.825671632187984],[-75.03004157475614,10.825043967113023],[-75.0297281633333,10.825274751021123],[-75.02957715653403,10.825420059153121],[-75.03032725608449,10.825751283468087],[-75.0298678819027,10.827018301899882],[-75.02964194572728,10.82700950512771],[-75.0296062538644,10.827699549798174],[-75.02984580041472,10.827833028348596],[-75.02921503037165,10.82792191254891],[-75.02936120782795,10.828513018853092],[-75.02911433102493,10.82854793136219],[-75.02847779289944,10.830601674232426],[-75.02839422083193,10.83200381111113],[-75.02866452749419,10.83281092380486],[-75.03128341838132,10.833824799718917],[-75.0327087150555,10.833436947397775],[-75.03375958403781,10.832763609199954],[-75.03340351880864,10.828164094707432],[-75.0357356252363,10.828005684553442],[-75.03553099081118,10.82662559768041],[-75.03599273385038,10.825784716635313]]]}},{"type":"Feature","properties":{"nombre":"Arroyo de Piedra","municipio":"LURUACO","color":"#e63946"},"geometry":{"type":"Polygon","coordinates":[[[-75.10974473578189,10.628433236800044],[-75.10940399491315,10.627069172204404],[-75.10750433566666,10.626719734803297],[-75.1067062337407,10.625988945109343],[-75.1061967659054,10.626882225275226],[-75.1047495692029,10.626543536196987],[-75.10427027128642,10.62812871520398],[-75.10370969470138,10.628032711672663],[-75.10313571794721,10.630007195825469],[-75.10221523134358,10.629631113209202],[-75.10198220566392,10.630077732398831],[-75.1029934769085,10.630514363596262],[-75.10269414118784,10.631326236408697],[-75.10318597689073,10.631664856612852],[-75.10268723493992,10.633305817369376],[-75.10243487122716,10.633162313336209],[-75.10230696101218,10.63351782823392],[-75.10169877012379,10.63323324559799],[-75.10148818795321,10.633646081964487],[-75.10203784371936,10.633912581789197],[-75.10194504505554,10.634104127787442],[-75.10043195513033,10.635699407439414],[-75.10114013210311,10.636185281248821],[-75.10154912966208,10.635924804664816],[-75.10187401077448,10.636136179800815],[-75.10126329831508,10.637373785500655],[-75.102405133398,10.637938320926136],[-75.10334937145775,10.635042599379373],[-75.10359024212477,10.635129032005286],[-75.10375026800949,10.634360229456908],[-75.10484245590159,10.633241569483395],[-75.10544338750417,10.63341318379396],[-75.10572464013816,10.632896365546022],[-75.10631141519016,10.633014862715163],[-75.10652497258098,10.632750449261462],[-75.10722358159765,10.632970311175281],[-75.10764506304413,10.632328147959143],[-75.10814903318987,10.632587270608717],[-75.1082744532749,10.632271148416027],[-75.10779738228202,10.631915723886996],[-75.10794745483338,10.631219267435883],[-75.10756293367096,10.630880433076443],[-75.10787131273159,10.63049020045062],[-75.10740684150888,10.630252254990086],[-75.10858538894082,10.628906556710806],[-75.10974473578189,10.628433236800044]]]}},{"type":"Feature","properties":{"nombre":"Usiacur\u00ed","municipio":"USIACURI","color":"#00b4d8"},"geometry":{"type":"Polygon","coordinates":[[[-74.9792716263875,10.748045883082671],[-74.97567653358614,10.74610761725131],[-74.9736407795741,10.746410448692384],[-74.97356901047112,10.745605101267786],[-74.97410250015542,10.745254373152463],[-74.97482836675276,10.74534555524697],[-74.97551503895593,10.744323697301386],[-74.97640233011488,10.744443546319316],[-74.97667370038245,10.744157193084853],[-74.9776322450114,10.744893283315163],[-74.97815547952844,10.744481521386282],[-74.97858288985579,10.743498368239756],[-74.97815976359404,10.743135332882792],[-74.97834395326157,10.74253827614786],[-74.97758086676706,10.742453907546214],[-74.97688792162825,10.74286058951313],[-74.97654769908743,10.741190236163327],[-74.97606878385326,10.741033768643486],[-74.97617681794428,10.742364368811156],[-74.97566041780995,10.742120328582232],[-74.97532326571077,10.74097567569287],[-74.97332138537146,10.740471224501436],[-74.97033427325275,10.745186918772038],[-74.96926945163744,10.745637704910513],[-74.97083087631484,10.746274197175058],[-74.97184088362982,10.745871074766661],[-74.97108516781222,10.747323497840055],[-74.97225758603898,10.747788259603654],[-74.97213533970185,10.74868006415576],[-74.97318019805657,10.748716624838368],[-74.97323423890745,10.748343604350687],[-74.97612901858801,10.748197364060601],[-74.9761903250129,10.748949390412855],[-74.97866940300753,10.748816431966759],[-74.97837686663527,10.751113182661282],[-74.97885865198676,10.750994556854419],[-74.97913932251244,10.750306562792593],[-74.9792716263875,10.748045883082671]]]}},{"type":"Feature","properties":{"nombre":"Trebal","municipio":"TUBAR\u00c1","color":"#ff6d00"},"geometry":{"type":"Polygon","coordinates":[[[-75.01286819850031,10.94063760514977],[-75.01190348244535,10.939664044229698],[-75.01191375018904,10.938808519057632],[-75.0110456614176,10.938172868479441],[-75.00990266032146,10.939339871011146],[-75.00807260523811,10.939681239520173],[-75.00646739487713,10.940593884128413],[-75.00466051453151,10.940042814900215],[-75.00451578965102,10.940431553320124],[-75.0037717034231,10.940472676027893],[-75.00376323051333,10.940978657294963],[-75.00453131074251,10.941330276119242],[-75.00431356989742,10.941946684739827],[-75.0029368020115,10.943147405517523],[-75.00299014307478,10.943706535550184],[-75.00088996189055,10.945710285564806],[-75.00021105382636,10.945310539097514],[-75.00019533420722,10.946487282226794],[-75.00163113847529,10.94745873752205],[-75.00187680255267,10.947070544558057],[-75.00216742371674,10.947131847548064],[-75.00276018873508,10.94784754911772],[-75.0038929032229,10.947551023060527],[-75.00602539141799,10.944512117028086],[-75.00693306714739,10.94376315945833],[-75.01230620167878,10.942297827908845],[-75.01219940636454,10.941921578184429],[-75.01277944135698,10.941661503921152],[-75.01286819850031,10.94063760514977]]]}},{"type":"Feature","properties":{"nombre":"Villas de Santa Ver\u00f3nica","municipio":"JUAN DE ACOSTA","color":"#f4a261"},"geometry":{"type":"Polygon","coordinates":[[[-75.09273327187287,10.874641299673875],[-75.09245476898197,10.873760120445843],[-75.0921123096361,10.87382253776107],[-75.09163786801204,10.873047787744069],[-75.08841821530392,10.870592931588968],[-75.0828169823522,10.875144595588157],[-75.07986655832798,10.87670294154259],[-75.08190991478226,10.880477427075304],[-75.08371505239624,10.877740894805351],[-75.08474993046816,10.878162760913058],[-75.08523831394544,10.877530830470118],[-75.08709955314553,10.876546518195145],[-75.09273327187287,10.874641299673875]]]}},{"type":"Feature","properties":{"nombre":"Once de Noviembre","municipio":"BARANOA","color":"#d7263d"},"geometry":{"type":"Polygon","coordinates":[[[-74.91913941366987,10.787993903862109],[-74.91571901714012,10.785371056333114],[-74.9148318517453,10.785826583747479],[-74.91438519411469,10.785133598683805],[-74.91218538796883,10.785639917395628],[-74.91270172342448,10.78676947238602],[-74.91146756668319,10.78723382827083],[-74.910773512125,10.787367769568549],[-74.90872324043967,10.786659879185043],[-74.90709494247756,10.786753302509249],[-74.90672286298182,10.786449112056228],[-74.90628566640778,10.787162320527461],[-74.90757723717381,10.787818290527017],[-74.90731644726368,10.788603703823762],[-74.90747902616044,10.789713761777401],[-74.90695364107663,10.790137782417899],[-74.90681715464562,10.791160283583864],[-74.90998048118881,10.792762445869602],[-74.91090693170761,10.792669748001282],[-74.91087006574666,10.788554802684661],[-74.91201366152754,10.788706490963678],[-74.91224259178782,10.789227899480686],[-74.9129031041516,10.789116233452033],[-74.91460141141704,10.790499411908971],[-74.91580206638815,10.790075862115204],[-74.91719928621812,10.790381384018666],[-74.91913941366987,10.787993903862109]]]}},{"type":"Feature","properties":{"nombre":"Puerto Giraldo","municipio":"PONEDERA","color":"#fb5607"},"geometry":{"type":"Polygon","coordinates":[[[-74.82390469219877,10.505580376960841],[-74.82318057192634,10.505239902412074],[-74.82297298204396,10.505886772466672],[-74.81808087558427,10.501296631373709],[-74.81758075202455,10.500315782328471],[-74.8177669521217,10.499359813788088],[-74.81714835932972,10.50073310136898],[-74.81572513698327,10.500166995693995],[-74.81407684630939,10.503388358582752],[-74.81093971643652,10.506435584032376],[-74.81202260317218,10.5063075915936],[-74.81440248110832,10.506891541759646],[-74.81486266826542,10.507269875976549],[-74.81526803124075,10.506352243657789],[-74.81828399365317,10.50705327333025],[-74.8184634689621,10.50668070561235],[-74.82190262860315,10.508393328250865],[-74.8221129897882,10.507897004669271],[-74.82309652465004,10.508112813565745],[-74.82390469219877,10.505580376960841]]]}},{"type":"Feature","properties":{"nombre":"Campeche","municipio":"BARANOA","color":"#d7263d"},"geometry":{"type":"MultiPolygon","coordinates":[[[[-74.91920971851893,10.722472997898521],[-74.9189054878783,10.722683255440785],[-74.91896763782121,10.721971726847888],[-74.91818679163354,10.721880737176837],[-74.91666477155609,10.72240062394532],[-74.91631137791657,10.722040934020537],[-74.91613074647587,10.722593270416885],[-74.91576975398736,10.722497002802166],[-74.91549710272224,10.720007461638565],[-74.91353046957974,10.719758577095163],[-74.91294614782676,10.719135132675296],[-74.91305818121741,10.718636402517548],[-74.91252698672868,10.718861968605722],[-74.91270222827767,10.721086663598232],[-74.91151855595702,10.721165365471911],[-74.91147904805082,10.72155953562556],[-74.91268965635525,10.721896932597103],[-74.91268703327462,10.722173901599506],[-74.9111169551261,10.722018621968711],[-74.91137940242794,10.72258094448512],[-74.91136751142852,10.722067048448448],[-74.91268834212,10.722351157779713],[-74.91269072535046,10.723398051614202],[-74.91204090743011,10.723089899575575],[-74.91206132883148,10.72371098982524],[-74.9124111795155,10.723742108603622],[-74.91173742508612,10.724446959506663],[-74.91194046230663,10.72520886591249],[-74.91155395856238,10.725221862530377],[-74.9126878076224,10.726101688572617],[-74.91269683299608,10.727153591518423],[-74.91194833783672,10.72656616258856],[-74.9107087615593,10.726879876873653],[-74.91271809701716,10.727667657202574],[-74.91282620656665,10.72880542404809],[-74.91132144761738,10.729022810454918],[-74.91144088222767,10.72953894179944],[-74.91250848502708,10.729233562119557],[-74.91254017489535,10.729771282611434],[-74.91177798042793,10.731923391542809],[-74.91138939349052,10.731885703508562],[-74.91153277449135,10.733149212572705],[-74.91223502348156,10.731575707532073],[-74.91313766235713,10.73171982085106],[-74.91326641070027,10.731334372599248],[-74.9137388050638,10.731392861044968],[-74.91291537424007,10.73039212701529],[-74.91334427756743,10.730237104911973],[-74.91366181405405,10.729183293012692],[-74.91528201460217,10.729514598532358],[-74.91622735219984,10.728597845077877],[-74.91575056507457,10.728771604997243],[-74.91569477610217,10.727725346708137],[-74.91641970306173,10.72796391575957],[-74.91623369789902,10.727268895692267],[-74.9170036600987,10.727992238860285],[-74.91717367345275,10.72710816851624],[-74.91686291655157,10.727060501894274],[-74.91670877373365,10.726517171952986],[-74.91626759043636,10.726654557717573],[-74.91603664255997,10.726002008981581],[-74.91627460538042,10.72604153889488],[-74.91679300426625,10.724464810593698],[-74.91699245900543,10.724545157683494],[-74.91721911113812,10.72333897820515],[-74.91748218097246,10.723840014859807],[-74.91804746922118,10.724019921472728],[-74.91798759381255,10.723513613181572],[-74.91825473930331,10.723607688026656],[-74.91850072767252,10.72296879758317],[-74.91918509659531,10.722783848764433],[-74.91920971851893,10.722472997898521]]],[[[-74.9114753784329,10.733321694520814],[-74.91107683187394,10.733228179617676],[-74.91130364211014,10.732858375614587],[-74.91073630121097,10.732884755653762],[-74.91079619099266,10.73314630970312],[-74.90985542941304,10.733013947116081],[-74.90987251716638,10.732673464617365],[-74.90899559076917,10.73246340554492],[-74.90874422777964,10.734007974438393],[-74.90900340521384,10.734056176583875],[-74.90864594939262,10.734136508768817],[-74.90841846991152,10.735004428272918],[-74.90941178742682,10.735039134515995],[-74.90931559852116,10.73603921593005],[-74.90957078743548,10.736463176167275],[-74.91113822902865,10.7365107548129],[-74.9111450894625,10.734502850551245],[-74.9114753784329,10.733321694520814]]]]}},{"type":"Feature","properties":{"nombre":"Santa Ver\u00f3nica","municipio":"JUAN DE ACOSTA","color":"#f4a261"},"geometry":{"type":"Polygon","coordinates":[[[-75.08474993046816,10.878162760913058],[-75.08371505239624,10.877740894805351],[-75.08190991478226,10.880477427075304],[-75.07986655832798,10.87670294154259],[-75.07707781889323,10.87785672088443],[-75.0753458074944,10.886817118483565],[-75.0812228024046,10.886629031522745],[-75.08237367813253,10.884228930542438],[-75.08245702112964,10.883213791313002],[-75.08339691224174,10.882475413358028],[-75.08352405439717,10.880167784761916],[-75.08474993046816,10.878162760913058]]]}},{"type":"Feature","properties":{"nombre":"Santa Cruz","municipio":"LURUACO","color":"#e63946"},"geometry":{"type":"Polygon","coordinates":[[[-75.21756755112595,10.57295760182437],[-75.21686093542516,10.572450301595929],[-75.21663288461556,10.572645775963593],[-75.21587799345139,10.572140779139264],[-75.2157175633248,10.572314524109757],[-75.21434676294732,10.571246300764491],[-75.2150098903069,10.570795363185928],[-75.21469139891114,10.570276669529076],[-75.21534026461727,10.5699145172971],[-75.21475794880232,10.568755626401305],[-75.21418038687186,10.568437867295616],[-75.2142065323382,10.567433178646407],[-75.21080136674414,10.566036470234607],[-75.21102218701401,10.566605330115662],[-75.21002393145959,10.567759554990518],[-75.21031390134507,10.567962828158144],[-75.21001680063286,10.56829227263256],[-75.21156786054851,10.56926814110715],[-75.21065052433657,10.57127810359772],[-75.21047353017445,10.576647150654914],[-75.2113363125975,10.578199346606628],[-75.21031141840163,10.579261325576889],[-75.21056844886232,10.579567755493358],[-75.21171417454873,10.580303823600799],[-75.21219844643693,10.579965047652042],[-75.21336901862577,10.580210369422032],[-75.21359184393536,10.581036864645204],[-75.21459768486407,10.580712256139973],[-75.21374051511489,10.577571928413509],[-75.21473116193887,10.577094300174366],[-75.21431819292803,10.576260872067687],[-75.21508119408257,10.575564042581044],[-75.21532471118644,10.574815572910666],[-75.21596510038954,10.575228984367975],[-75.21756755112595,10.57295760182437]]]}},{"type":"Feature","properties":{"nombre":"Santa Elena","municipio":"BARANOA","color":"#d7263d"},"geometry":{"type":"MultiPolygon","coordinates":[[[[-74.93323298604267,10.800840815523166],[-74.93318910513767,10.800488090444986],[-74.93106700595884,10.799500619855436],[-74.93059698584263,10.799524914232164],[-74.93046824109273,10.800697480888442],[-74.92820157513692,10.800084715883983],[-74.92902029519529,10.800956042094429],[-74.92979262445576,10.801017040693623],[-74.93012147791833,10.801871010075166],[-74.93127410266612,10.802447346111265],[-74.93128722615413,10.80297543522107],[-74.93190436336441,10.801462092374065],[-74.93323298604267,10.800840815523166]]],[[[-74.92690185305798,10.790959010146736],[-74.92575986615978,10.789644785444704],[-74.92524807438284,10.788329376943208],[-74.92466430419546,10.788407256491686],[-74.92406634242322,10.786689638685178],[-74.92155763349894,10.787707111081643],[-74.92125618763568,10.787563567221303],[-74.92005952118444,10.791432911853187],[-74.92109567486409,10.791980176936695],[-74.92007201585174,10.795496394929861],[-74.92286812907307,10.796123840326239],[-74.92493483813149,10.795693900058065],[-74.92550257249273,10.79528258877367],[-74.92570339356945,10.794286519535584],[-74.9267542706366,10.793433183352136],[-74.926863362943,10.792545752236858],[-74.92574770925903,10.79198620391445],[-74.92690185305798,10.790959010146736]]],[[[-74.92625989898963,10.796389952758142],[-74.92586126349747,10.7958582385774],[-74.92421833287773,10.796373241596536],[-74.92415127813334,10.797995787105492],[-74.92312615037551,10.799839302631993],[-74.9241483846598,10.800440923395593],[-74.92500089394927,10.798409205396236],[-74.92583806360695,10.798753302972294],[-74.92592208842537,10.796866861987812],[-74.92625989898963,10.796389952758142]]]]}},{"type":"Feature","properties":{"nombre":"Juan de Aco ta","municipio":"JUAN DE ACOSTA","color":"#f4a261"},"geometry":{"type":"Polygon","coordinates":[[[-75.04427708274048,10.829615211569154],[-75.04349900066894,10.827359483229742],[-75.04114333232971,10.826624228311484],[-75.0407293069001,10.826766997340245],[-75.04054013966757,10.826470753956084],[-75.04000476082622,10.82673487365294],[-75.03818804302992,10.825642701529114],[-75.03792392216671,10.824721849436239],[-75.03668541218956,10.824621912205782],[-75.03560739342441,10.823974201853053],[-75.0351609298299,10.825112213565365],[-75.03599273385038,10.825784716635313],[-75.03553099081118,10.82662559768041],[-75.0357356252363,10.828005684553442],[-75.03340351880864,10.828164094707432],[-75.03375958403781,10.832763609199954],[-75.03743936820752,10.832761115799634],[-75.03982290498179,10.833300408861941],[-75.04184805258527,10.834337793837097],[-75.04165837600796,10.833067506543793],[-75.04001836670952,10.831579441121152],[-75.03969951868257,10.830371467050108],[-75.04030152287359,10.83016445486839],[-75.041011542291,10.830679542810943],[-75.04144476651489,10.830134534686009],[-75.04222744706236,10.830388325428931],[-75.04245402463489,10.831063834162148],[-75.0432618678918,10.82929973030552],[-75.04427708274048,10.829615211569154]]]}},{"type":"Feature","properties":{"nombre":"Lomas de Altavista","municipio":"PUERTO COLOMBIA","color":"#0891b2"},"geometry":{"type":"Polygon","coordinates":[[[-74.955894,10.993526],[-74.955134,10.993381],[-74.95554,10.992509],[-74.954298,10.991692],[-74.953874,10.991902],[-74.952825,10.990739],[-74.95249,10.991142],[-74.952048,10.990576],[-74.952368,10.990295],[-74.952113,10.989885],[-74.951157,10.990655],[-74.950668,10.990279],[-74.950918,10.989632],[-74.950499,10.989293],[-74.950264,10.98948],[-74.949373,10.988516],[-74.948301,10.989421],[-74.947107,10.988185],[-74.946322,10.987909],[-74.946364,10.988795],[-74.945898,10.9884],[-74.945318,10.989849],[-74.944486,10.990892],[-74.944714,10.992658],[-74.944179,10.994467],[-74.944755,10.994998],[-74.946563,10.994005],[-74.947678,10.994357],[-74.949209,10.994324],[-74.950174,10.99564],[-74.949852,10.995992],[-74.950151,10.996668],[-74.950995,10.997051],[-74.951137,10.997668],[-74.950619,10.998198],[-74.951254,10.998683],[-74.951571,10.998479],[-74.951695,10.997186],[-74.952594,10.997349],[-74.953291,10.996419],[-74.953992,10.996982],[-74.955894,10.993526]]]}},{"type":"Feature","properties":{"nombre":"Playa Mendoza","municipio":"TUBAR\u00c1","color":"#ff6d00"},"geometry":{"type":"Polygon","coordinates":[[[-75.0429656,10.8996092],[-75.0427552,10.8990823],[-75.0419921,10.8985593],[-75.0419769,10.8975234],[-75.0412894,10.8971865],[-75.0401318,10.8977221],[-75.039755,10.8969269],[-75.0386391,10.8960737],[-75.038309,10.8964609],[-75.0388408,10.8969561],[-75.0386208,10.8972713],[-75.039171,10.8980367],[-75.0385024,10.8986819],[-75.038113,10.8983149],[-75.0376377,10.8989455],[-75.0373404,10.8987351],[-75.0364779,10.8999075],[-75.0361409,10.8996965],[-75.03547921194311,10.900342177630348],[-75.03454037363163,10.900303466572396],[-75.03030346150923,10.904383757057264],[-75.03099170845911,10.905054022758032],[-75.03214059172376,10.905197385856955],[-75.0323220262583,10.905637586157598],[-75.03242910184692,10.905432357726093],[-75.03383001015946,10.906053991414515],[-75.03354482739608,10.90716780861518],[-75.03449841871459,10.907850560132006],[-75.03592910258554,10.905844348404027],[-75.03655014028081,10.905994255353258],[-75.03705279080141,10.905198574918453],[-75.03890163145395,10.903795883034395],[-75.0415918,10.9029981],[-75.0428829,10.9011326],[-75.0426922,10.9004769],[-75.0429656,10.8996092]]]}},{"type":"Feature","properties":{"nombre":"El Oasis","municipio":"BARANOA","color":"#d7263d"},"geometry":{"type":"Polygon","coordinates":[[[-74.915681,10.799818],[-74.915317,10.798485],[-74.915376,10.796195],[-74.912362,10.795541],[-74.911388,10.79673],[-74.909608,10.795809],[-74.908954,10.796892],[-74.908624,10.796962],[-74.908336,10.796136],[-74.908823,10.795187],[-74.907702,10.795419],[-74.906608,10.795073],[-74.906457,10.794455],[-74.905146,10.793905],[-74.90473,10.79408],[-74.905872,10.795773],[-74.906368,10.797062],[-74.906217,10.79787],[-74.905119,10.799049],[-74.905006,10.799596],[-74.90448,10.799548],[-74.904353,10.800317],[-74.903299,10.800398],[-74.907753,10.804005],[-74.907872,10.803636],[-74.911761,10.803586],[-74.910179,10.802039],[-74.911967,10.801846],[-74.911895,10.799788],[-74.913796,10.799742],[-74.913806,10.7995],[-74.915335,10.800514],[-74.915681,10.799818]]]}},{"type":"Feature","properties":{"nombre":"Espa\u00f1a Norte","municipio":"BARANOA","color":"#d7263d"},"geometry":{"type":"Polygon","coordinates":[[[-74.92074670452902,10.789235597845995],[-74.91864186558007,10.788611227482502],[-74.91719928621812,10.790381384018666],[-74.91580206638815,10.790075862115204],[-74.91460141141704,10.790499411908971],[-74.9129031041516,10.789116233452033],[-74.91224259178782,10.789227899480686],[-74.91201366152754,10.788706490963678],[-74.91087006574666,10.788554802684661],[-74.91090693170761,10.792669748001282],[-74.90998048118881,10.792762445869602],[-74.9072568799772,10.791580020641625],[-74.9067743247695,10.791056062451839],[-74.90692824570355,10.790197501921394],[-74.90620641254183,10.789718030109936],[-74.90340635212313,10.78870878441694],[-74.90275608055357,10.791270626974232],[-74.90305303573874,10.792096775550176],[-74.90472983194638,10.794080147798356],[-74.90514626036938,10.793905332198108],[-74.90607187006509,10.794208713868782],[-74.90645663107772,10.794454752943823],[-74.90653337415243,10.795028482426456],[-74.90759978039587,10.7954118408502],[-74.90882287618108,10.795186693800652],[-74.90833607104378,10.796135962061355],[-74.90854448378295,10.79693462511047],[-74.90895370412412,10.796892029283764],[-74.90960784743254,10.795808889468812],[-74.91138779628595,10.79673031650931],[-74.91245425553001,10.795570053787383],[-74.91329538855472,10.792846951278904],[-74.91379150562825,10.792946174620846],[-74.91389858211518,10.792357258139972],[-74.91545277086296,10.792315081699298],[-74.91548536061306,10.792707253112185],[-74.9175276546958,10.79205646639479],[-74.9177769784043,10.791025682153153],[-74.91832865537984,10.791270574910905],[-74.91918288314646,10.79101567451431],[-74.92005952118444,10.791432911853187],[-74.92074670452902,10.789235597845995]]]}},{"type":"Feature","properties":{"nombre":"U iacur\u00ed","municipio":"USIACURI","color":"#00b4d8"},"geometry":{"type":"Polygon","coordinates":[[[-74.98310935324876,10.745148768163464],[-74.98245895322012,10.743684024560402],[-74.9802608942975,10.74222368495192],[-74.97985043967114,10.741429438866199],[-74.9818697392421,10.74082765079382],[-74.98297495090921,10.739526785066454],[-74.98217209689537,10.738764021571658],[-74.98042297912085,10.738500642788235],[-74.97908750589022,10.737691625659899],[-74.98003386666899,10.736379120953583],[-74.97953930457922,10.736083393137221],[-74.97928678635623,10.735987336343483],[-74.97885512789588,10.73654698952809],[-74.97717664465213,10.736329203423297],[-74.9765973498715,10.735896279399732],[-74.97703105649067,10.734851762414353],[-74.97701175439016,10.7316557217562],[-74.97575679626014,10.734345474024716],[-74.97573105234073,10.736547391988916],[-74.97332138537146,10.740471224501436],[-74.97532326571077,10.74097567569287],[-74.97588868601184,10.742327191323604],[-74.97617681794428,10.742364368811156],[-74.97606878385326,10.741033768643486],[-74.97654769908743,10.741190236163327],[-74.97688792162825,10.74286058951313],[-74.97758086676706,10.742453907546214],[-74.97834395326157,10.74253827614786],[-74.97815976359404,10.743135332882792],[-74.97858288985579,10.743498368239756],[-74.97771122848445,10.744871336567027],[-74.97667370038245,10.744157193084853],[-74.97645000819861,10.744435558210219],[-74.97527559661022,10.744452157520064],[-74.97482836675276,10.74534555524697],[-74.97410250015542,10.745254373152463],[-74.97356901047112,10.745605101267786],[-74.9736407795741,10.746410448692384],[-74.97567653358614,10.74610761725131],[-74.98009213409328,10.748492986464324],[-74.98091767955117,10.747287951048014],[-74.98083114843311,10.746980920388772],[-74.98229833804058,10.74735628222158],[-74.98310935324876,10.745148768163464]]]}},{"type":"Feature","properties":{"nombre":"Tubar\u00e1","municipio":"TUBAR\u00c1","color":"#ff6d00"},"geometry":{"type":"Polygon","coordinates":[[[-74.98378687251751,10.876623284430863],[-74.98277817135295,10.876385265720819],[-74.98328566469127,10.874842039605891],[-74.98283999969902,10.8748499157358],[-74.98255141321906,10.873635390756379],[-74.9822107244526,10.873575874914284],[-74.98220121758196,10.874089381274306],[-74.98172704904576,10.874175622809506],[-74.98062131366085,10.87212381313408],[-74.9806665923444,10.871499117109991],[-74.98123231897101,10.871486956962718],[-74.9806514144094,10.870656994861292],[-74.98282930795051,10.871407495187023],[-74.98260563912285,10.870636550864418],[-74.98211546979482,10.87039384556195],[-74.98228203182153,10.869984576830866],[-74.98111133656349,10.869556274103063],[-74.98086630400176,10.869959708567688],[-74.98036988419597,10.8697638977195],[-74.98062567587985,10.868723835585834],[-74.98139436067522,10.867940754914622],[-74.9810450867096,10.867194274902692],[-74.98252517163297,10.86486158528376],[-74.9817917034917,10.864402350079978],[-74.98158350005998,10.864943676912862],[-74.97994822308644,10.865477642480252],[-74.97891018294472,10.866233121783338],[-74.97891111180272,10.866677003766249],[-74.97863794939617,10.86646665815557],[-74.97833147566227,10.866674148061641],[-74.97832447868451,10.868697489530595],[-74.97744986814412,10.870051472969012],[-74.97828289567003,10.870563648869373],[-74.9780847183352,10.871010388895819],[-74.97622152709597,10.871053770800025],[-74.97560595744585,10.871549255657568],[-74.975499607696,10.872141124368762],[-74.97483220435566,10.871838620035803],[-74.97466677779946,10.871368057620531],[-74.97579409520905,10.8705593666915],[-74.97518040393618,10.870386199567578],[-74.97507962194446,10.870784672327462],[-74.97493869783595,10.870195437811386],[-74.97425642108946,10.870208796034499],[-74.97411084640272,10.869592588044002],[-74.97464562427113,10.86925997077645],[-74.97355571181166,10.869414422701274],[-74.97385216304193,10.871558873322888],[-74.97439169569316,10.871813527850431],[-74.9739176717857,10.872707315786132],[-74.97451695228479,10.874652525460185],[-74.97399804674913,10.874394857168118],[-74.97304864696974,10.872324613867105],[-74.97242772515715,10.873083781025697],[-74.97391419261061,10.8748247567578],[-74.97521403865706,10.876830253845903],[-74.97512552316054,10.877094374036025],[-74.97764272655415,10.879562109274783],[-74.97816842604831,10.87943550916649],[-74.97937200054406,10.879873937347774],[-74.9806965897867,10.879252434252482],[-74.9811934219192,10.880331758439288],[-74.98176449262343,10.880257519684731],[-74.98200197484519,10.879684044421198],[-74.98105209446713,10.878699899810183],[-74.9818059085513,10.878545709405731],[-74.9824359886882,10.877730982693121],[-74.9835988937561,10.877506065168417],[-74.98378687251751,10.876623284430863]]]}},{"type":"Feature","properties":{"nombre":"Santo Tom\u00e1","municipio":"SANTO TOM\u00c1S","color":"#ff9f1c"},"geometry":{"type":"Polygon","coordinates":[[[-74.76183240053844,10.762282331250567],[-74.76181899228449,10.76168173380139],[-74.7604914664492,10.761063129144677],[-74.76013484246795,10.760161076306945],[-74.76126534081196,10.760074224806546],[-74.76079559019034,10.75900797549169],[-74.7581875734097,10.758692367145827],[-74.75572007290243,10.757995185003276],[-74.75288610018346,10.757955023852668],[-74.75297507202414,10.75956030960006],[-74.75243683833682,10.759542826834043],[-74.75233671211525,10.760555390611653],[-74.74825578076386,10.760416241992614],[-74.74802512933151,10.76230321065497],[-74.74721546249457,10.763938769799093],[-74.75028174044435,10.764338813700803],[-74.75050956218355,10.764148138025966],[-74.75146687701891,10.766112600637967],[-74.7520515113856,10.76468253458214],[-74.75543714580877,10.7651784229355],[-74.75552389162416,10.76587176810603],[-74.75651961662444,10.76541869651335],[-74.75656991778878,10.766080172179022],[-74.75595074050447,10.766097669568442],[-74.7559388054876,10.767137131990621],[-74.75732720745475,10.766995645136504],[-74.75693031289762,10.769578551433174],[-74.7569079547285,10.770718918073044],[-74.7571360702168,10.77075872893943],[-74.76055276029767,10.763779486514448],[-74.7611839759051,10.763790129583473],[-74.7610107789217,10.763363388993778],[-74.76143910732726,10.762984165791257],[-74.76098613993008,10.762831295221709],[-74.76142862758117,10.762084051409444],[-74.76183240053844,10.762282331250567]]]}},{"type":"Feature","properties":{"nombre":"El Vaiven","municipio":"JUAN DE ACOSTA","color":"#f4a261"},"geometry":{"type":"Polygon","coordinates":[[[-75.05340465952655,10.835989219786054],[-75.05234130486011,10.835093047449778],[-75.0520734811413,10.8334787668999],[-75.05067806872167,10.833748280119362],[-75.0507343355978,10.832918934057385],[-75.05027307764887,10.83322386265921],[-75.0498388257523,10.832652791388659],[-75.04897746087077,10.833263719060733],[-75.04768660246874,10.833043618098257],[-75.04703225164948,10.833650381377328],[-75.04559267625386,10.833614688623399],[-75.04600303116722,10.83156234811468],[-75.0456342143526,10.8305701129902],[-75.0432998711199,10.829272152589843],[-75.04245402463489,10.831063834162148],[-75.04222744706236,10.830388325428931],[-75.04144476651489,10.830134534686009],[-75.041011542291,10.830679542810943],[-75.04030152287359,10.83016445486839],[-75.03969951868257,10.830371467050108],[-75.04001836670952,10.831579441121152],[-75.04165837600796,10.833067506543793],[-75.04184805258527,10.834337793837097],[-75.04374201651285,10.835442896112292],[-75.04331093297431,10.836285236709237],[-75.04273489997648,10.835715266210853],[-75.04171736028783,10.836769485838287],[-75.04239129168533,10.837671163073809],[-75.04229908680796,10.838170850941225],[-75.04373568698337,10.838084595483046],[-75.04384552578978,10.83734009222759],[-75.04455947533658,10.838378123156367],[-75.04488498616799,10.839957133486463],[-75.04444327825456,10.841728992428898],[-75.04514144080855,10.84317615004758],[-75.047755488878,10.841429180021013],[-75.04938652939664,10.840930369290477],[-75.05021310252722,10.838452502900259],[-75.05123539071046,10.839988764321859],[-75.05093162090554,10.838313510354345],[-75.05270414608145,10.837458774831884],[-75.05340465952655,10.835989219786054]]]}},{"type":"Feature","properties":{"nombre":"Baranoa","municipio":"BARANOA","color":"#d7263d"},"geometry":{"type":"MultiPolygon","coordinates":[[[[-74.93263430921145,10.803598342730027],[-74.93146541058397,10.802621521415565],[-74.93128722615413,10.80297543522107],[-74.93127410266612,10.802447346111265],[-74.93012147791833,10.801871010075166],[-74.92979262445576,10.801017040693623],[-74.92902029519529,10.800956042094429],[-74.92820157513692,10.800084715883983],[-74.92589214847526,10.8008715319067],[-74.92564647092314,10.799827190752755],[-74.92583806360695,10.798753302972294],[-74.92500089394927,10.798409205396236],[-74.9241483846598,10.800440923395593],[-74.92625749150469,10.801957410960329],[-74.92722559869983,10.803628909707069],[-74.92807839814515,10.806158157664688],[-74.92957732163833,10.808046259157013],[-74.93029591906841,10.80828777440813],[-74.93099048386966,10.80615208949917],[-74.93194639912981,10.804694303815795],[-74.93220551817352,10.804789953978618],[-74.93263430921145,10.803598342730027]]],[[[-74.92586126349747,10.7958582385774],[-74.9252973595526,10.795354091938172],[-74.92324493011394,10.796134216644482],[-74.92007201585174,10.795496394929861],[-74.92109567486409,10.791980176936695],[-74.91913559044,10.791008833034171],[-74.91832865537984,10.791270574910905],[-74.9177769784043,10.791025682153153],[-74.9175276546958,10.79205646639479],[-74.91548536061306,10.792707253112185],[-74.91545277086296,10.792315081699298],[-74.91389858211518,10.792357258139972],[-74.91379150562825,10.792946174620846],[-74.91329538855472,10.792846951278904],[-74.91245425553001,10.795570053787383],[-74.91537566666548,10.796194659419063],[-74.91531494504386,10.79845880556402],[-74.91568110015031,10.79981826170494],[-74.91603613680846,10.79934623245155],[-74.91681502287219,10.799951527649771],[-74.91793411261212,10.799265487918891],[-74.91845054867906,10.799756878133977],[-74.91958813113742,10.799503479730399],[-74.92065160258484,10.800254372008503],[-74.92281660530162,10.800945777125253],[-74.92281903434618,10.800402598011658],[-74.92415127813334,10.797995787105492],[-74.92421833287773,10.796373241596536],[-74.92586126349747,10.7958582385774]]]]}},{"type":"Feature","properties":{"nombre":"Luruaco","municipio":"LURUACO","color":"#e63946"},"geometry":{"type":"Polygon","coordinates":[[[-75.1429959,10.6196922],[-75.1435861,10.6181763],[-75.1423866,10.6175588],[-75.1430911,10.6161739],[-75.1454842,10.6171864],[-75.145823,10.6165713],[-75.1434338,10.6156125],[-75.143986,10.613947],[-75.1448999,10.6138908],[-75.1452236,10.61303],[-75.1461756,10.6132545],[-75.1469515,10.6115328],[-75.1465443,10.6114011],[-75.146842,10.6104099],[-75.1471276,10.6099421],[-75.1483674,10.6094502],[-75.1485366,10.6083888],[-75.147337,10.6085385],[-75.147318,10.6080332],[-75.1461946,10.6067793],[-75.1457567,10.6068167],[-75.1453949,10.6060494],[-75.1419868,10.6050388],[-75.1421391,10.6044587],[-75.1417773,10.6041779],[-75.1414537,10.6025685],[-75.138293,10.6049078],[-75.1395116,10.6063676],[-75.1390737,10.6063301],[-75.1383121,10.606929],[-75.1372077,10.60575],[-75.1366175,10.6064424],[-75.1369412,10.606929],[-75.1363509,10.6076215],[-75.1371506,10.6080893],[-75.1378741,10.6073969],[-75.1389785,10.6088192],[-75.1386357,10.6104099],[-75.1391498,10.6107842],[-75.1387881,10.6153318],[-75.1397591,10.6158184],[-75.1394545,10.6163424],[-75.1389785,10.6163798],[-75.1387881,10.6183261],[-75.1407111,10.6192618],[-75.1429959,10.6196922]]]}},{"type":"Feature","properties":{"nombre":"Polonuevo","municipio":"POLONUEVO","color":"#3a86ff"},"geometry":{"type":"MultiPolygon","coordinates":[[[[-74.86122567408967,10.773480127880154],[-74.86081338600181,10.773161031237038],[-74.8604752852817,10.773374275091925],[-74.8595000526497,10.773199923998977],[-74.85876548227556,10.772867712475461],[-74.85826764582657,10.772202825906627],[-74.85835481474848,10.77199379685698],[-74.85866957633921,10.772179868935433],[-74.86079375601622,10.769636820668781],[-74.85961912434061,10.76899115476094],[-74.85933259949422,10.76912152478066],[-74.85864878123868,10.768213667171215],[-74.8581887845244,10.769492703394075],[-74.85784586524112,10.769358575877513],[-74.85725489685336,10.769962527379457],[-74.8576459900904,10.770379365021322],[-74.85722363548147,10.771057510594416],[-74.85764242108377,10.77123835009737],[-74.85782186944326,10.771004371540647],[-74.85829749953841,10.771564138912423],[-74.85803569273538,10.772098045771788],[-74.85649384504296,10.771494173563411],[-74.85633597152167,10.772156288927878],[-74.85613725879094,10.772034925988464],[-74.85543820151491,10.771260894135903],[-74.85523922827277,10.77013674709042],[-74.85488927877404,10.769983001187951],[-74.85438377340746,10.770749038322709],[-74.8533138808024,10.770571308420713],[-74.8531464501048,10.771091163411562],[-74.85290615795282,10.77106501792458],[-74.85288601772415,10.773742530982922],[-74.85150582995196,10.774866455421064],[-74.84975894898248,10.778426387052336],[-74.8505349613356,10.778917392155607],[-74.85030778548509,10.779363391668404],[-74.8511693246398,10.77974042603561],[-74.85054462541142,10.780980832166037],[-74.8517609784421,10.78131672076475],[-74.85136836795054,10.782470284179443],[-74.85217857557329,10.782812926301581],[-74.85203796946838,10.784037452422796],[-74.85307902076295,10.784290157904993],[-74.85328918431861,10.783346019883533],[-74.85458830272968,10.783643805110898],[-74.8540909962867,10.785610906105752],[-74.85508887185375,10.785935963700409],[-74.85566871640336,10.784655483946292],[-74.85668923580378,10.78496741263323],[-74.85748171427608,10.782346408635508],[-74.85630275541573,10.781990882117206],[-74.85720808744053,10.779438458477996],[-74.85790678718706,10.77961088571714],[-74.85815820856709,10.779061191644137],[-74.85747988530615,10.778585184294041],[-74.85795140381225,10.776925858540185],[-74.85769200718913,10.776811966763896],[-74.8587818414952,10.775102634521245],[-74.85904072607862,10.77496557791431],[-74.86009769911327,10.775521683591467],[-74.86016074377822,10.774689086235215],[-74.85988056373269,10.77462959927491],[-74.85982304640169,10.774099318600632],[-74.86098788554239,10.774228066177209],[-74.86122567408967,10.773480127880154]]],[[[-74.84363047502757,10.76873321294509],[-74.84342062678056,10.768603911459687],[-74.84257932577088,10.771620178601973],[-74.84038738078209,10.771280503018007],[-74.83931154582143,10.77522600915279],[-74.8417691621656,10.775460546566176],[-74.84363047502757,10.76873321294509]]]]}},{"type":"Feature","properties":{"nombre":"Candelaria","municipio":"CANDELARIA","color":"#6a4c93"},"geometry":{"type":"Polygon","coordinates":[[[-74.88588297246967,10.45674500022637],[-74.88418790542744,10.456665592610875],[-74.88404822368899,10.456929278395725],[-74.88343219050817,10.45627916825094],[-74.88310287171826,10.456174471486479],[-74.8825618191176,10.456622436923368],[-74.88200160096032,10.456226967400552],[-74.88174390125478,10.45469217490724],[-74.88200764213062,10.45235763918561],[-74.88156248468651,10.452297174269203],[-74.88193909797948,10.450742041197769],[-74.8816297685013,10.450459480433961],[-74.88109372490665,10.45133675006151],[-74.88023025617072,10.45101367389147],[-74.87869214906314,10.452343602703982],[-74.87967096866808,10.453849562766877],[-74.87927710053512,10.454293935223518],[-74.87848361774634,10.453980195294312],[-74.87848167109712,10.45538332054663],[-74.8776895905785,10.456835725891153],[-74.87686944938535,10.456752511744561],[-74.87702722588858,10.457170890565632],[-74.87661663831157,10.457071804545626],[-74.87638176389909,10.457382574912296],[-74.8770548320156,10.45815304672928],[-74.87647490931256,10.459327704420035],[-74.8760165879563,10.459473559843246],[-74.87608484734147,10.460779394318248],[-74.87491034502325,10.461361649455194],[-74.8738181733008,10.46134975116791],[-74.87254516083023,10.462867847567148],[-74.87350435494115,10.463993043114796],[-74.8755157717955,10.463236978671326],[-74.87599125995686,10.46171559524657],[-74.87625638064497,10.461803841572342],[-74.87688998936432,10.462614834519322],[-74.87684817099122,10.463344006053182],[-74.87771276351957,10.464003669239911],[-74.87706469911068,10.466193238641186],[-74.87904228900469,10.4663012861777],[-74.87907756854085,10.466722602572776],[-74.87935391637339,10.466718463994415],[-74.8795651821619,10.469983469799917],[-74.87793837091161,10.470246756471665],[-74.8778064344475,10.472678158372949],[-74.8762339766618,10.472780068779938],[-74.87623395330559,10.473319454544434],[-74.87687313786792,10.473317558877358],[-74.87676939233405,10.474155337470187],[-74.87716396474619,10.47423587835857],[-74.8771756904556,10.475426795784351],[-74.87912304126053,10.475389676824234],[-74.87912589700481,10.474458831385306],[-74.87956276569379,10.474438843035891],[-74.87959891749408,10.470312271579584],[-74.8806913766774,10.470110132790309],[-74.88077095303854,10.469693099990499],[-74.8816247909363,10.469745869225335],[-74.88145479554858,10.468535587865478],[-74.88326366027266,10.466200979606704],[-74.88285701180816,10.465292144059378],[-74.88344518733369,10.463548758747775],[-74.88214326887389,10.463089283173497],[-74.88272353293672,10.461397640247705],[-74.88231187726284,10.461127016629353],[-74.88248757425767,10.460536818533601],[-74.88340143488779,10.45898992017328],[-74.883754511422,10.459462701231848],[-74.88409553166679,10.459106604467662],[-74.88464462418926,10.459411768579548],[-74.88520784092294,10.459457460087757],[-74.88457798716149,10.459214453059335],[-74.88448397487373,10.45858164449704],[-74.88473052648662,10.457845181730534],[-74.88537377951886,10.457898886727024],[-74.88588297246967,10.45674500022637]]]}},{"type":"Feature","properties":{"nombre":"Santa Luc\u00eda","municipio":"SANTA LUCIA","color":"#7209b7"},"geometry":{"type":"Polygon","coordinates":[[[-74.96728423414834,10.327338474008727],[-74.96459544355231,10.325544359984498],[-74.95788060417716,10.31611217616291],[-74.95675131227055,10.317506067855206],[-74.95672275842095,10.318800493856832],[-74.95639068719304,10.318053882749561],[-74.95558626831397,10.317430848492053],[-74.95516659068458,10.317870125430105],[-74.95537541485217,10.318079672575239],[-74.95491060676123,10.319123817155932],[-74.95453941120773,10.31895963631659],[-74.95393708452153,10.319556268033963],[-74.95326250723532,10.319117255933765],[-74.95194004161003,10.320971989749207],[-74.9512623714243,10.320654093880824],[-74.95074807244941,10.321691496413495],[-74.95066845746075,10.322700430009272],[-74.95165450580876,10.3229212447157],[-74.95160253198138,10.32349949527993],[-74.95207701223298,10.323966932202005],[-74.95173050777336,10.324755633825662],[-74.95330095333284,10.324891262364332],[-74.95466739149131,10.326332211889106],[-74.95679502968218,10.324704466219591],[-74.95832169225304,10.326040772551728],[-74.95757201940233,10.326835177203863],[-74.95774816645314,10.32699942728509],[-74.95732879335264,10.328112916545896],[-74.95764252367742,10.328697328848827],[-74.95874619742875,10.329320057988816],[-74.95900716610362,10.328874885584097],[-74.9607739294853,10.329725605703308],[-74.96107406650319,10.32906461862844],[-74.96211059747525,10.328397321890343],[-74.96260076680328,10.328613852553604],[-74.96254236642835,10.328917066462484],[-74.96497446433027,10.32990913250663],[-74.96535982451915,10.330626873311171],[-74.96511154814092,10.333544885738194],[-74.96532917310334,10.334075660635774],[-74.96613763709611,10.334641318574597],[-74.96679647230526,10.334548694477766],[-74.96670232706686,10.331982680909487],[-74.96710283105483,10.330607699405885],[-74.96545555438573,10.329282392277863],[-74.96560705256344,10.328989760834839],[-74.9665845049325,10.329349756629878],[-74.96728423414834,10.327338474008727]]]}},{"type":"Feature","properties":{"nombre":"Ponedera","municipio":"PONEDERA","color":"#fb5607"},"geometry":{"type":"Polygon","coordinates":[[[-74.7604801692362,10.643414726565364],[-74.75900229057515,10.635434764113503],[-74.75463975894176,10.636512540454099],[-74.75376382338631,10.637635163147888],[-74.7511945518422,10.636877808147691],[-74.7512448449217,10.635499033609774],[-74.75034882123987,10.635858157656338],[-74.74897509145624,10.6352963659162],[-74.74881486794219,10.636198547423081],[-74.74712543064184,10.63596764474816],[-74.74690402287376,10.635351009360551],[-74.74609537562469,10.635620234038733],[-74.74647013209997,10.640666304477744],[-74.74685877742786,10.642190745898004],[-74.74787644916883,10.645361066404437],[-74.74837781599689,10.645439053368388],[-74.74856557017947,10.644953397358977],[-74.74896743421677,10.645037091206394],[-74.74953531859667,10.648163012007409],[-74.75050645940256,10.644872450936958],[-74.75097050572214,10.64539444272627],[-74.75259829074622,10.644281884924984],[-74.75380015215472,10.645867650684867],[-74.75343664079017,10.646272939221184],[-74.75321773123689,10.649128291145798],[-74.75392205174215,10.649309130174228],[-74.7557978643111,10.648602166089614],[-74.7583881240935,10.648173428714612],[-74.75864400920219,10.64742571676177],[-74.75441537595347,10.646030711876024],[-74.7545319332599,10.645266992036857],[-74.75502711069565,10.644980132000954],[-74.7576290458818,10.645589504984173],[-74.75770571888792,10.644551473402325],[-74.75890260632471,10.644707440661625],[-74.75894254093068,10.643689920202208],[-74.75978470881459,10.64378650149407],[-74.75976454253478,10.643280308393978],[-74.7604801692362,10.643414726565364]]]}},{"type":"Feature","properties":{"nombre":"Santo Tom\u00e1s","municipio":"SANTO TOM\u00c1S","color":"#ff9f1c"},"geometry":{"type":"Polygon","coordinates":[[[-74.76425178548244,10.74989331761999],[-74.76404060323725,10.748048626949014],[-74.76272405930631,10.748148802324],[-74.76084975860196,10.749965573787517],[-74.76057437017015,10.748701551698897],[-74.75742063943083,10.748570959271945],[-74.75509705891356,10.747500125892925],[-74.75517030215194,10.746637737995098],[-74.75205738097766,10.748060450550385],[-74.75050236577981,10.751228405321774],[-74.75078299138973,10.751278610746898],[-74.75071052788903,10.75174879318961],[-74.74989070559779,10.75289762201441],[-74.74939230231188,10.755337345817946],[-74.74889600916852,10.755928781975129],[-74.74903850353216,10.75736977907745],[-74.74825578076386,10.760416241992614],[-74.75233671211525,10.760555390611653],[-74.75243683833682,10.759542826834043],[-74.75297507202414,10.75956030960006],[-74.75288610018346,10.757955023852668],[-74.75572007290243,10.757995185003276],[-74.7581875734097,10.758692367145827],[-74.76079559019034,10.75900797549169],[-74.7607479920567,10.756463020124286],[-74.76154313583042,10.751676545391978],[-74.76425178548244,10.74989331761999]]]}},{"type":"Feature","properties":{"nombre":"Suan","municipio":"SUAN","color":"#9d4edd"},"geometry":{"type":"Polygon","coordinates":[[[-74.88716559511718,10.324076964410963],[-74.88691436417999,10.323655094969867],[-74.88508763376151,10.32271917488198],[-74.88487462883461,10.323103407408011],[-74.88413819715122,10.322996315175994],[-74.88166822807355,10.326544273893916],[-74.88045943795926,10.3276441115375],[-74.87831310582732,10.332334305949079],[-74.8784073148461,10.332749751276058],[-74.87608954912368,10.339295819033113],[-74.87561680262056,10.341868676494796],[-74.87627807675571,10.34423299869105],[-74.88064817130551,10.344565450218829],[-74.88344669560506,10.34338061847051],[-74.88397707711847,10.344170296475474],[-74.88499421346354,10.344670769440473],[-74.88650499651511,10.343803797608121],[-74.88538780940696,10.3429044112417],[-74.88579469772165,10.341312552802606],[-74.88514510527845,10.339977675000702],[-74.88500233692865,10.337514932064575],[-74.88507372065439,10.336358515018118],[-74.885582924385,10.335563774754018],[-74.88504754734028,10.33340322406966],[-74.88518164065937,10.332667660005226],[-74.88490950682383,10.33250509554133],[-74.8867407404968,10.330533951090047],[-74.88524326957945,10.330078427220295],[-74.88539635058869,10.328541300379499],[-74.88479273212512,10.328401096426079],[-74.88484377350123,10.327578182048777],[-74.88649192063784,10.327422572810994],[-74.88659003642981,10.325646402388196],[-74.88716559511718,10.324076964410963]]]}},{"type":"Feature","properties":{"nombre":"Puerto Colombia","municipio":"PUERTO COLOMBIA","color":"#0891b2"},"geometry":{"type":"Polygon","coordinates":[[[-74.966334,10.983835],[-74.965775,10.982397],[-74.964483,10.981222],[-74.963116,10.982293],[-74.962423,10.982384],[-74.962357,10.981979],[-74.961749,10.982061],[-74.961612,10.981663],[-74.961189,10.981815],[-74.960243,10.980877],[-74.959092,10.982144],[-74.957967,10.982014],[-74.957662,10.982386],[-74.956767,10.981824],[-74.957886,10.980921],[-74.95797782711773,10.980475283620946],[-74.95672835965522,10.978879635826496],[-74.956308,10.978668],[-74.955224,10.979613],[-74.954713,10.97897],[-74.953405,10.978791],[-74.952279,10.979656],[-74.95129,10.979871],[-74.950132,10.979569],[-74.949259,10.980348],[-74.949794,10.983014],[-74.949099,10.983208],[-74.949104,10.983756],[-74.948451,10.983607],[-74.948337,10.984346],[-74.948792,10.984754],[-74.947784,10.987052],[-74.946613,10.98746],[-74.947327,10.988662],[-74.948301,10.989421],[-74.949373,10.988516],[-74.950264,10.98948],[-74.950499,10.989293],[-74.950918,10.989632],[-74.950668,10.990279],[-74.95106,10.990618],[-74.952113,10.989885],[-74.952368,10.990295],[-74.952048,10.990576],[-74.95249,10.991142],[-74.952825,10.990739],[-74.953874,10.991902],[-74.954298,10.991692],[-74.95554,10.992509],[-74.955134,10.993381],[-74.955678,10.993574],[-74.95608682538025,10.993436400685953],[-74.957918,10.990181],[-74.958203,10.98997],[-74.958294,10.990291],[-74.957039,10.992177],[-74.95716336492708,10.992946336585902],[-74.958412,10.990537],[-74.960203,10.989134],[-74.960722,10.989421],[-74.960341,10.98909],[-74.960393,10.988712],[-74.9613,10.987578],[-74.966334,10.983835]]]}},{"type":"Feature","properties":{"nombre":"Repel\u00f3n","municipio":"REPELON","color":"#ef476f"},"geometry":{"type":"Polygon","coordinates":[[[-75.13369127183773,10.487711839842566],[-75.13323439766738,10.487258397764666],[-75.13224690482838,10.488033348771717],[-75.1306768760872,10.486759912362382],[-75.12995048217878,10.48541116727324],[-75.13124490868911,10.483940659673825],[-75.12788925553855,10.4839718858738],[-75.12610561191438,10.48749919926785],[-75.12513663784495,10.48696475204998],[-75.1245224075829,10.487947418880102],[-75.12193654146056,10.486710192564713],[-75.12161066231988,10.487661409134796],[-75.12188429993522,10.48780417643069],[-75.12173201393497,10.488771427807514],[-75.12136227634718,10.488657003576334],[-75.12117263031261,10.489290259516673],[-75.12054234625813,10.489118570001944],[-75.12036756195162,10.489898401009855],[-75.11991320126742,10.489874207373711],[-75.11958300392519,10.490765562748432],[-75.11925548895239,10.49048685343302],[-75.11913054946604,10.490782964627169],[-75.11942441354832,10.491069689609125],[-75.11912579019167,10.490945640037921],[-75.11898778201457,10.491474197621155],[-75.11865403992022,10.491427751197733],[-75.11776245930577,10.494107797261513],[-75.11698784652785,10.493814026436567],[-75.11650576563063,10.49440462222048],[-75.1162407617235,10.496029120491212],[-75.11999965153711,10.497667687055605],[-75.1203249719257,10.499260846370646],[-75.12263882728169,10.499532044365063],[-75.12255590200118,10.500090177792812],[-75.12349543288884,10.500440046309404],[-75.12360393679876,10.500774123316889],[-75.1244086134943,10.500910344827284],[-75.12421319308908,10.501495257355998],[-75.12629127931055,10.502153079807659],[-75.12653755424233,10.501749761393649],[-75.12743580035617,10.502630161847183],[-75.12913354617457,10.500041308079537],[-75.12935721500222,10.500138271985039],[-75.13022729713526,10.498946780111021],[-75.13201718674561,10.4920810081121],[-75.13173804874582,10.491998193845388],[-75.13186152487654,10.491527610601949],[-75.1324362238762,10.48981445023259],[-75.13369127183773,10.487711839842566]]]}},{"type":"Feature","properties":{"nombre":"Caujaral","municipio":"PUERTO COLOMBIA","color":"#0891b2"},"geometry":{"type":"Polygon","coordinates":[[[-74.89719,11.027042],[-74.897149,11.022784],[-74.895164,11.022899],[-74.894906,11.022061],[-74.89275,11.021231],[-74.892184,11.020697],[-74.890977,11.021493],[-74.889759,11.021653],[-74.890055,11.021173],[-74.889286,11.020378],[-74.888671,11.020334],[-74.887128,11.021047],[-74.886804,11.020785],[-74.886994,11.020272],[-74.885929,11.020799],[-74.885347,11.020768],[-74.885006,11.020264],[-74.88435,11.020693],[-74.884097,11.021624],[-74.882239,11.02182],[-74.881961,11.024212],[-74.882322,11.025297],[-74.881941,11.025971],[-74.881215,11.026328],[-74.881614,11.026422],[-74.882076,11.027287],[-74.881718,11.029341],[-74.88135,11.029741],[-74.880576,11.029685],[-74.880681,11.030271],[-74.879928,11.031713],[-74.878011,11.03299],[-74.877889,11.033531],[-74.87683,11.034608],[-74.877081,11.035583],[-74.878277,11.035808],[-74.882395,11.035277],[-74.883925,11.035667],[-74.886001,11.036711],[-74.887261,11.03578],[-74.889487,11.035151],[-74.892517,11.032383],[-74.892365,11.032245],[-74.895186,11.028165],[-74.896813,11.02694],[-74.89719,11.027042]],[[-74.888166,11.026388],[-74.887498,11.026719],[-74.887227,11.027497],[-74.885988,11.027475],[-74.885661,11.028483],[-74.88495,11.028186],[-74.884697,11.027031],[-74.883731,11.026786],[-74.884024,11.026167],[-74.884593,11.02624],[-74.884937,11.025661],[-74.885795,11.025408],[-74.886297,11.0254],[-74.887112,11.026432],[-74.888166,11.026388]]]}},{"type":"Feature","properties":{"nombre":"Manat\u00ed","municipio":"MANATI","color":"#2b9348"},"geometry":{"type":"Polygon","coordinates":[[[-74.96834105626603,10.440058464583494],[-74.96668171073108,10.440504221681094],[-74.96668253538452,10.438677278579553],[-74.96536935474599,10.438528265667514],[-74.96460663476412,10.437972846689695],[-74.9645321195113,10.438779799124763],[-74.96273828090698,10.439596690872802],[-74.96132542050957,10.439676426191493],[-74.9613634911113,10.439157703206442],[-74.96044920827302,10.438821875951126],[-74.95730768204515,10.43939117411006],[-74.95768081795967,10.43998930772011],[-74.95685546743618,10.440150351548395],[-74.95584256305442,10.440972908737576],[-74.95616350415598,10.441090343656652],[-74.95661245788048,10.44351364667367],[-74.95576194464758,10.443397722459036],[-74.95581625409469,10.444667193615649],[-74.95535462064997,10.44448845346889],[-74.95498864700322,10.44506950853215],[-74.95535441583408,10.445563311633546],[-74.9548365379711,10.447165645445391],[-74.95362627282312,10.447476986697657],[-74.95382728883423,10.448219182714945],[-74.95167310003683,10.449908976898557],[-74.95191675637955,10.450880392527715],[-74.95378986861277,10.451177348108946],[-74.95468777246847,10.450865577692527],[-74.95540102851587,10.453782271189693],[-74.95131998397675,10.453094730702853],[-74.94991313420692,10.45305048527851],[-74.94952232124425,10.45358350860734],[-74.94760064249351,10.45212003218235],[-74.94516788253323,10.451488048401444],[-74.94482425537748,10.452215451867794],[-74.94616596920437,10.453496424273137],[-74.94489983423558,10.456055772825435],[-74.94599438559523,10.455947268538063],[-74.94574827505514,10.457477364003907],[-74.94255382907389,10.458434665864162],[-74.94283246401714,10.459364084139489],[-74.94418875660278,10.45927842191631],[-74.94511787781293,10.458425377003033],[-74.94656874682832,10.458326978662242],[-74.94750758062334,10.458587004913712],[-74.94740391144627,10.459388705067584],[-74.95215650055921,10.460502151836218],[-74.95314348944332,10.457853202056562],[-74.95608170176958,10.45476762980403],[-74.95918321703469,10.454924573174505],[-74.96008640028933,10.454126138036687],[-74.96039392595044,10.454328827881998],[-74.96164378703953,10.452012988562833],[-74.96142105245978,10.451816437790887],[-74.96307427148449,10.449148007871937],[-74.963654187001,10.448470945087147],[-74.96457386332423,10.448064054036648],[-74.963922863221,10.447827537425315],[-74.96497104534228,10.445929031195233],[-74.96543131244945,10.44590500374648],[-74.96583986354574,10.44512470961659],[-74.9669339594595,10.44170256485085],[-74.96826621133151,10.441052959091733],[-74.96834105626603,10.440058464583494]]]}},{"type":"Feature","properties":{"nombre":"Palmar de Varela","municipio":"PALMAR DE VARELA","color":"#bc6c25"},"geometry":{"type":"Polygon","coordinates":[[[-74.76399648248207,10.732573930174096],[-74.76395603134482,10.732057586890425],[-74.76346816260224,10.732124437854491],[-74.76308889658421,10.730801450087283],[-74.7625071179618,10.730230378556705],[-74.76149346797835,10.730226810172653],[-74.76150774400485,10.73089424906498],[-74.75999797604956,10.730647973638252],[-74.75958038161333,10.730169702783073],[-74.75949569114329,10.730480343621895],[-74.74992537248293,10.728867511392016],[-74.74991407526993,10.72959418435358],[-74.75230592056225,10.730654781184034],[-74.75077890046192,10.73093180747978],[-74.75080237703355,10.733808616023342],[-74.75236026684033,10.733970056306216],[-74.75242213291561,10.734240125587895],[-74.74738373671022,10.734356081945341],[-74.74653704580885,10.73567717423343],[-74.74713877691202,10.737385479305223],[-74.7472981245687,10.743309864634908],[-74.74874210979405,10.747867815899582],[-74.75205738097766,10.748060450550385],[-74.75506644702361,10.746624683166736],[-74.75509705891356,10.747500125892925],[-74.75796120065304,10.748667669566162],[-74.75821057926413,10.746885024156368],[-74.75933136322668,10.745146479673965],[-74.75960966220002,10.743828524847007],[-74.76051915432289,10.742020833436408],[-74.76197448886356,10.742491983476611],[-74.76211711617785,10.741074398928745],[-74.76089226777952,10.740969282308013],[-74.7609301461418,10.740754145357707],[-74.76194792208734,10.737403702962663],[-74.7628014473714,10.73708513300845],[-74.76265073162628,10.733658979519566],[-74.76370774778007,10.733565229067079],[-74.76358959416739,10.732614380663694],[-74.76399648248207,10.732573930174096]]]}},{"type":"Feature","properties":{"nombre":"Sabanagrande","municipio":"SABANAGRANDE","color":"#118ab2"},"geometry":{"type":"Polygon","coordinates":[[[-74.7686481279065,10.796176586680392],[-74.76722884994471,10.796029458963964],[-74.76764459385149,10.794778258507918],[-74.76805885823296,10.788991647637085],[-74.7677479324485,10.788693232350271],[-74.76680320031534,10.788673722553309],[-74.7667931185229,10.787649659836507],[-74.76772933283054,10.787640742781063],[-74.76771433186362,10.786401677188],[-74.76677099122082,10.786404311282064],[-74.76683811423717,10.785892547406124],[-74.76521577929194,10.784970021148842],[-74.76426895228754,10.785299570208],[-74.76309461705594,10.784704038917155],[-74.76260280201429,10.78479939188086],[-74.76113258418602,10.786078714137567],[-74.76019899116237,10.78608781743511],[-74.75927566767905,10.784825576767421],[-74.75821677763959,10.784100108167555],[-74.75691514035246,10.783597136650869],[-74.75649031088494,10.783787791185143],[-74.75662590079729,10.780809847651469],[-74.75367062856547,10.780777724341581],[-74.75363903122367,10.782271151940886],[-74.7511403142603,10.782530900014796],[-74.75127697496447,10.783166963150139],[-74.75074243155635,10.783209115282762],[-74.75070314463571,10.783727701544088],[-74.75023955825355,10.783814132353678],[-74.7505004020626,10.78456191524883],[-74.74977345209702,10.78480708682972],[-74.74939200047793,10.792310691628831],[-74.7485866356729,10.792870084922887],[-74.75067015221026,10.793831199072049],[-74.75094169136109,10.796932273480728],[-74.75183158853267,10.79674823920441],[-74.75236906583854,10.798331152840188],[-74.7538718493925,10.798993740338352],[-74.75445958564185,10.798780211099698],[-74.75456030295489,10.798204161868835],[-74.75826732584062,10.797499947540569],[-74.75865307769499,10.798609612613454],[-74.76167342747924,10.798037143872875],[-74.76529143630347,10.798314478847725],[-74.76794040278634,10.798123409087522],[-74.7686481279065,10.796176586680392]]]}},{"type":"Feature","properties":{"nombre":"Campo de la Cruz","municipio":"CAMPO DE LA CRUZ","color":"#e76f51"},"geometry":{"type":"Polygon","coordinates":[[[-74.89912603699948,10.376541249869708],[-74.89813380105578,10.375976127882147],[-74.89778917587174,10.375304445649446],[-74.89628709120709,10.37604653689757],[-74.89567451294684,10.375396311927256],[-74.89522880393716,10.375490493279726],[-74.89523178095402,10.375227860795812],[-74.89352080564643,10.37469831310158],[-74.89273464322889,10.373796642826958],[-74.8918939988877,10.374663549375002],[-74.8919232390502,10.373488457683694],[-74.89056746209755,10.373304207055906],[-74.89053279700903,10.372958951228089],[-74.88967739065279,10.372983096518594],[-74.88993877704426,10.371914219616832],[-74.88857118724562,10.37165937251211],[-74.88845542943979,10.371223948398537],[-74.88701870889012,10.371247029038386],[-74.88634902293064,10.370131193027138],[-74.88611352688396,10.370136629190819],[-74.88621465382877,10.371275796773814],[-74.88537877774512,10.37205929770258],[-74.88513380896376,10.37303663764428],[-74.88353848546079,10.373696084678883],[-74.8832295198003,10.373214993713894],[-74.88283224435746,10.373207538502207],[-74.8793932077856,10.374685712554504],[-74.87962354660422,10.372846240192205],[-74.87938857517366,10.372801625506392],[-74.87907329705166,10.37455945345419],[-74.87524712971147,10.373356399703313],[-74.87416640701733,10.372420949491325],[-74.87225331526241,10.372000788605758],[-74.86876978513452,10.369894966350822],[-74.86955500701593,10.378361087717227],[-74.86921833102387,10.378468791953587],[-74.86885484750708,10.380218989874658],[-74.86717742876694,10.383290082105024],[-74.86745799149479,10.38350110093599],[-74.86721937559912,10.384168473913075],[-74.86815723382375,10.384698761053981],[-74.8686517536927,10.384007334014813],[-74.87028450280704,10.384339448213966],[-74.87302325051265,10.383993034675008],[-74.87391764554887,10.384196513255947],[-74.87391501977328,10.383969438067856],[-74.87712147263662,10.385332330289133],[-74.8779613102907,10.384855653130124],[-74.881325669913,10.385417693871041],[-74.88478834654988,10.385136077639139],[-74.88486865324134,10.384701826264294],[-74.88657119875829,10.383927265479102],[-74.88771686246095,10.381011115428214],[-74.8884054247195,10.380831520561252],[-74.88830739426749,10.380231188154898],[-74.88989765037392,10.38046797960993],[-74.89009763691573,10.380051842902779],[-74.89042110497819,10.38010836324737],[-74.89210908610944,10.380600635445052],[-74.89242617433675,10.381012575153568],[-74.89282172770916,10.379998680280567],[-74.89387549106331,10.379643010486],[-74.89370081994454,10.379304213814875],[-74.89481182574521,10.378470612207003],[-74.89631549683467,10.378123709711515],[-74.89912603699948,10.376541249869708]]]}},{"type":"Feature","properties":{"nombre":"Villa Campestre","municipio":"PUERTO COLOMBIA","color":"#0891b2"},"geometry":{"type":"MultiPolygon","coordinates":[[[[-74.88564,11.01428],[-74.885574,11.013485],[-74.885225,11.013267],[-74.87695,11.014248],[-74.876554,11.01435],[-74.87668,11.01497],[-74.876417,11.015308],[-74.876478,11.014344],[-74.875533,11.014827],[-74.875781,11.0144],[-74.873164,11.014947],[-74.866105,11.015648],[-74.865359,11.016755],[-74.859981,11.016578],[-74.859911,11.016889],[-74.859569,11.016553],[-74.853096,11.01724],[-74.849426,11.016468],[-74.842672,11.012964],[-74.841441,11.013854],[-74.842205,11.012825],[-74.839493,11.013848],[-74.837643,11.01858],[-74.8379,11.019393],[-74.837476,11.019101],[-74.837192,11.019437],[-74.833484,11.028995],[-74.831657,11.032703],[-74.831208,11.032674],[-74.830919,11.033034],[-74.831108,11.033527],[-74.831722,11.033588],[-74.830582,11.033812],[-74.827119,11.037345],[-74.826989,11.038229],[-74.82736152300386,11.038763682991993],[-74.827705,11.038621],[-74.834713,11.03469],[-74.837558,11.034368],[-74.839908,11.03254],[-74.850024,11.029776],[-74.85308,11.029876],[-74.858153,11.031057],[-74.859537,11.030787],[-74.860463,11.028549],[-74.861344,11.027874],[-74.862186,11.027791],[-74.864465,11.024621],[-74.865107,11.025343],[-74.8664402875354,11.025221603706097],[-74.86913685987261,11.022578573248408],[-74.870124,11.021089],[-74.871744,11.022266],[-74.873081,11.020686],[-74.87423,11.020705],[-74.876678,11.019223],[-74.877289,11.017785],[-74.876742,11.015474],[-74.876681,11.014974],[-74.87734,11.016882],[-74.877914,11.016463],[-74.883222,11.015575],[-74.884934,11.01492],[-74.88564,11.01428]],[[-74.876044,11.015586],[-74.876314,11.015905],[-74.875972,11.015726],[-74.876044,11.015586]],[[-74.874127,11.01876],[-74.873887,11.019053],[-74.873619,11.018828],[-74.873634,11.018813],[-74.874127,11.01876]],[[-74.872811,11.019467],[-74.87283,11.019756],[-74.872308,11.019829],[-74.872811,11.019467]],[[-74.839633,11.031181],[-74.838374,11.032413],[-74.838279,11.031873],[-74.838148,11.03257],[-74.837428,11.032961],[-74.837389,11.031987],[-74.838046,11.031525],[-74.837542,11.031713],[-74.837353,11.031382],[-74.837442,11.031718],[-74.836778,11.032296],[-74.8367,11.03329],[-74.836416,11.033549],[-74.835812,11.033604],[-74.835987,11.033309],[-74.835033,11.031958],[-74.835545,11.03167],[-74.835727,11.032296],[-74.836239,11.032032],[-74.836336,11.032594],[-74.836135,11.032477],[-74.836021,11.032704],[-74.836268,11.033075],[-74.836137,11.032637],[-74.836417,11.032694],[-74.836466,11.032417],[-74.836164,11.031654],[-74.836823,11.031152],[-74.838088,11.030808],[-74.839088,11.031021],[-74.839031,11.031614],[-74.839163,11.031224],[-74.839633,11.031181]]],[[[-74.874662,11.011056],[-74.87162088562242,11.00901494487827],[-74.868748,11.013373],[-74.86643006562848,11.015077013348169],[-74.866308,11.015553],[-74.873933,11.014583],[-74.872129,11.013358],[-74.874662,11.011056]]]]}},{"type":"Feature","properties":{"nombre":"SABANALARGA","municipio":"SABANALARGA","color":"#db2777"},"geometry":{"type":"Polygon","coordinates":[[[-75.063322362,10.684645754],[-75.0626141509999,10.683310953],[-75.062002685,10.682929109],[-75.061726645,10.6811006240001],[-75.062649328,10.679571653],[-75.0624629599999,10.6759725700001],[-75.0619110709999,10.6742447070001],[-75.0620276459999,10.673201872],[-75.059878806,10.671743946],[-75.058089658,10.6715727160001],[-75.0576941579999,10.670562434],[-75.057196044,10.670485974],[-75.057350922,10.669806527],[-75.05646646,10.668498017],[-75.056123879,10.6658447290001],[-75.0556320269999,10.6652078660001],[-75.0572131009999,10.6624098350001],[-75.0573206829999,10.661617801],[-75.058446733,10.661203034],[-75.058087899,10.6586896540001],[-75.058511591,10.6576192650001],[-75.060302776,10.6565519810001],[-75.060325959,10.6562272470001],[-75.059919954,10.6563982430001],[-75.059834557,10.6561203540001],[-75.06076552,10.6546732840001],[-75.061644186,10.65473067],[-75.061763844,10.6541418520001],[-75.062514574,10.6539050480001],[-75.062199285,10.6530410840001],[-75.062856068,10.6523421360001],[-75.0624824449999,10.6519829000001],[-75.062739108,10.6491873040001],[-75.0622835519999,10.6478676850001],[-75.0628991419999,10.6456786370001],[-75.061216152,10.6426837110001],[-75.059428759,10.641340717],[-75.0590047479999,10.6406322930001],[-75.0584905059999,10.640674862],[-75.057691107,10.6387030830001],[-75.057262588,10.6384716810001],[-75.057052239,10.6386732140001],[-75.054686308,10.6359576410001],[-75.0550685009999,10.6351143970001],[-75.054326229,10.6329890230001],[-75.054427373,10.631221193],[-75.055432759,10.630157781],[-75.055701878,10.6274164070001],[-75.054101519,10.6274873950001],[-75.054699511,10.6240367510001],[-75.0536680659999,10.6233351830001],[-75.053732746,10.621748659],[-75.0548451729999,10.6207796100001],[-75.0551869669999,10.618640455],[-75.056477087,10.615554595],[-75.057017721,10.615083557],[-75.05642016,10.6118085250001],[-75.060151923,10.5949351730001],[-75.05728891,10.593644295],[-75.055609917,10.591787303],[-75.0512648119999,10.5900420080001],[-75.045128983,10.584112168],[-75.041820633,10.5794667600001],[-75.039775033,10.5773521470001],[-75.035813917,10.569653562],[-75.033864399,10.5627595290001],[-75.032370343,10.5598460640001],[-75.031710044,10.555998441],[-75.0293465409999,10.546509841],[-75.027894478,10.5381733520001],[-75.026850386,10.5359950280001],[-75.0273427549999,10.527396052],[-75.027081165,10.5207542810001],[-75.01014822,10.521413072],[-75.008778346,10.5205901040001],[-75.008044162,10.519673171],[-75.008600953,10.519278871],[-75.0084049869999,10.519087944],[-75.0079079929999,10.519516283],[-75.0071558289999,10.5185460970001],[-75.0054934139999,10.518212701],[-75.004274116,10.517265487],[-75.0002578959999,10.5175693740001],[-74.9985555379999,10.516840576],[-74.996536083,10.52137408],[-74.996236256,10.5231880380001],[-74.9927908399999,10.5207115580001],[-74.9923320139999,10.520056099],[-74.9909535959999,10.519518195],[-74.9883255359999,10.5196651530001],[-74.9863913519999,10.5203820670001],[-74.98641465,10.521317035],[-74.9841044359999,10.5215218820001],[-74.9822658529999,10.523204132],[-74.981139478,10.523523233],[-74.9797552429999,10.5233739500001],[-74.973850312,10.5294455480001],[-74.9733317709999,10.5316243290001],[-74.969307033,10.532833773],[-74.964429705,10.532755147],[-74.963219037,10.531867016],[-74.9612410949999,10.532282342],[-74.959738664,10.5336150640001],[-74.958880694,10.5359669270001],[-74.9597493919999,10.537138272],[-74.95992305,10.5378949290001],[-74.9597931769999,10.539561588],[-74.9589572209999,10.5408794950001],[-74.958917422,10.5415439940001],[-74.960182086,10.5437685420001],[-74.9249047009999,10.5347118870001],[-74.9249336509999,10.5343235450001],[-74.9255513589999,10.5341071730001],[-74.925322931,10.5337217000001],[-74.9246865919999,10.534012455],[-74.923102894,10.533743115],[-74.9227287539999,10.5340258100001],[-74.9226841079999,10.5349637790001],[-74.922941405,10.5350821280001],[-74.92208471,10.5360993740001],[-74.923274373,10.537731077],[-74.923241288,10.539054003],[-74.922497272,10.539725134],[-74.922271444,10.5408974590001],[-74.921321576,10.5413314420001],[-74.9201771,10.544106146],[-74.917904875,10.545777581],[-74.917806288,10.5463780270001],[-74.918122765,10.546950091],[-74.917530671,10.5477593640001],[-74.917080714,10.5474150160001],[-74.914995001,10.547735818],[-74.913271005,10.547480997],[-74.9124818189999,10.548213354],[-74.9116756339999,10.548282896],[-74.911006035,10.547886847],[-74.910721595,10.5472555910001],[-74.9102540659999,10.547417205],[-74.909792598,10.5470430730001],[-74.908996611,10.5472903690001],[-74.908731573,10.546512582],[-74.9082420949999,10.546332283],[-74.906671805,10.5474876800001],[-74.905995146,10.5468551980001],[-74.9054106899999,10.54688738],[-74.9044955749999,10.54767015],[-74.9027365219999,10.546989324],[-74.901984479,10.5469709990001],[-74.901379338,10.5475056610001],[-74.900885903,10.5471821040001],[-74.901046938,10.5485715470001],[-74.9007404229999,10.548981531],[-74.8918680689999,10.546412676],[-74.89205956,10.5473349490001],[-74.893438223,10.549452155],[-74.893864569,10.5506786780001],[-74.8952472569999,10.552338234],[-74.8958683399999,10.5539757560001],[-74.894453659,10.5545913190001],[-74.89231327,10.5549714640001],[-74.8881403409999,10.5545286720001],[-74.8814938149999,10.555509498],[-74.8825468329999,10.5579136280001],[-74.877694506,10.558594213],[-74.8738037209999,10.5576257490001],[-74.872562935,10.557749152],[-74.866392382,10.557117948],[-74.865371673,10.5566926180001],[-74.8653140389999,10.557334601],[-74.867434179,10.5595526390001],[-74.868754463,10.5618160180001],[-74.864813871,10.56608156],[-74.860689298,10.5635327320001],[-74.8581004819999,10.560673572],[-74.846622627,10.588276083],[-74.847516184,10.593843183],[-74.847048774,10.5948680170001],[-74.846056744,10.5945317600001],[-74.846147205,10.5953286390001],[-74.845500478,10.595991332],[-74.8457603859999,10.596274379],[-74.840994274,10.601072291],[-74.875583993,10.7257710440001],[-74.875954732,10.7242064930001],[-74.8780639089999,10.7219102710001],[-74.8858258069999,10.719288808],[-74.886166373,10.718613464],[-74.8860019479999,10.7162423780001],[-74.887759662,10.7145510350001],[-74.891608441,10.71651265],[-74.8931825619999,10.716667291],[-74.896419651,10.7195452670001],[-74.898995102,10.718389175],[-74.899913468,10.7166921140001],[-74.90232681,10.718896441],[-74.902803412,10.7179201120001],[-74.90450829,10.716226872],[-74.905122712,10.7150071030001],[-74.905213783,10.7123683140001],[-74.904489094,10.7109590490001],[-74.904367936,10.7094433140001],[-74.905588689,10.7049496710001],[-74.90579701,10.7061303840001],[-74.9072373559999,10.708501449],[-74.907542464,10.70833006],[-74.9079763299999,10.7068188490001],[-74.910662266,10.704799661],[-74.9134783069999,10.70500882],[-74.918302824,10.7065761920001],[-74.9186851589999,10.7068066740001],[-74.917895503,10.707505838],[-74.916740956,10.71094623],[-74.917076672,10.711088626],[-74.9226870369999,10.711760833],[-74.9229106769999,10.7091283620001],[-74.925590716,10.709265938],[-74.927719354,10.7105944300001],[-74.930386089,10.7113543630001],[-74.932508473,10.711446203],[-74.933726827,10.7096433740001],[-74.93378404,10.7087751510001],[-74.9358925459999,10.7030447760001],[-74.937593533,10.7012688360001],[-74.938841602,10.7010896040001],[-74.93820461,10.6975469820001],[-74.935584489,10.695317878],[-74.9356421699999,10.6936147230001],[-74.936679275,10.693136048],[-74.939392558,10.6938665980001],[-74.940989668,10.693631042],[-74.941748576,10.6945576050001],[-74.944363293,10.6951289300001],[-74.9463759019999,10.6966775760001],[-74.9487013849999,10.6953553920001],[-74.956576728,10.694008835],[-74.9565129969999,10.6932575650001],[-74.958024821,10.6920546640001],[-74.959430929,10.693068834],[-74.964273603,10.6919900240001],[-74.9653341699999,10.6903223960001],[-74.9670586089999,10.688944312],[-74.96763566,10.686427789],[-74.967263633,10.6829465700001],[-74.9677787809999,10.6821010260001],[-74.969908247,10.680588281],[-74.971273094,10.6827156160001],[-74.9732115309999,10.684835864],[-74.976359335,10.6870066770001],[-74.974116662,10.689039786],[-74.977798741,10.692080246],[-74.976814217,10.6932666020001],[-74.9792003969999,10.6981397810001],[-74.9801750189999,10.698112528],[-74.981531681,10.6987783390001],[-74.980926411,10.7006517450001],[-74.982424307,10.7015436400001],[-74.98501033,10.701813556],[-74.9870351609999,10.6987448190001],[-74.9925022799999,10.700031348],[-74.995483007,10.7002463100001],[-74.997775845,10.7021960490001],[-74.9961219799999,10.7036465680001],[-74.9996358609999,10.705039749],[-75.001351197,10.70610938],[-75.001145918,10.706527871],[-75.0055311789999,10.7110346380001],[-75.006477704,10.709262525],[-75.0081459899999,10.709407759],[-75.00978085,10.7091147310001],[-75.0118378239999,10.7094123790001],[-75.013559786,10.7045976370001],[-75.0150279389999,10.7051407340001],[-75.022182049,10.7054180280001],[-75.02275888,10.7046151070001],[-75.0250022119999,10.7058405070001],[-75.028516838,10.710831709],[-75.032176346,10.713119073],[-75.034803841,10.7066691910001],[-75.03728963,10.703004611],[-75.038511791,10.699445638],[-75.0389499079999,10.700776917],[-75.039775347,10.701813373],[-75.040667732,10.7023527060001],[-75.041650621,10.7026207120001],[-75.0444127969999,10.702228183],[-75.046605421,10.7011167960001],[-75.049116262,10.6991012670001],[-75.050535735,10.6986149910001],[-75.0527534779999,10.6938296920001],[-75.053925853,10.6922600080001],[-75.0555568999999,10.6944633910001],[-75.056578455,10.696508065],[-75.058931177,10.6958582020001],[-75.059135208,10.696178794],[-75.0612456169999,10.695931224],[-75.062419898,10.6949638190001],[-75.0568825189999,10.690042256],[-75.0556056999999,10.684344335],[-75.063322362,10.684645754]]]}},{"type":"Feature","properties":{"nombre":"Alianza II Etapa","municipio":"SABANALARGA","color":"#db2777"},"geometry":{"type":"Polygon","coordinates":[[[-74.937344524,10.644055705],[-74.936943867,10.6393474130001],[-74.9301663859999,10.637800193],[-74.931339894,10.6414597080001],[-74.9305142379999,10.643038919],[-74.931361784,10.642733562],[-74.931265675,10.6423114020001],[-74.934612847,10.641787697],[-74.935196972,10.644458077],[-74.937344524,10.644055705]]]}},{"type":"Feature","properties":{"nombre":"Las Quintas II","municipio":"SABANALARGA","color":"#db2777"},"geometry":{"type":"Polygon","coordinates":[[[-74.9334088849999,10.6447931000001],[-74.932961312,10.6420720450001],[-74.931265675,10.6423114020001],[-74.931361784,10.642733562],[-74.9305142379999,10.643038919],[-74.930719914,10.645296914],[-74.9334088849999,10.6447931000001]]]}},{"type":"Feature","properties":{"nombre":"Los Robles","municipio":"SABANALARGA","color":"#db2777"},"geometry":{"type":"Polygon","coordinates":[[[-74.931339894,10.6414597080001],[-74.9301663859999,10.637800193],[-74.926954555,10.6371230560001],[-74.925849735,10.637536772],[-74.924925276,10.638349487],[-74.928044793,10.6423845620001],[-74.9309499729999,10.642069855],[-74.931339894,10.6414597080001]]]}},{"type":"Feature","properties":{"nombre":"Isabel Cristina","municipio":"SABANALARGA","color":"#db2777"},"geometry":{"type":"Polygon","coordinates":[[[-74.926602535,10.6403553820001],[-74.924925276,10.638349487],[-74.922113101,10.640820804],[-74.923617714,10.64238428],[-74.926602535,10.6403553820001]]]}},{"type":"Feature","properties":{"nombre":"Siete de Agosto","municipio":"SABANALARGA","color":"#db2777"},"geometry":{"type":"Polygon","coordinates":[[[-74.922969025,10.6417102130001],[-74.9209605999999,10.639306859],[-74.920583952,10.639260216],[-74.920428644,10.6396851000001],[-74.919890428,10.6396350680001],[-74.919908033,10.6394110630001],[-74.919174921,10.6393828560001],[-74.9191113649999,10.639696282],[-74.9182332669999,10.639419988],[-74.9175529629999,10.641121491],[-74.9202712279999,10.644139565],[-74.922969025,10.6417102130001]]]}},{"type":"Feature","properties":{"nombre":"Sabana","municipio":"SABANALARGA","color":"#db2777"},"geometry":{"type":"Polygon","coordinates":[[[-74.9245325049999,10.638694651],[-74.92272855,10.6370970250001],[-74.921817754,10.637807933],[-74.920880945,10.639503705],[-74.922113101,10.640820804],[-74.9245325049999,10.638694651]]]}},{"type":"Feature","properties":{"nombre":"Villa Belen","municipio":"SABANALARGA","color":"#db2777"},"geometry":{"type":"Polygon","coordinates":[[[-74.9217648819999,10.6381145610001],[-74.919326992,10.6371080770001],[-74.918886303,10.639643302],[-74.919174921,10.6393828560001],[-74.920428644,10.6396851000001],[-74.920583952,10.639260216],[-74.9209605999999,10.639306859],[-74.920880945,10.639503705],[-74.9217648819999,10.6381145610001]]]}},{"type":"Feature","properties":{"nombre":"Las Colinas","municipio":"SABANALARGA","color":"#db2777"},"geometry":{"type":"Polygon","coordinates":[[[-74.919120259,10.6382053610001],[-74.917446883,10.637494207],[-74.916181185,10.6407550000001],[-74.9175529629999,10.641121491],[-74.9182332669999,10.639419988],[-74.918886303,10.639643302],[-74.919120259,10.6382053610001]]]}},{"type":"Feature","properties":{"nombre":"Once de Febrero","municipio":"SABANALARGA","color":"#db2777"},"geometry":{"type":"Polygon","coordinates":[[[-74.91626702,10.6405002180001],[-74.914331475,10.6395089540001],[-74.913492703,10.6394430340001],[-74.912840718,10.641391963],[-74.915446097,10.642373562],[-74.91626702,10.6405002180001]]]}},{"type":"Feature","properties":{"nombre":"Las Am\u00e9ricas","municipio":"SABANALARGA","color":"#db2777"},"geometry":{"type":"Polygon","coordinates":[[[-74.917446883,10.637494207],[-74.9169114159999,10.6372059550001],[-74.9174217039999,10.6347019770001],[-74.9155654099999,10.635693281],[-74.915452739,10.636498843],[-74.915855786,10.6366638960001],[-74.9153380509999,10.6383211990001],[-74.914541086,10.639202857],[-74.9149382859999,10.6393810390001],[-74.9147697769999,10.6396850310001],[-74.91626702,10.6405002180001],[-74.917446883,10.637494207]]]}},{"type":"Feature","properties":{"nombre":"San Antonio","municipio":"SABANALARGA","color":"#db2777"},"geometry":{"type":"Polygon","coordinates":[[[-74.915855786,10.6366638960001],[-74.915452739,10.636498843],[-74.9155654099999,10.635693281],[-74.91404491,10.6364319300001],[-74.9123317569999,10.639446402],[-74.912134555,10.639672024],[-74.911495002,10.639313029],[-74.9108353839999,10.640690896],[-74.912840718,10.641391963],[-74.913492703,10.6394430340001],[-74.9147697769999,10.6396850310001],[-74.9149382859999,10.6393810390001],[-74.914541086,10.639202857],[-74.9153380509999,10.6383211990001],[-74.915855786,10.6366638960001]]]}},{"type":"Feature","properties":{"nombre":"Zona Industrial","municipio":"SABANALARGA","color":"#db2777"},"geometry":{"type":"Polygon","coordinates":[[[-74.921320266,10.6503129720001],[-74.9135624,10.647226125],[-74.913333149,10.645590086],[-74.915446097,10.642373562],[-74.9108353839999,10.640690896],[-74.911849332,10.6386392480001],[-74.9098740869999,10.6354600400001],[-74.908813718,10.6355863200001],[-74.908950782,10.6373962970001],[-74.910401841,10.641850199],[-74.909709425,10.6472166410001],[-74.908137613,10.646538192],[-74.9065799489999,10.649626676],[-74.9138603329999,10.652767453],[-74.919149998,10.6546212160001],[-74.921320266,10.6503129720001]]]}},{"type":"Feature","properties":{"nombre":"Santander","municipio":"SABANALARGA","color":"#db2777"},"geometry":{"type":"Polygon","coordinates":[[[-74.91870818,10.6310605360001],[-74.915289214,10.6301787800001],[-74.915967861,10.6272175340001],[-74.9140374849999,10.626485271],[-74.9145005409999,10.6267614880001],[-74.9139807619999,10.627149656],[-74.9138227779999,10.6277981110001],[-74.914149928,10.6280300940001],[-74.913560821,10.628999433],[-74.9132825569999,10.6289254770001],[-74.913426385,10.629547325],[-74.91219338,10.629264463],[-74.91315202,10.6298744430001],[-74.9122406339999,10.633860256],[-74.911156778,10.6349764980001],[-74.9107111929999,10.6346986630001],[-74.9098740869999,10.6354600400001],[-74.911849332,10.6386392480001],[-74.911495002,10.639313029],[-74.912134555,10.639672024],[-74.91404491,10.6364319300001],[-74.917852974,10.6345059170001],[-74.91870818,10.6310605360001]]]}},{"type":"Feature","properties":{"nombre":"Cascajalito","municipio":"SABANALARGA","color":"#db2777"},"geometry":{"type":"Polygon","coordinates":[[[-74.9111090489999,10.634205405],[-74.9089397179999,10.6331388570001],[-74.908434057,10.6340689670001],[-74.9061006219999,10.6329135500001],[-74.906878681,10.63241658],[-74.9042399419999,10.630092876],[-74.9030787889999,10.631501762],[-74.901686759,10.63041344],[-74.899267777,10.629374007],[-74.8979191239999,10.626378109],[-74.900814407,10.6241231820001],[-74.898546148,10.6208786060001],[-74.895885762,10.622572146],[-74.892801279,10.6214042230001],[-74.892368388,10.618398273],[-74.886377646,10.6147171960001],[-74.8868729,10.613767484],[-74.885595898,10.613071301],[-74.884807896,10.614462502],[-74.881278247,10.612723218],[-74.881647817,10.6105150720001],[-74.867609823,10.607169152],[-74.861444419,10.608683695],[-74.857072445,10.6031209760001],[-74.855652037,10.604410161],[-74.8588883959999,10.6094603930001],[-74.858663592,10.611109474],[-74.860739236,10.611323789],[-74.860987139,10.609989296],[-74.8663047439999,10.609432698],[-74.868043069,10.6106503930001],[-74.8678283259999,10.6117018210001],[-74.870255001,10.613108568],[-74.8700780679999,10.614022327],[-74.872969907,10.6146325390001],[-74.87348475,10.6126456580001],[-74.879840262,10.6136509],[-74.879421168,10.6146284390001],[-74.8816263319999,10.615639437],[-74.882286536,10.614658348],[-74.888202006,10.6181116610001],[-74.889812978,10.6203503890001],[-74.8911476219999,10.6195188620001],[-74.892038118,10.6222063280001],[-74.895343946,10.6234384360001],[-74.898378026,10.63004585],[-74.8992357,10.6304269930001],[-74.898518268,10.6310985380001],[-74.899436714,10.631923262],[-74.9007624779999,10.630905537],[-74.908813718,10.6355863200001],[-74.9098740869999,10.6354600400001],[-74.9111090489999,10.634205405]]]}},{"type":"Feature","properties":{"nombre":"Cascajal","municipio":"SABANALARGA","color":"#db2777"},"geometry":{"type":"Polygon","coordinates":[[[-74.857072445,10.6031209760001],[-74.854443491,10.5989806040001],[-74.855539881,10.5968738560001],[-74.855444703,10.5960886340001],[-74.8532061719999,10.593317487],[-74.8477229109999,10.591867001],[-74.8432414979999,10.597739841],[-74.844700202,10.598942428],[-74.842497006,10.601236726],[-74.84218192,10.6023839750001],[-74.850328862,10.604155007],[-74.853087199,10.6019073410001],[-74.855652037,10.604410161],[-74.857072445,10.6031209760001]]]}},{"type":"Feature","properties":{"nombre":"Las Ferias","municipio":"SABANALARGA","color":"#db2777"},"geometry":{"type":"Polygon","coordinates":[[[-74.912683403,10.632103193],[-74.911456186,10.6319173540001],[-74.911430406,10.632446971],[-74.9106513839999,10.632197236],[-74.9101804969999,10.632941429],[-74.9089397179999,10.6331388570001],[-74.9111090489999,10.634205405],[-74.9107111929999,10.6346986630001],[-74.911156778,10.6349764980001],[-74.9122406339999,10.633860256],[-74.912683403,10.632103193]]]}},{"type":"Feature","properties":{"nombre":"Puerto Amor","municipio":"SABANALARGA","color":"#db2777"},"geometry":{"type":"Polygon","coordinates":[[[-74.91315202,10.6298744430001],[-74.911793815,10.629014204],[-74.909496378,10.6288619320001],[-74.909542169,10.628228005],[-74.9071704199999,10.6279689580001],[-74.907173572,10.6286582770001],[-74.90572586,10.6294821170001],[-74.906208271,10.630406459],[-74.908363986,10.629072927],[-74.9091091299999,10.6289821350001],[-74.910940134,10.6317864800001],[-74.912683403,10.632103193],[-74.91315202,10.6298744430001]]]}},{"type":"Feature","properties":{"nombre":"Villa Aspro","municipio":"SABANALARGA","color":"#db2777"},"geometry":{"type":"Polygon","coordinates":[[[-74.9102958089999,10.630623445],[-74.9091091299999,10.6289821350001],[-74.907398224,10.629685657],[-74.908636428,10.631364138],[-74.9102958089999,10.630623445]]]}},{"type":"Feature","properties":{"nombre":"Pradito","municipio":"SABANALARGA","color":"#db2777"},"geometry":{"type":"Polygon","coordinates":[[[-74.920533201,10.634285951],[-74.918152216,10.633636484],[-74.917852974,10.6345059170001],[-74.9174217039999,10.6347019770001],[-74.9169114159999,10.6372059550001],[-74.919076001,10.63809697],[-74.920533201,10.634285951]]]}},{"type":"Feature","properties":{"nombre":"Paraiso","municipio":"SABANALARGA","color":"#db2777"},"geometry":{"type":"Polygon","coordinates":[[[-74.92272855,10.6370970250001],[-74.920214728,10.6350739280001],[-74.919326992,10.6371080770001],[-74.9217648819999,10.6381145610001],[-74.92272855,10.6370970250001]]]}},{"type":"Feature","properties":{"nombre":"Getsemani","municipio":"SABANALARGA","color":"#db2777"},"geometry":{"type":"Polygon","coordinates":[[[-74.9269677089999,10.6347701030001],[-74.926586954,10.634248686],[-74.923864242,10.633790279],[-74.92094937,10.6337313130001],[-74.920945462,10.6341999050001],[-74.920533201,10.634285951],[-74.920214728,10.6350739280001],[-74.9245325049999,10.638694651],[-74.925849735,10.637536772],[-74.926954555,10.6371230560001],[-74.9269677089999,10.6347701030001]]]}},{"type":"Feature","properties":{"nombre":"Las Quintas","municipio":"SABANALARGA","color":"#db2777"},"geometry":{"type":"Polygon","coordinates":[[[-74.931240008,10.6356049030001],[-74.9269677089999,10.6347701030001],[-74.926954555,10.6371230560001],[-74.931011079,10.6379914940001],[-74.931240008,10.6356049030001]]]}},{"type":"Feature","properties":{"nombre":"Evaristo Suordis Tercera Etapa","municipio":"SABANALARGA","color":"#db2777"},"geometry":{"type":"Polygon","coordinates":[[[-74.9419245029999,10.639878061],[-74.939580163,10.6394037920001],[-74.937956409,10.6380053950001],[-74.936816079,10.637442532],[-74.931240008,10.6356049030001],[-74.931011079,10.6379914940001],[-74.936943867,10.6393474130001],[-74.93698476,10.6398279630001],[-74.9417456579999,10.6407889650001],[-74.9419245029999,10.639878061]]]}},{"type":"Feature","properties":{"nombre":"La Uni\u00f3n","municipio":"SABANALARGA","color":"#db2777"},"geometry":{"type":"Polygon","coordinates":[[[-74.942365095,10.6352117710001],[-74.941636161,10.633474221],[-74.9421484069999,10.632048039],[-74.939577567,10.630376176],[-74.9392180899999,10.631353645],[-74.936962203,10.632810471],[-74.9360631979999,10.6326001480001],[-74.935981797,10.6330305720001],[-74.936830876,10.6332242710001],[-74.936416483,10.6334152310001],[-74.9348846359999,10.6362688670001],[-74.9325095679999,10.63553655],[-74.932267677,10.635834851],[-74.9355686379999,10.6369253550001],[-74.93557064,10.6372305460001],[-74.936647108,10.6373677460001],[-74.9367594999999,10.637080285],[-74.9351747389999,10.636516155],[-74.935776683,10.635196127],[-74.936589281,10.635109239],[-74.9373085349999,10.6334643970001],[-74.942365095,10.6352117710001]]]}},{"type":"Feature","properties":{"nombre":"Las Melisas","municipio":"SABANALARGA","color":"#db2777"},"geometry":{"type":"Polygon","coordinates":[[[-74.938285746,10.6357817840001],[-74.9363218519999,10.6350130060001],[-74.936190728,10.635338475],[-74.935776683,10.635196127],[-74.9351747389999,10.636516155],[-74.9367594999999,10.637080285],[-74.936647108,10.6373677460001],[-74.9375734939999,10.637816389],[-74.938285746,10.6357817840001]]]}},{"type":"Feature","properties":{"nombre":"San Carlos II","municipio":"SABANALARGA","color":"#db2777"},"geometry":{"type":"Polygon","coordinates":[[[-74.936830876,10.6332242710001],[-74.9343997189999,10.6328066670001],[-74.9341293639999,10.6340434150001],[-74.933216521,10.63463819],[-74.9329905129999,10.6356520460001],[-74.9348846359999,10.6362688670001],[-74.936416483,10.6334152310001],[-74.936830876,10.6332242710001]]]}},{"type":"Feature","properties":{"nombre":"San Carlos","municipio":"SABANALARGA","color":"#db2777"},"geometry":{"type":"Polygon","coordinates":[[[-74.9343997189999,10.6328066670001],[-74.931829083,10.6324030760001],[-74.9318217319999,10.6334593890001],[-74.931320994,10.6341597580001],[-74.931047226,10.635586371],[-74.932267677,10.635834851],[-74.9325095679999,10.63553655],[-74.9329905129999,10.6356520460001],[-74.933216521,10.63463819],[-74.9341293639999,10.6340434150001],[-74.9343997189999,10.6328066670001]]]}},{"type":"Feature","properties":{"nombre":"Bello Horizonte","municipio":"SABANALARGA","color":"#db2777"},"geometry":{"type":"Polygon","coordinates":[[[-74.9346870919999,10.6312524620001],[-74.932632922,10.63053209],[-74.931829083,10.6324030760001],[-74.9343997189999,10.6328066670001],[-74.9346870919999,10.6312524620001]]]}},{"type":"Feature","properties":{"nombre":"J. Villa","municipio":"SABANALARGA","color":"#db2777"},"geometry":{"type":"Polygon","coordinates":[[[-74.932632922,10.63053209],[-74.931725069,10.6300547270001],[-74.932046239,10.6294332690001],[-74.931370628,10.6288936830001],[-74.929880737,10.632211521],[-74.928202239,10.63430944],[-74.92933105,10.634884067],[-74.929250565,10.635252472],[-74.931047226,10.635586371],[-74.931320994,10.6341597580001],[-74.9318217319999,10.6334593890001],[-74.9319100929999,10.6320536280001],[-74.932632922,10.63053209]]]}},{"type":"Feature","properties":{"nombre":"Sabanita","municipio":"SABANALARGA","color":"#db2777"},"geometry":{"type":"Polygon","coordinates":[[[-74.92933105,10.634884067],[-74.927717655,10.6340730810001],[-74.927866342,10.6338082130001],[-74.927570994,10.6336131090001],[-74.927090189,10.6335965320001],[-74.9259126649999,10.631957351],[-74.925628487,10.632291337],[-74.925294043,10.6316813870001],[-74.925876543,10.6304582760001],[-74.9227431419999,10.6298993890001],[-74.922126336,10.633683928],[-74.926586954,10.634248686],[-74.9269677089999,10.6347701030001],[-74.929250565,10.635252472],[-74.92933105,10.634884067]]]}},{"type":"Feature","properties":{"nombre":"San Jos\u00e9","municipio":"SABANALARGA","color":"#db2777"},"geometry":{"type":"Polygon","coordinates":[[[-74.929880737,10.632211521],[-74.928702245,10.6315363250001],[-74.928035571,10.632173541],[-74.928941306,10.629952652],[-74.927606017,10.6296816730001],[-74.9270096449999,10.6317347300001],[-74.926591119,10.6316369260001],[-74.926474092,10.6320453590001],[-74.927238571,10.6324725960001],[-74.927326383,10.6336046750001],[-74.928202239,10.63430944],[-74.929880737,10.632211521]]]}},{"type":"Feature","properties":{"nombre":"Siete de Mayo","municipio":"SABANALARGA","color":"#db2777"},"geometry":{"type":"Polygon","coordinates":[[[-74.9306415459999,10.6304869640001],[-74.9295745319999,10.629854976],[-74.928941306,10.629952652],[-74.928035571,10.632173541],[-74.928702245,10.6315363250001],[-74.929880737,10.632211521],[-74.9306415459999,10.6304869640001]]]}},{"type":"Feature","properties":{"nombre":"Porvenir","municipio":"SABANALARGA","color":"#db2777"},"geometry":{"type":"Polygon","coordinates":[[[-74.9318049939999,10.6273869980001],[-74.928508731,10.6264740350001],[-74.927606017,10.6296816730001],[-74.92933685,10.630050005],[-74.9295745319999,10.629854976],[-74.9306415459999,10.6304869640001],[-74.9318049939999,10.6273869980001]]]}},{"type":"Feature","properties":{"nombre":"Las Mercedes","municipio":"SABANALARGA","color":"#db2777"},"geometry":{"type":"Polygon","coordinates":[[[-74.928508731,10.6264740350001],[-74.928105108,10.6263855760001],[-74.928220653,10.625654116],[-74.927553373,10.625674201],[-74.927164751,10.6253353750001],[-74.925410319,10.6274101980001],[-74.9246933699999,10.6302454190001],[-74.925876543,10.6304582760001],[-74.925294043,10.6316813870001],[-74.925628487,10.632291337],[-74.9259126649999,10.631957351],[-74.927090189,10.6335965320001],[-74.927410993,10.633231826],[-74.927238571,10.6324725960001],[-74.926474092,10.6320453590001],[-74.926591119,10.6316369260001],[-74.9270096449999,10.6317347300001],[-74.928508731,10.6264740350001]]]}},{"type":"Feature","properties":{"nombre":"Urb. Semillas de F\u00e9","municipio":"SABANALARGA","color":"#db2777"},"geometry":{"type":"Polygon","coordinates":[[[-74.929769307,10.6250629350001],[-74.928220653,10.625654116],[-74.928105108,10.6263855760001],[-74.9294306419999,10.6267293760001],[-74.929769307,10.6250629350001]]]}},{"type":"Feature","properties":{"nombre":"Voz del Pueblo","municipio":"SABANALARGA","color":"#db2777"},"geometry":{"type":"Polygon","coordinates":[[[-74.916463299,10.6274828900001],[-74.915967861,10.6272175340001],[-74.915289214,10.6301787800001],[-74.915902235,10.630392694],[-74.916463299,10.6274828900001]]]}},{"type":"Feature","properties":{"nombre":"Villa Carmen","municipio":"SABANALARGA","color":"#db2777"},"geometry":{"type":"Polygon","coordinates":[[[-74.918063709,10.6277588030001],[-74.9175410999999,10.6259711920001],[-74.918047079,10.6238195220001],[-74.917523057,10.622529721],[-74.9164006349999,10.622092547],[-74.916372957,10.622297298],[-74.9130330579999,10.622103861],[-74.911793815,10.629014204],[-74.913426385,10.629547325],[-74.9132825569999,10.6289254770001],[-74.913560821,10.628999433],[-74.914149928,10.6280300940001],[-74.9138227779999,10.6277981110001],[-74.9139807619999,10.627149656],[-74.9145005409999,10.6267614880001],[-74.9140374849999,10.626485271],[-74.917935513,10.628227101],[-74.918063709,10.6277588030001]]]}},{"type":"Feature","properties":{"nombre":"La Candelaria","municipio":"SABANALARGA","color":"#db2777"},"geometry":{"type":"Polygon","coordinates":[[[-74.9188389779999,10.6305254120001],[-74.918023693,10.630244916],[-74.918308236,10.6278649010001],[-74.918063709,10.6277588030001],[-74.917935513,10.628227101],[-74.916463299,10.6274828900001],[-74.915902235,10.630392694],[-74.91870818,10.6310605360001],[-74.9188389779999,10.6305254120001]]]}},{"type":"Feature","properties":{"nombre":"J.F.Keneddy","municipio":"SABANALARGA","color":"#db2777"},"geometry":{"type":"Polygon","coordinates":[[[-74.920176283,10.624079959],[-74.918047079,10.6238195220001],[-74.917605664,10.625442725],[-74.917883683,10.6275813130001],[-74.918308236,10.6278649010001],[-74.918023693,10.630244916],[-74.9188389779999,10.6305254120001],[-74.919707697,10.624629398],[-74.920176283,10.624079959]]]}},{"type":"Feature","properties":{"nombre":"Los Nogales","municipio":"SABANALARGA","color":"#db2777"},"geometry":{"type":"Polygon","coordinates":[[[-74.920423198,10.6220705740001],[-74.9193593219999,10.621754676],[-74.9195172949999,10.620953118],[-74.918504565,10.620856987],[-74.9185023749999,10.6206247010001],[-74.916731759,10.621487288],[-74.918047079,10.6238195220001],[-74.920176283,10.624079959],[-74.920423198,10.6220705740001]]]}},{"type":"Feature","properties":{"nombre":"Los Campanos","municipio":"SABANALARGA","color":"#db2777"},"geometry":{"type":"Polygon","coordinates":[[[-74.92070877,10.620397317],[-74.91975031,10.6198156460001],[-74.919625099,10.619615077],[-74.920016097,10.619286575],[-74.9193822839999,10.618961857],[-74.91461587,10.618269825],[-74.914370261,10.6221972070001],[-74.916372957,10.622297298],[-74.9164006349999,10.622092547],[-74.9173352289999,10.622412825],[-74.916731759,10.621487288],[-74.91829238,10.620882657],[-74.918301398,10.6206288020001],[-74.9195172949999,10.620953118],[-74.9193593219999,10.621754676],[-74.920423198,10.6220705740001],[-74.92070877,10.620397317]]]}},{"type":"Feature","properties":{"nombre":"Nueva Esperanza","municipio":"SABANALARGA","color":"#db2777"},"geometry":{"type":"Polygon","coordinates":[[[-74.9213176929999,10.619376286],[-74.920291229,10.618838598],[-74.919625099,10.619615077],[-74.92070877,10.620397317],[-74.9213176929999,10.619376286]]]}},{"type":"Feature","properties":{"nombre":"Los Angeles","municipio":"SABANALARGA","color":"#db2777"},"geometry":{"type":"Polygon","coordinates":[[[-74.922197733,10.619340843],[-74.922264286,10.616993662],[-74.920648226,10.6170482260001],[-74.920652918,10.617334713],[-74.920177017,10.617358317],[-74.919304757,10.616841848],[-74.918121711,10.6187788350001],[-74.920016097,10.619286575],[-74.920291229,10.618838598],[-74.920813118,10.6190791830001],[-74.9213176929999,10.619376286],[-74.920909051,10.6200235540001],[-74.921291004,10.6202526440001],[-74.922197733,10.619340843]]]}},{"type":"Feature","properties":{"nombre":"Los Claveles","municipio":"SABANALARGA","color":"#db2777"},"geometry":{"type":"Polygon","coordinates":[[[-74.926577513,10.612602059],[-74.925092967,10.6112174690001],[-74.923081893,10.6127263070001],[-74.921605028,10.609644471],[-74.921020657,10.6098749920001],[-74.9196337079999,10.609731303],[-74.915322116,10.610377021],[-74.914839544,10.6106691160001],[-74.913230566,10.613283235],[-74.914551177,10.613720503],[-74.9194507349999,10.6141256380001],[-74.919304757,10.616841848],[-74.920652918,10.617334713],[-74.920648226,10.6170482260001],[-74.922264286,10.616993662],[-74.92304452,10.614052423],[-74.924580798,10.614661852],[-74.926577513,10.612602059]]]}},{"type":"Feature","properties":{"nombre":"San Martin","municipio":"SABANALARGA","color":"#db2777"},"geometry":{"type":"Polygon","coordinates":[[[-74.924854366,10.6296137750001],[-74.923066331,10.628936379],[-74.9227431419999,10.6298993890001],[-74.9246933699999,10.6302454190001],[-74.924854366,10.6296137750001]]]}},{"type":"Feature","properties":{"nombre":"Tolima","municipio":"SABANALARGA","color":"#db2777"},"geometry":{"type":"Polygon","coordinates":[[[-74.925619866,10.6267954960001],[-74.923800359,10.626355475],[-74.923200143,10.62711948],[-74.923560913,10.627256989],[-74.923066331,10.628936379],[-74.924854366,10.6296137750001],[-74.925619866,10.6267954960001]]]}},{"type":"Feature","properties":{"nombre":"Hospital","municipio":"SABANALARGA","color":"#db2777"},"geometry":{"type":"Polygon","coordinates":[[[-74.926496888,10.6260690780001],[-74.9246925099999,10.625242155],[-74.92423473,10.626332755],[-74.925619866,10.6267954960001],[-74.925410319,10.6274101980001],[-74.926496888,10.6260690780001]]]}},{"type":"Feature","properties":{"nombre":"Primero de Mayo","municipio":"SABANALARGA","color":"#db2777"},"geometry":{"type":"MultiPolygon","coordinates":[[[[-74.9279301179999,10.6186105890001],[-74.926744975,10.6181456850001],[-74.926074942,10.6199224420001],[-74.927181951,10.6203870640001],[-74.9279301179999,10.6186105890001]]],[[[-74.92715813,10.6253327060001],[-74.925102376,10.624325415],[-74.924685889,10.6252394860001],[-74.926490267,10.626066409],[-74.92715813,10.6253327060001]]]]}},{"type":"Feature","properties":{"nombre":"Bella Vista","municipio":"SABANALARGA","color":"#db2777"},"geometry":{"type":"Polygon","coordinates":[[[-74.929769307,10.6250629350001],[-74.9294318829999,10.6241834210001],[-74.928369013,10.624651984],[-74.927076121,10.623955354],[-74.926522368,10.6230795060001],[-74.924972348,10.622573624],[-74.9247954429999,10.623920782],[-74.925219607,10.624115841],[-74.9251089969999,10.6243280840001],[-74.926600478,10.6249004640001],[-74.927553373,10.625674201],[-74.9284915,10.6256409750001],[-74.929769307,10.6250629350001]]]}},{"type":"Feature","properties":{"nombre":"La Paz","municipio":"SABANALARGA","color":"#db2777"},"geometry":{"type":"Polygon","coordinates":[[[-74.9317589029999,10.6230449650001],[-74.9303685099999,10.62193275],[-74.928763066,10.623726995],[-74.928494798,10.623482484],[-74.928321932,10.623681316],[-74.9288702549999,10.624431013],[-74.9294318829999,10.6241834210001],[-74.929769307,10.6250629350001],[-74.9317589029999,10.6230449650001]]]}},{"type":"Feature","properties":{"nombre":"Nuevo Horizonte","municipio":"SABANALARGA","color":"#db2777"},"geometry":{"type":"Polygon","coordinates":[[[-74.929906836,10.6224487170001],[-74.928313051,10.6210420940001],[-74.926522368,10.6230795060001],[-74.927076121,10.623955354],[-74.928369013,10.624651984],[-74.9288702549999,10.624431013],[-74.928321932,10.623681316],[-74.928494798,10.623482484],[-74.928763066,10.623726995],[-74.929906836,10.6224487170001]]]}},{"type":"Feature","properties":{"nombre":"Veinte de Enero","municipio":"SABANALARGA","color":"#db2777"},"geometry":{"type":"Polygon","coordinates":[[[-74.928313051,10.6210420940001],[-74.926081563,10.619925111],[-74.924972348,10.622573624],[-74.926522368,10.6230795060001],[-74.928313051,10.6210420940001]]]}},{"type":"Feature","properties":{"nombre":"Urb. La Florida","municipio":"SABANALARGA","color":"#db2777"},"geometry":{"type":"Polygon","coordinates":[[[-74.927618722,10.617741069],[-74.924673656,10.61653467],[-74.9237522729999,10.6186453880001],[-74.9245555699999,10.6189756110001],[-74.924177659,10.619849478],[-74.925820952,10.620537353],[-74.926751596,10.618148354],[-74.927341901,10.618379917],[-74.927618722,10.617741069]]]}},{"type":"Feature","properties":{"nombre":"Primero de Diciembre","municipio":"SABANALARGA","color":"#db2777"},"geometry":{"type":"Polygon","coordinates":[[[-74.925820952,10.620537353],[-74.924177659,10.619849478],[-74.9245555699999,10.6189756110001],[-74.9237522729999,10.6186453880001],[-74.922440533,10.620915838],[-74.922834598,10.621066349],[-74.9226720739999,10.621533178],[-74.922193535,10.6213710640001],[-74.9216934029999,10.622918966],[-74.924730283,10.624077072],[-74.924972348,10.622573624],[-74.925820952,10.620537353]]]}},{"type":"Feature","properties":{"nombre":"Villa Elena","municipio":"SABANALARGA","color":"#db2777"},"geometry":{"type":"Polygon","coordinates":[[[-74.924396203,10.617170264],[-74.923456894,10.616778975],[-74.922875613,10.61810962],[-74.9238245879999,10.6184797290001],[-74.924396203,10.617170264]]]}},{"type":"Feature","properties":{"nombre":"La Florida","municipio":"SABANALARGA","color":"#db2777"},"geometry":{"type":"Polygon","coordinates":[[[-74.925219607,10.624115841],[-74.9216934029999,10.622918966],[-74.921243139,10.6250611190001],[-74.92423473,10.626332755],[-74.925219607,10.624115841]]]}},{"type":"Feature","properties":{"nombre":"La Concepci\u00f3n","municipio":"SABANALARGA","color":"#db2777"},"geometry":{"type":"Polygon","coordinates":[[[-74.923976793,10.626244346],[-74.921243139,10.6250611190001],[-74.920521943,10.62888581],[-74.921305885,10.628839817],[-74.922909696,10.6294534210001],[-74.923560913,10.627256989],[-74.923200143,10.62711948],[-74.923976793,10.626244346]]]}},{"type":"Feature","properties":{"nombre":"Centro","municipio":"SABANALARGA","color":"#db2777"},"geometry":{"type":"Polygon","coordinates":[[[-74.922909696,10.6294534210001],[-74.921305885,10.628839817],[-74.920521943,10.62888581],[-74.9203256489999,10.630452281],[-74.919516409,10.630297695],[-74.9191438889999,10.6320802340001],[-74.918368459,10.6336952460001],[-74.920533201,10.634285951],[-74.920945462,10.6341999050001],[-74.92094937,10.6337313130001],[-74.922112365,10.633749504],[-74.922294757,10.6314764260001],[-74.922909696,10.6294534210001]]]}},{"type":"Feature","properties":{"nombre":"Caldas","municipio":"SABANALARGA","color":"#db2777"},"geometry":{"type":"Polygon","coordinates":[[[-74.922834598,10.621066349],[-74.922440533,10.620915838],[-74.922607732,10.620626438],[-74.921578773,10.620138067],[-74.920909051,10.6200235540001],[-74.92070877,10.620397317],[-74.918152216,10.633636484],[-74.918368459,10.6336952460001],[-74.918914316,10.6327080570001],[-74.919516409,10.630297695],[-74.9203256489999,10.630452281],[-74.9216989459999,10.622828842],[-74.922193535,10.6213710640001],[-74.9226720739999,10.621533178],[-74.922834598,10.621066349]]]}}]}