{"type":"FeatureCollection","name":"zonas_atlantico","metadata":{"proyecto":"Zonas operativas Air-e (Atlántico)","zonas":{"NORTE":"Puerto Colombia + norte de Barranquilla","CENTRO":"Soledad + sur de Barranquilla","SUR":"resto de municipios"}},"features":[{"type":"Feature","properties":{"zona":"NORTE","color":"#3b82f6"},"geometry":{"type":"MultiPolygon","coordinates":[[[[-74.98129,10.979816],[-74.981111,10.97964],[-74.980759,10.979294],[-74.980604,10.979259],[-74.980367,10.979204],[-74.979907,10.979115],[-74.979606,10.978729],[-74.979466,10.978115],[-74.979142,10.977638],[-74.978736,10.977442],[-74.978726,10.977438],[-74.978652,10.977402],[-74.978398,10.976975],[-74.978111,10.976622],[-74.978036,10.976419],[-74.978033,10.976137],[-74.978062,10.97608],[-74.978123,10.975905],[-74.978143,10.975716],[-74.978142,10.975656],[-74.978142,10.975478],[-74.978074,10.975436],[-74.977945,10.97556],[-74.977869,10.975704],[-74.977808,10.975968],[-74.977799,10.976116],[-74.976181,10.976883],[-74.975877,10.977074],[-74.975534,10.977369],[-74.975143,10.977771],[-74.974795,10.978192],[-74.974687,10.978313],[-74.974507,10.978422],[-74.974247,10.97852],[-74.973934,10.978601],[-74.973699,10.978666],[-74.97356,10.978742],[-74.973358,10.978848],[-74.973104,10.978928],[-74.972557,10.979019],[-74.972311,10.979062],[-74.9718,10.979222],[-74.971565,10.97927],[-74.971399,10.979266],[-74.971241,10.979226],[-74.971036,10.979168],[-74.970892,10.979146],[-74.970661,10.979179],[-74.970451,10.979266],[-74.970165,10.979408],[-74.969956,10.979503],[-74.969772,10.97955],[-74.969529,10.979561],[-74.969224,10.979525],[-74.96878,10.979503],[-74.968317,10.979518],[-74.967913,10.979576],[-74.967527,10.979678],[-74.967086,10.979838],[-74.967022,10.979858],[-74.966946,10.979883],[-74.966744,10.979947],[-74.96652,10.979998],[-74.966348,10.980005],[-74.966135,10.979987],[-74.966016,10.979956],[-74.965984,10.979947],[-74.965444,10.980147],[-74.965272,10.980246],[-74.965277,10.980266],[-74.965261,10.980252],[-74.965116,10.979935],[-74.963973,10.98023],[-74.962652,10.980571],[-74.962209,10.98079],[-74.961947,10.980714],[-74.961484,10.98058],[-74.960606,10.980628],[-74.960282,10.980646],[-74.959159,10.980707],[-74.959065,10.980713],[-74.958652,10.980735],[-74.958201,10.98076],[-74.957842,10.980302],[-74.957834,10.980291],[-74.957808,10.980258],[-74.957239,10.979532],[-74.956937,10.979146],[-74.956637,10.978763],[-74.956585,10.9786],[-74.956496,10.978484],[-74.956387,10.978409],[-74.956156,10.978386],[-74.956068,10.978394],[-74.956001,10.9784],[-74.955935,10.978377],[-74.955902,10.978298],[-74.955846,10.978218],[-74.955817,10.978177],[-74.955699,10.978084],[-74.955619,10.977991],[-74.955577,10.97786],[-74.95553,10.97756],[-74.955534,10.977292],[-74.955589,10.977008],[-74.95561,10.976956],[-74.95567,10.976807],[-74.95574,10.976635],[-74.956127,10.975964],[-74.956364,10.975372],[-74.956316,10.975324],[-74.956189,10.975194],[-74.955988,10.97499],[-74.95587,10.974899],[-74.955709,10.974773],[-74.955692,10.97476],[-74.955193,10.974493],[-74.95465,10.974204],[-74.954509,10.974128],[-74.954473,10.974113],[-74.954086,10.973948],[-74.953578,10.973731],[-74.953007,10.973352],[-74.95286,10.973241],[-74.952718,10.973134],[-74.95236,10.972986],[-74.952198,10.972872],[-74.952121,10.972818],[-74.951945,10.972595],[-74.951681,10.972235],[-74.951392,10.971862],[-74.950782,10.971298],[-74.950441,10.971058],[-74.950259,10.97093],[-74.950096,10.970922],[-74.949898,10.970979],[-74.949811,10.970982],[-74.949713,10.970985],[-74.949515,10.970947],[-74.949323,10.970884],[-74.949164,10.970916],[-74.949131,10.970925],[-74.948991,10.970967],[-74.9488,10.970973],[-74.948791,10.970973],[-74.948676,10.970968],[-74.94864,10.970967],[-74.948442,10.970967],[-74.94825,10.970955],[-74.948009,10.971016],[-74.947996,10.971019],[-74.947579,10.971123],[-74.947578,10.971123],[-74.947271,10.971364],[-74.947148,10.971472],[-74.946667,10.972425],[-74.946644,10.972552],[-74.946641,10.972564],[-74.946639,10.972583],[-74.946614,10.972798],[-74.946639,10.973169],[-74.946665,10.973614],[-74.946667,10.973652],[-74.946677,10.973822],[-74.946691,10.974059],[-74.946707,10.974422],[-74.946715,10.974613],[-74.946805,10.975125],[-74.946885,10.975569],[-74.946887,10.975579],[-74.946894,10.975618],[-74.946948,10.975809],[-74.945455,10.97533],[-74.945453,10.975337],[-74.945179,10.97526],[-74.943964,10.974991],[-74.943415,10.974815],[-74.942688,10.974437],[-74.942324,10.974118],[-74.942231,10.974037],[-74.942084,10.973892],[-74.942052,10.97386],[-74.942019,10.973838],[-74.941896,10.973758],[-74.941745,10.973748],[-74.941496,10.97379],[-74.941241,10.974018],[-74.940956,10.974289],[-74.940888,10.974354],[-74.940591,10.974563],[-74.940169,10.974715],[-74.940162,10.974717],[-74.939762,10.974824],[-74.93938,10.974857],[-74.9389,10.974773],[-74.938511,10.974618],[-74.938142,10.974428],[-74.937799,10.974312],[-74.937455,10.974329],[-74.936936,10.974585],[-74.935915,10.975157],[-74.935094,10.975753],[-74.933955,10.97649],[-74.933134,10.976871],[-74.932868,10.977185],[-74.932346,10.977802],[-74.932248,10.977749],[-74.931268,10.977214],[-74.931334,10.977099],[-74.931521,10.976778],[-74.931635,10.976407],[-74.931643,10.976165],[-74.931618,10.97589],[-74.931545,10.975737],[-74.931387,10.975531],[-74.931355,10.975507],[-74.931244,10.975422],[-74.931114,10.975322],[-74.930148,10.974804],[-74.929601,10.974595],[-74.929411,10.974546],[-74.929215,10.97457],[-74.928922,10.974716],[-74.928753,10.974786],[-74.928456,10.97491],[-74.928095,10.974964],[-74.927715,10.97497],[-74.927673,10.974969],[-74.92739,10.97496],[-74.926227,10.974922],[-74.925731,10.974873],[-74.92557,10.974809],[-74.925459,10.974677],[-74.925456,10.974673],[-74.925408,10.974626],[-74.925302,10.974522],[-74.925244,10.974506],[-74.925235,10.974503],[-74.92522,10.974499],[-74.925063,10.974455],[-74.924895,10.974459],[-74.924781,10.974461],[-74.924659,10.974468],[-74.924469,10.97448],[-74.924282,10.974469],[-74.924162,10.974462],[-74.923685,10.974401],[-74.923366,10.974329],[-74.923011,10.974177],[-74.922662,10.973972],[-74.922621,10.973926],[-74.922325,10.973591],[-74.922049,10.973173],[-74.921786,10.972937],[-74.921479,10.972786],[-74.920812,10.972544],[-74.919586,10.972236],[-74.919491,10.972218],[-74.920094,10.971533],[-74.920513,10.970979],[-74.920956,10.970354],[-74.921107,10.97002],[-74.921232,10.969744],[-74.921435,10.969201],[-74.921447,10.969183],[-74.921784,10.96868],[-74.922056,10.968377],[-74.922239,10.968237],[-74.92264,10.968091],[-74.923093,10.967852],[-74.923472,10.967529],[-74.923883,10.96707],[-74.923917,10.967038],[-74.924199,10.966768],[-74.924557,10.966664],[-74.924895,10.966622],[-74.925327,10.966674],[-74.925801,10.966653],[-74.926149,10.966632],[-74.926676,10.96682],[-74.927177,10.967033],[-74.92718,10.967035],[-74.927365,10.967113],[-74.927979,10.967375],[-74.928141,10.967444],[-74.928489,10.966892],[-74.928752,10.966246],[-74.928773,10.96584],[-74.928689,10.965392],[-74.928562,10.965028],[-74.928393,10.964809],[-74.928119,10.964601],[-74.927701,10.964271],[-74.928039,10.963941],[-74.928869,10.96312],[-74.929225,10.962761],[-74.92926,10.962693],[-74.929275,10.962664],[-74.929399,10.962425],[-74.929438,10.962066],[-74.929412,10.961977],[-74.929359,10.9618],[-74.929098,10.9613],[-74.928829,10.960816],[-74.928418,10.959863],[-74.928317,10.958792],[-74.928471,10.957392],[-74.928477,10.957343],[-74.928745,10.956249],[-74.928966,10.955523],[-74.929157,10.955031],[-74.92929,10.954687],[-74.929747,10.954031],[-74.929796,10.95396],[-74.929945,10.953691],[-74.930164,10.953345],[-74.930359,10.953158],[-74.930476,10.953079],[-74.930554,10.953027],[-74.930768,10.952882],[-74.931129,10.952493],[-74.930939,10.952417],[-74.930815,10.9523],[-74.930667,10.952212],[-74.930483,10.952183],[-74.930269,10.952042],[-74.930068,10.951884],[-74.929854,10.95162],[-74.92954,10.951433],[-74.929155,10.951275],[-74.928799,10.951164],[-74.928337,10.95107],[-74.92785,10.951053],[-74.927424,10.951082],[-74.927092,10.951141],[-74.92673,10.951188],[-74.926451,10.951194],[-74.92622,10.951159],[-74.925817,10.951018],[-74.925438,10.950901],[-74.924916,10.950837],[-74.924181,10.952747],[-74.924116,10.952659],[-74.923932,10.95246],[-74.923814,10.952319],[-74.923606,10.952097],[-74.923434,10.95195],[-74.923209,10.951816],[-74.923013,10.951734],[-74.922764,10.951675],[-74.922604,10.951623],[-74.922456,10.951505],[-74.922278,10.951289],[-74.922106,10.951218],[-74.921958,10.951189],[-74.921768,10.951166],[-74.921561,10.951078],[-74.921335,10.950932],[-74.921228,10.950844],[-74.921169,10.950733],[-74.92111,10.950545],[-74.921009,10.95041],[-74.920861,10.950241],[-74.920535,10.949995],[-74.920428,10.949907],[-74.92041,10.949836],[-74.920392,10.949708],[-74.920321,10.949473],[-74.920196,10.948999],[-74.920042,10.948612],[-74.919941,10.948413],[-74.919888,10.94822],[-74.919864,10.948062],[-74.919882,10.947874],[-74.919917,10.947704],[-74.92,10.947493],[-74.920024,10.947271],[-74.919941,10.946966],[-74.918457,10.94534],[-74.9184,10.945287],[-74.918419,10.945441],[-74.918401,10.945571],[-74.918401,10.945831],[-74.918515,10.946072],[-74.918704,10.946387],[-74.918761,10.946572],[-74.918856,10.947129],[-74.918838,10.947426],[-74.918876,10.947704],[-74.918953,10.948038],[-74.918953,10.948335],[-74.918973,10.948614],[-74.919105,10.948818],[-74.91914,10.949278],[-74.919045,10.949768],[-74.918719,10.950318],[-74.918669,10.950454],[-74.918566,10.950735],[-74.918355,10.951342],[-74.918161,10.951918],[-74.918106,10.952081],[-74.918043,10.952195],[-74.917837,10.952574],[-74.917837,10.953086],[-74.917914,10.953522],[-74.917952,10.953895],[-74.917972,10.954091],[-74.917703,10.954641],[-74.917435,10.954907],[-74.916951,10.955188],[-74.916782,10.955286],[-74.916732,10.955343],[-74.916706,10.955373],[-74.916533,10.955571],[-74.916168,10.955628],[-74.915862,10.955988],[-74.91566,10.956099],[-74.915209,10.956348],[-74.914964,10.956566],[-74.914979,10.957125],[-74.914932,10.957259],[-74.914865,10.957344],[-74.914765,10.957387],[-74.913975,10.957387],[-74.913371,10.957401],[-74.912509,10.957401],[-74.912381,10.957478],[-74.912249,10.957672],[-74.912206,10.957736],[-74.912203,10.957741],[-74.912153,10.957815],[-74.911845,10.958282],[-74.911812,10.958333],[-74.911767,10.958401],[-74.911697,10.958454],[-74.911691,10.958458],[-74.911624,10.958463],[-74.911454,10.95843],[-74.910964,10.958337],[-74.910711,10.958289],[-74.910449,10.958239],[-74.91038,10.958232],[-74.910378,10.958232],[-74.910034,10.958198],[-74.909828,10.958178],[-74.909812,10.958176],[-74.909673,10.958163],[-74.908917,10.957984],[-74.908686,10.957929],[-74.908588,10.957906],[-74.908526,10.957893],[-74.908477,10.957883],[-74.908367,10.957861],[-74.908307,10.957849],[-74.908179,10.957849],[-74.907998,10.957877],[-74.907903,10.957925],[-74.907843,10.957961],[-74.907594,10.958111],[-74.907432,10.958244],[-74.907387,10.958275],[-74.907165,10.958434],[-74.907135,10.958461],[-74.907032,10.958553],[-74.906903,10.958748],[-74.90689,10.958848],[-74.906875,10.958962],[-74.906875,10.959186],[-74.9069,10.959337],[-74.906927,10.959505],[-74.907024,10.959813],[-74.907032,10.959838],[-74.907135,10.959999],[-74.907152,10.960026],[-74.907183,10.960074],[-74.907184,10.960076],[-74.90728,10.960208],[-74.907365,10.960323],[-74.907428,10.960427],[-74.907446,10.960457],[-74.90746,10.960557],[-74.907458,10.960613],[-74.907453,10.960707],[-74.907378,10.960839],[-74.907253,10.960917],[-74.907135,10.960936],[-74.907118,10.960939],[-74.9069,10.960878],[-74.906507,10.960667],[-74.90638,10.960616],[-74.906008,10.960467],[-74.905932,10.960431],[-74.905726,10.960333],[-74.90566,10.960302],[-74.905611,10.960278],[-74.905454,10.960278],[-74.905413,10.960279],[-74.905321,10.960282],[-74.905105,10.960289],[-74.904815,10.960288],[-74.904654,10.960287],[-74.904351,10.960285],[-74.9043,10.960282],[-74.903841,10.960253],[-74.903404,10.960293],[-74.903092,10.960321],[-74.903,10.960339],[-74.902958,10.960348],[-74.902877,10.960364],[-74.90283,10.960369],[-74.902678,10.960385],[-74.902572,10.96039],[-74.902408,10.960397],[-74.902335,10.9604],[-74.902293,10.960395],[-74.90213,10.960379],[-74.902085,10.960375],[-74.902059,10.960379],[-74.901949,10.960397],[-74.901912,10.960404],[-74.901738,10.960433],[-74.901682,10.960442],[-74.901677,10.960443],[-74.901632,10.960448],[-74.901622,10.960449],[-74.901547,10.960456],[-74.901478,10.960475],[-74.901478,10.960601],[-74.901289,10.960613],[-74.901085,10.960626],[-74.900939,10.960635],[-74.90051,10.960663],[-74.900268,10.960678],[-74.900227,10.960681],[-74.90017,10.960772],[-74.900147,10.960809],[-74.900092,10.960899],[-74.900089,10.960904],[-74.899996,10.961054],[-74.899994,10.961057],[-74.8999,10.96121],[-74.899889,10.961228],[-74.899751,10.961451],[-74.8997,10.961533],[-74.899373,10.962064],[-74.899115,10.962482],[-74.899064,10.962565],[-74.899034,10.962613],[-74.899274,10.962815],[-74.899775,10.963237],[-74.899813,10.963269],[-74.900357,10.963727],[-74.900902,10.964186],[-74.902192,10.965279],[-74.904014,10.966414],[-74.904199,10.966659],[-74.904729,10.967364],[-74.904771,10.96742],[-74.905022,10.967854],[-74.905707,10.96904],[-74.906308,10.969673],[-74.90633,10.969696],[-74.906865,10.970308],[-74.907576,10.970701],[-74.908286,10.970787],[-74.908775,10.971092],[-74.909308,10.971441],[-74.908734,10.972495],[-74.907601,10.972208],[-74.907586,10.972204],[-74.907465,10.972173],[-74.905315,10.971628],[-74.905316,10.971805],[-74.905316,10.971891],[-74.904433,10.973647],[-74.903193,10.974439],[-74.900801,10.975937],[-74.900797,10.975939],[-74.900181,10.976329],[-74.898911,10.977133],[-74.898365,10.977478],[-74.897614,10.978483],[-74.89736,10.978824],[-74.897348,10.97884],[-74.897278,10.978963],[-74.897271,10.978975],[-74.896598,10.980157],[-74.896472,10.980504],[-74.896245,10.981127],[-74.895926,10.982006],[-74.895849,10.98222],[-74.894754,10.982656],[-74.894191,10.98288],[-74.893854,10.983014],[-74.892035,10.983019],[-74.888257,10.980662],[-74.887146,10.979919],[-74.886832,10.978955],[-74.886023,10.97816],[-74.885923,10.978062],[-74.884919,10.977075],[-74.883158,10.974521],[-74.883096,10.974479],[-74.882998,10.974412],[-74.883003,10.974441],[-74.883023,10.974587],[-74.882998,10.974569],[-74.882962,10.974545],[-74.882935,10.974586],[-74.882869,10.974651],[-74.88277,10.974754],[-74.882733,10.974781],[-74.882683,10.974821],[-74.882639,10.974862],[-74.8826,10.97491],[-74.882562,10.974974],[-74.882552,10.975018],[-74.882526,10.975101],[-74.882492,10.975197],[-74.882474,10.975245],[-74.88246,10.975304],[-74.882444,10.97535],[-74.882435,10.97539],[-74.882433,10.975431],[-74.882433,10.975467],[-74.882445,10.975554],[-74.882457,10.975649],[-74.882418,10.975672],[-74.882415,10.975677],[-74.882387,10.975719],[-74.882371,10.975777],[-74.882367,10.975835],[-74.882367,10.975896],[-74.882301,10.976057],[-74.882301,10.976311],[-74.882305,10.976427],[-74.882297,10.976579],[-74.882263,10.976715],[-74.882242,10.976732],[-74.882215,10.976813],[-74.882192,10.976913],[-74.882192,10.976994],[-74.882188,10.977095],[-74.8822,10.977238],[-74.8822,10.977346],[-74.882196,10.977461],[-74.882219,10.977531],[-74.882309,10.977604],[-74.882399,10.97767],[-74.882481,10.977747],[-74.882661,10.977843],[-74.88275,10.977894],[-74.882786,10.977951],[-74.882793,10.978079],[-74.882836,10.978156],[-74.882926,10.978314],[-74.882981,10.978368],[-74.883083,10.978422],[-74.883215,10.978461],[-74.883301,10.978534],[-74.883379,10.978627],[-74.883481,10.978681],[-74.883594,10.978716],[-74.883696,10.978716],[-74.883786,10.978758],[-74.883828,10.978808],[-74.883844,10.978827],[-74.883848,10.978899],[-74.883848,10.978912],[-74.883813,10.979001],[-74.88377,10.979047],[-74.883692,10.979028],[-74.88354,10.979032],[-74.883434,10.979032],[-74.883321,10.979055],[-74.883204,10.979051],[-74.883114,10.979048],[-74.88309,10.979021],[-74.883009,10.979006],[-74.882934,10.978994],[-74.882797,10.97892],[-74.882723,10.978916],[-74.882672,10.978967],[-74.882641,10.979024],[-74.882579,10.979075],[-74.882497,10.979075],[-74.882458,10.979063],[-74.882434,10.979055],[-74.882376,10.979017],[-74.882342,10.979055],[-74.882261,10.979124],[-74.882193,10.979183],[-74.88214,10.979267],[-74.88214,10.979335],[-74.882165,10.979371],[-74.882203,10.979433],[-74.882243,10.979511],[-74.882274,10.979569],[-74.882329,10.97965],[-74.882352,10.979691],[-74.882384,10.979748],[-74.882445,10.979801],[-74.8825,10.979833],[-74.882607,10.979905],[-74.882645,10.979989],[-74.882713,10.980064],[-74.882764,10.98011],[-74.882842,10.980159],[-74.882825,10.980242],[-74.882808,10.980359],[-74.882892,10.980483],[-74.883044,10.980566],[-74.883103,10.980591],[-74.883203,10.980632],[-74.883212,10.980724],[-74.883112,10.980823],[-74.883111,10.980823],[-74.88301,10.98084],[-74.882943,10.980848],[-74.882808,10.980948],[-74.882691,10.980989],[-74.882472,10.980989],[-74.882414,10.98094],[-74.882346,10.980948],[-74.882288,10.981031],[-74.882254,10.981106],[-74.882235,10.981186],[-74.882216,10.981186],[-74.882145,10.98128],[-74.882053,10.981355],[-74.881977,10.981371],[-74.881918,10.98133],[-74.881851,10.981296],[-74.88175,10.981454],[-74.881574,10.981454],[-74.881481,10.981438],[-74.881381,10.981321],[-74.881288,10.981272],[-74.881196,10.981321],[-74.881087,10.981413],[-74.880961,10.981496],[-74.880818,10.981595],[-74.880759,10.98162],[-74.880558,10.981687],[-74.880473,10.981637],[-74.880415,10.981554],[-74.880322,10.981512],[-74.88018,10.98162],[-74.880138,10.981596],[-74.880037,10.981679],[-74.879869,10.981828],[-74.879793,10.981836],[-74.879743,10.981886],[-74.879743,10.981986],[-74.879684,10.98211],[-74.879659,10.982201],[-74.87976,10.982251],[-74.879827,10.982268],[-74.87986,10.982384],[-74.87981,10.982484],[-74.879852,10.982567],[-74.879944,10.9826],[-74.879911,10.982766],[-74.879777,10.982832],[-74.879659,10.982816],[-74.879558,10.982749],[-74.879457,10.982766],[-74.879306,10.982782],[-74.879121,10.982832],[-74.879004,10.982882],[-74.878903,10.982882],[-74.878727,10.982957],[-74.878592,10.982998],[-74.878517,10.983081],[-74.878433,10.983164],[-74.878424,10.983305],[-74.878424,10.983339],[-74.8785,10.98338],[-74.878475,10.983455],[-74.878349,10.983521],[-74.878198,10.983637],[-74.878105,10.983662],[-74.877962,10.983787],[-74.87787,10.983787],[-74.877719,10.983795],[-74.877643,10.983903],[-74.877694,10.984152],[-74.87761,10.984169],[-74.877551,10.98421],[-74.877551,10.984368],[-74.877517,10.984484],[-74.87745,10.984476],[-74.877366,10.984492],[-74.877383,10.98455],[-74.877408,10.984658],[-74.877417,10.984741],[-74.877417,10.984841],[-74.877324,10.984858],[-74.877232,10.984816],[-74.877225,10.984811],[-74.877118,10.98493],[-74.876849,10.984966],[-74.876597,10.985038],[-74.876544,10.985216],[-74.876472,10.985323],[-74.876544,10.985429],[-74.876598,10.9855],[-74.876761,10.985642],[-74.876725,10.985873],[-74.876618,10.986051],[-74.876475,10.986229],[-74.876206,10.986531],[-74.876161,10.986556],[-74.876132,10.986683],[-74.876093,10.986788],[-74.876009,10.98691],[-74.875942,10.986971],[-74.875807,10.987054],[-74.875645,10.987115],[-74.875499,10.987204],[-74.875342,10.987253],[-74.875135,10.987309],[-74.874843,10.987314],[-74.874456,10.987364],[-74.874355,10.987326],[-74.874133,10.987357],[-74.87412,10.987359],[-74.873929,10.987503],[-74.873879,10.987636],[-74.873845,10.987752],[-74.873829,10.987924],[-74.873902,10.988051],[-74.873997,10.988145],[-74.874176,10.988162],[-74.874287,10.988186],[-74.874378,10.988206],[-74.874479,10.988306],[-74.874714,10.988367],[-74.874854,10.9885],[-74.874901,10.988551],[-74.874995,10.988655],[-74.875045,10.988782],[-74.875056,10.988843],[-74.875045,10.988987],[-74.875006,10.989042],[-74.874967,10.989092],[-74.874933,10.989159],[-74.874899,10.989275],[-74.874843,10.989341],[-74.874759,10.989408],[-74.874686,10.989513],[-74.874591,10.989663],[-74.874535,10.989768],[-74.874509,10.989849],[-74.874485,10.989923],[-74.874395,10.990039],[-74.874339,10.990178],[-74.874339,10.99025],[-74.874373,10.990338],[-74.874467,10.990426],[-74.874474,10.990432],[-74.874546,10.990477],[-74.874636,10.990626],[-74.874664,10.990687],[-74.874776,10.990743],[-74.874866,10.990765],[-74.874984,10.990759],[-74.875129,10.990698],[-74.875309,10.990593],[-74.875477,10.990543],[-74.875639,10.990499],[-74.875746,10.990443],[-74.875909,10.99031],[-74.876032,10.990216],[-74.876206,10.990189],[-74.876284,10.990222],[-74.87634,10.990288],[-74.876359,10.990305],[-74.876419,10.99036],[-74.876475,10.990515],[-74.876514,10.990687],[-74.876469,10.990875],[-74.876419,10.991019],[-74.876335,10.991202],[-74.876279,10.991324],[-74.876211,10.99144],[-74.876133,10.991562],[-74.876099,10.991623],[-74.876032,10.991717],[-74.875982,10.991772],[-74.875954,10.991788],[-74.875879,10.992056],[-74.875844,10.992483],[-74.875924,10.992651],[-74.875921,10.99266],[-74.875934,10.992769],[-74.875956,10.992821],[-74.876022,10.99293],[-74.876062,10.992987],[-74.876137,10.993091],[-74.876175,10.993124],[-74.876208,10.993152],[-74.87626,10.993231],[-74.87626,10.993292],[-74.876216,10.993344],[-74.876238,10.993431],[-74.876327,10.993453],[-74.87641,10.993466],[-74.87647,10.993453],[-74.876552,10.993435],[-74.876644,10.993435],[-74.876715,10.993479],[-74.876785,10.993557],[-74.876838,10.993549],[-74.876874,10.993649],[-74.8769,10.993727],[-74.876988,10.993801],[-74.877015,10.993867],[-74.877006,10.993958],[-74.876966,10.994002],[-74.876887,10.994067],[-74.876803,10.994132],[-74.876706,10.994268],[-74.876622,10.994294],[-74.876596,10.994272],[-74.876525,10.994237],[-74.876433,10.994246],[-74.876344,10.994302],[-74.876269,10.994355],[-74.876234,10.994416],[-74.876097,10.994472],[-74.875943,10.994542],[-74.875886,10.994552],[-74.875798,10.994568],[-74.875546,10.994717],[-74.875427,10.994843],[-74.875352,10.994943],[-74.875392,10.995026],[-74.875411,10.995039],[-74.875454,10.995069],[-74.875462,10.99513],[-74.875433,10.995212],[-74.875432,10.995218],[-74.875374,10.995231],[-74.87529,10.995253],[-74.875193,10.99534],[-74.875224,10.995422],[-74.875321,10.995462],[-74.875432,10.995523],[-74.875533,10.995575],[-74.875604,10.99561],[-74.875665,10.995592],[-74.875718,10.99554],[-74.875754,10.995488],[-74.875776,10.995457],[-74.875873,10.995418],[-74.87604,10.995401],[-74.876239,10.995435],[-74.876433,10.995501],[-74.876525,10.995575],[-74.8766,10.995666],[-74.876658,10.995745],[-74.876697,10.995871],[-74.876755,10.996002],[-74.87675,10.996224],[-74.876675,10.996372],[-74.876543,10.996638],[-74.876393,10.996782],[-74.876306,10.996841],[-74.876561,10.997027],[-74.883332,11.001973],[-74.879862,11.00557],[-74.879635,11.005805],[-74.879531,11.005913],[-74.879346,11.006106],[-74.878416,11.007069],[-74.876715,11.008832],[-74.875026,11.010583],[-74.874891,11.010723],[-74.874867,11.010747],[-74.874616,11.011013],[-74.874594,11.010997],[-74.874596,11.010994],[-74.874358,11.010816],[-74.873711,11.010333],[-74.873559,11.01022],[-74.871648,11.009038],[-74.871646,11.009037],[-74.871644,11.009035],[-74.871624,11.009011],[-74.871504,11.009163],[-74.871443,11.009223],[-74.871377,11.009304],[-74.871268,11.009409],[-74.871196,11.009508],[-74.870967,11.009855],[-74.870947,11.009892],[-74.870714,11.01032],[-74.8707,11.010344],[-74.870552,11.010599],[-74.870452,11.010772],[-74.870409,11.010841],[-74.87035,11.010936],[-74.870301,11.011014],[-74.870288,11.011033],[-74.870244,11.011092],[-74.870096,11.011251],[-74.870071,11.011271],[-74.869906,11.011402],[-74.869831,11.011461],[-74.869827,11.011464],[-74.869752,11.011524],[-74.869723,11.011573],[-74.869401,11.012121],[-74.869333,11.012237],[-74.869323,11.012263],[-74.869163,11.012684],[-74.869153,11.012712],[-74.869025,11.012991],[-74.868993,11.01306],[-74.86893,11.01313],[-74.868838,11.013233],[-74.868816,11.013257],[-74.868748,11.013373],[-74.868657,11.013474],[-74.868598,11.013524],[-74.868386,11.013665],[-74.868051,11.01385],[-74.86779,11.014],[-74.867735,11.014033],[-74.86762558378832,11.014099631667369],[-74.867622,11.014094],[-74.867618,11.014088],[-74.867617,11.014086],[-74.867583,11.014031],[-74.867582,11.014031],[-74.867575,11.01402],[-74.86756,11.013997],[-74.867473,11.013862],[-74.867435,11.01379],[-74.867427,11.013776],[-74.867309,11.013552],[-74.867126,11.013207],[-74.867074,11.013109],[-74.867072,11.013103],[-74.866905,11.012672],[-74.866877,11.012269],[-74.866851,11.011902],[-74.866833,11.011649],[-74.866721,11.011484],[-74.866652,11.011382],[-74.866589,11.011289],[-74.866346,11.011194],[-74.865532,11.010701],[-74.864754,11.01023],[-74.863933,11.009733],[-74.863901,11.009714],[-74.864335,11.009124],[-74.864902,11.008353],[-74.865413,11.007659],[-74.863879,11.006971],[-74.863605,11.006849],[-74.863588,11.006841],[-74.863524,11.006897],[-74.863461,11.006951],[-74.863432,11.006975],[-74.863327,11.007059],[-74.863327,11.00706],[-74.863188,11.007142],[-74.863133,11.007175],[-74.863049,11.007225],[-74.862924,11.007252],[-74.86286,11.007265],[-74.862818,11.007274],[-74.862627,11.007315],[-74.862612,11.007318],[-74.862443,11.007354],[-74.862286,11.007387],[-74.862135,11.007419],[-74.861988,11.00745],[-74.861863,11.007533],[-74.861669,11.007609],[-74.861599,11.007636],[-74.861385,11.007747],[-74.861265,11.007888],[-74.861237,11.00792],[-74.861116,11.008063],[-74.86103,11.008259],[-74.860926,11.008497],[-74.860834,11.008708],[-74.860761,11.008876],[-74.860751,11.008899],[-74.860715,11.008982],[-74.860684,11.009053],[-74.860682,11.009188],[-74.860682,11.009238],[-74.860319,11.009234],[-74.860309,11.009235],[-74.859804,11.009367],[-74.859508,11.009445],[-74.859196,11.009526],[-74.858554,11.009694],[-74.85842,11.009739],[-74.858061,11.009862],[-74.857779,11.009959],[-74.857678,11.009993],[-74.857154,11.010173],[-74.856519,11.010528],[-74.856282,11.010661],[-74.856246,11.01068],[-74.855926,11.01086],[-74.855765,11.01095],[-74.855482,11.011108],[-74.855285,11.011218],[-74.854861,11.01131],[-74.854803,11.011322],[-74.854592,11.011359],[-74.854501,11.011375],[-74.85437,11.011476],[-74.854217,11.011628],[-74.854145,11.011705],[-74.854029,11.011838],[-74.853978,11.011896],[-74.853525,11.012342],[-74.853437,11.012428],[-74.853249,11.012614],[-74.852925,11.012934],[-74.852323,11.013526],[-74.851872,11.014107],[-74.851234,11.013759],[-74.850621,11.013397],[-74.850967,11.012873],[-74.851231,11.012474],[-74.85151,11.012125],[-74.851666,11.01193],[-74.851701,11.011887],[-74.85138,11.011608],[-74.851071,11.011339],[-74.8512,11.01123],[-74.851233,11.011202],[-74.851691,11.010815],[-74.851843,11.010686],[-74.85192,11.01062],[-74.85221,11.010375],[-74.852166,11.01029],[-74.851889,11.009746],[-74.851596,11.009172],[-74.851091,11.008182],[-74.850974,11.00827],[-74.850968,11.008275],[-74.850802,11.0084],[-74.85077,11.008409],[-74.850573,11.008465],[-74.850528,11.00849],[-74.850365,11.00862],[-74.849657,11.009181],[-74.849544,11.009271],[-74.848927,11.009692],[-74.84871,11.009883],[-74.84862,11.009964],[-74.848532,11.010041],[-74.848477,11.01009],[-74.848459,11.010106],[-74.848444,11.010119],[-74.848429,11.01013],[-74.848305,11.010222],[-74.847997,11.010452],[-74.847888,11.010535],[-74.847857,11.010559],[-74.847686,11.01067],[-74.847618,11.010724],[-74.847423,11.010821],[-74.847158,11.010952],[-74.846972,11.011043],[-74.846702,11.011176],[-74.846012,11.011607],[-74.84601,11.011609],[-74.845972,11.011632],[-74.845862,11.011701],[-74.845632,11.011822],[-74.845603,11.011838],[-74.845438,11.011925],[-74.844657,11.010876],[-74.844391,11.010518],[-74.84369,11.009602],[-74.842994,11.008731],[-74.842995,11.008731],[-74.843375,11.008642],[-74.843484,11.008611],[-74.843692,11.008552],[-74.843697,11.008551],[-74.843899,11.008468],[-74.844006,11.008425],[-74.844034,11.008413],[-74.844002,11.00834],[-74.843836,11.007964],[-74.843559,11.007335],[-74.843549,11.0073],[-74.843543,11.00728],[-74.843528,11.00723],[-74.843458,11.006999],[-74.843426,11.006898],[-74.843319,11.006629],[-74.843256,11.006464],[-74.843221,11.006373],[-74.843212,11.006351],[-74.843092,11.006038],[-74.843052,11.005934],[-74.843046,11.005919],[-74.843035,11.005887],[-74.842943,11.005641],[-74.842915,11.005563],[-74.842841,11.005365],[-74.842824,11.005319],[-74.842767,11.005162],[-74.842605,11.004724],[-74.842573,11.00464],[-74.842553,11.004586],[-74.842509,11.004465],[-74.84241,11.004228],[-74.842383,11.004164],[-74.842322,11.00404],[-74.842194,11.003781],[-74.84208,11.003549],[-74.84201,11.003408],[-74.841911,11.003207],[-74.841799,11.002979],[-74.841773,11.002927],[-74.841771,11.002923],[-74.841706,11.002712],[-74.841579,11.002297],[-74.841531,11.002142],[-74.841499,11.002046],[-74.841276,11.001378],[-74.841158,11.001058],[-74.840708,10.999839],[-74.840675,10.99975],[-74.840964,10.999753],[-74.84257,10.999058],[-74.843494,10.998872],[-74.844921,10.998291],[-74.845813,10.998322],[-74.847104,10.99769],[-74.848772,10.996767],[-74.849748,10.995771],[-74.850168,10.995605],[-74.851942,10.995004],[-74.85317,10.994672],[-74.853568,10.993179],[-74.854827,10.991043],[-74.854292,10.990576],[-74.852791,10.990732],[-74.851532,10.991333],[-74.851259,10.988565],[-74.85106,10.988471],[-74.845214,10.990535],[-74.843682,10.988855],[-74.841793,10.990183],[-74.842601,10.991997],[-74.841352,10.992526],[-74.838145,10.992878],[-74.838022,10.992546],[-74.837994,10.992468],[-74.837976,10.992419],[-74.837896,10.992203],[-74.837822,10.992003],[-74.83749,10.991117],[-74.837455,10.991026],[-74.837093,10.990054],[-74.836954,10.98966],[-74.83688,10.989426],[-74.836867,10.989385],[-74.836851,10.989335],[-74.836773,10.989089],[-74.836731,10.988957],[-74.836663,10.98871],[-74.836622,10.988561],[-74.836484,10.988063],[-74.836471,10.988016],[-74.836386,10.987649],[-74.836315,10.987229],[-74.836302,10.987146],[-74.836216,10.986575],[-74.836216,10.98657],[-74.836213,10.986553],[-74.836212,10.986545],[-74.836163,10.986142],[-74.836144,10.985936],[-74.836127,10.985744],[-74.836109,10.985461],[-74.836102,10.985336],[-74.836078,10.984955],[-74.836085,10.984955],[-74.836235,10.984951],[-74.836383,10.984936],[-74.836531,10.984912],[-74.836664,10.984882],[-74.837221,10.984738],[-74.838063,10.984524],[-74.842074,10.983514],[-74.842472,10.983413],[-74.846137,10.98249],[-74.846144,10.982488],[-74.846904,10.982294],[-74.846924,10.982289],[-74.847067,10.982246],[-74.847072,10.982244],[-74.847207,10.982194],[-74.847302,10.982152],[-74.848291,10.981695],[-74.848331,10.981676],[-74.850405,10.980667],[-74.853079,10.979388],[-74.853083,10.979386],[-74.857733,10.977148],[-74.858567,10.976747],[-74.859858,10.976126],[-74.861371,10.975398],[-74.862134,10.975031],[-74.864188,10.974043],[-74.869586,10.971455],[-74.869599,10.971449],[-74.873489,10.969553],[-74.873767,10.969417],[-74.873788,10.969407],[-74.874597,10.969018],[-74.877306,10.967716],[-74.877308,10.967715],[-74.877882,10.967439],[-74.879115,10.966845],[-74.879401,10.966707],[-74.881292,10.965796],[-74.881471,10.96571],[-74.884879,10.964071],[-74.884968,10.964029],[-74.885077,10.963976],[-74.885147,10.963942],[-74.887712,10.962709],[-74.887721,10.962705],[-74.887883,10.962626],[-74.888465,10.962343],[-74.900771,10.956362],[-74.902379,10.955581],[-74.902384,10.955536],[-74.902397,10.955428],[-74.902341,10.955254],[-74.902338,10.955237],[-74.902314,10.95512],[-74.902395,10.955004],[-74.902576,10.954959],[-74.902757,10.955003],[-74.902893,10.955039],[-74.903073,10.955021],[-74.903227,10.954905],[-74.903344,10.954735],[-74.903435,10.95461],[-74.903444,10.954458],[-74.903426,10.954289],[-74.903353,10.95411],[-74.903227,10.953914],[-74.903136,10.953708],[-74.903019,10.953485],[-74.90291,10.953315],[-74.902766,10.953146],[-74.902612,10.952958],[-74.902512,10.952762],[-74.902567,10.952672],[-74.902775,10.952601],[-74.903037,10.952565],[-74.903076,10.952513],[-74.90319,10.95236],[-74.903254,10.952243],[-74.903498,10.952208],[-74.903696,10.952154],[-74.903796,10.952065],[-74.903841,10.951824],[-74.903687,10.951699],[-74.903633,10.951511],[-74.903642,10.951386],[-74.903678,10.951288],[-74.903768,10.951154],[-74.903886,10.951047],[-74.904084,10.950945],[-74.90413,10.950921],[-74.904103,10.95077],[-74.904094,10.950636],[-74.904347,10.950636],[-74.904428,10.95077],[-74.904428,10.950975],[-74.904455,10.95118],[-74.904564,10.95135],[-74.904745,10.951261],[-74.904772,10.951073],[-74.904828,10.950945],[-74.904835,10.95093],[-74.90497,10.950787],[-74.905251,10.950734],[-74.905359,10.950537],[-74.905278,10.95035],[-74.905124,10.950108],[-74.905119,10.950098],[-74.90506,10.950095],[-74.904341,10.950053],[-74.903849,10.950025],[-74.903817,10.950023],[-74.903656,10.950014],[-74.903596,10.95001],[-74.903581,10.950009],[-74.90356,10.950008],[-74.903527,10.950006],[-74.90349,10.950004],[-74.903384,10.950055],[-74.903332,10.950081],[-74.903323,10.950085],[-74.902878,10.950301],[-74.902843,10.950318],[-74.902835,10.950322],[-74.902673,10.950401],[-74.900493,10.951461],[-74.900425,10.951493],[-74.900119,10.951642],[-74.900007,10.951697],[-74.899821,10.951787],[-74.897116,10.953102],[-74.895993,10.953647],[-74.895987,10.95365],[-74.895189,10.954035],[-74.894372,10.953932],[-74.894358,10.95393],[-74.893504,10.953822],[-74.89336,10.953803],[-74.89339,10.953651],[-74.893391,10.953646],[-74.893075,10.953365],[-74.893111,10.952708],[-74.893123,10.952498],[-74.893129,10.952389],[-74.893152,10.95198],[-74.892542,10.952016],[-74.891563,10.952073],[-74.891389,10.952632],[-74.891305,10.952903],[-74.891255,10.953067],[-74.891181,10.953504],[-74.890799,10.953478],[-74.890571,10.95483],[-74.890088,10.954876],[-74.889652,10.954962],[-74.88929,10.955082],[-74.888921,10.955227],[-74.888647,10.955367],[-74.888482,10.95548],[-74.88858,10.955631],[-74.88858,10.955632],[-74.888582,10.955635],[-74.888626,10.955687],[-74.888757,10.955832],[-74.888945,10.955997],[-74.889102,10.956098],[-74.889427,10.956198],[-74.889463,10.956197],[-74.889719,10.956193],[-74.889731,10.956193],[-74.889929,10.956328],[-74.890005,10.956388],[-74.890066,10.956504],[-74.890062,10.95653],[-74.889649,10.956731],[-74.889401,10.956851],[-74.885706,10.958647],[-74.879469,10.961646],[-74.879468,10.961646],[-74.875304,10.963652],[-74.872493,10.965003],[-74.87176,10.965355],[-74.871749,10.96536],[-74.871205,10.965626],[-74.869407,10.966502],[-74.867953,10.967211],[-74.864868,10.968693],[-74.862189,10.969978],[-74.862187,10.969979],[-74.860948,10.970575],[-74.858544,10.97173],[-74.856565,10.972683],[-74.856564,10.972683],[-74.851083,10.975321],[-74.850335,10.975678],[-74.848649,10.976485],[-74.848211,10.976192],[-74.847241,10.975546],[-74.846487,10.975018],[-74.846469,10.975005],[-74.846423,10.974973],[-74.84447,10.973604],[-74.844293,10.973479],[-74.844106,10.971059],[-74.843754,10.970621],[-74.843932,10.970466],[-74.843738,10.970279],[-74.843735,10.970277],[-74.843727,10.970268],[-74.843468,10.96999],[-74.843464,10.969985],[-74.843458,10.969978],[-74.843293,10.969779],[-74.843288,10.969773],[-74.843278,10.969758],[-74.843268,10.969743],[-74.84326,10.969729],[-74.843171,10.969552],[-74.84317,10.969551],[-74.843163,10.969535],[-74.843157,10.969518],[-74.843154,10.969511],[-74.843125,10.969418],[-74.843122,10.969407],[-74.843119,10.969397],[-74.843115,10.969382],[-74.843115,10.96938],[-74.843113,10.96937],[-74.843105,10.969318],[-74.843084,10.969189],[-74.843083,10.969182],[-74.843081,10.969165],[-74.843081,10.969151],[-74.843076,10.968882],[-74.843077,10.96886],[-74.843078,10.968842],[-74.843081,10.968825],[-74.843082,10.968823],[-74.843143,10.96853],[-74.843176,10.96837],[-74.843179,10.968354],[-74.84318,10.968354],[-74.843254,10.968084],[-74.84316,10.967996],[-74.843109,10.967949],[-74.843171,10.967631],[-74.84321,10.967431],[-74.843198,10.967008],[-74.843193,10.966957],[-74.843161,10.96664],[-74.84318,10.966454],[-74.843193,10.966128],[-74.843201,10.965978],[-74.843257,10.964954],[-74.843407,10.962548],[-74.84341,10.962496],[-74.843413,10.962457],[-74.843418,10.962369],[-74.843728,10.962318],[-74.843607,10.961535],[-74.843605,10.961527],[-74.843056,10.957982],[-74.843055,10.95798],[-74.839096,10.958664],[-74.83908,10.958667],[-74.838989,10.958683],[-74.836848,10.959053],[-74.83652,10.957884],[-74.83644,10.957611],[-74.836252,10.956974],[-74.836068,10.956334],[-74.835956,10.955942],[-74.835701,10.955056],[-74.835669,10.954946],[-74.835476,10.954259],[-74.835421,10.954065],[-74.835278,10.953585],[-74.835121,10.953056],[-74.835094,10.952962],[-74.83497,10.952735],[-74.83471,10.951829],[-74.834648,10.951615],[-74.83421,10.950105],[-74.83406,10.94961],[-74.834036,10.949522],[-74.834007,10.949431],[-74.833971,10.9493],[-74.83394,10.949183],[-74.833909,10.949065],[-74.833849,10.948862],[-74.833824,10.948785],[-74.833805,10.948716],[-74.833694,10.948321],[-74.833659,10.948196],[-74.833637,10.948107],[-74.833609,10.947998],[-74.833527,10.947573],[-74.833454,10.947181],[-74.833423,10.946875],[-74.833415,10.9466],[-74.833429,10.946293],[-74.833469,10.945714],[-74.83347,10.94571],[-74.833496,10.945444],[-74.833653,10.94398],[-74.833724,10.943333],[-74.833726,10.943318],[-74.833722,10.943318],[-74.833405,10.943291],[-74.833348,10.943286],[-74.833247,10.943277],[-74.832316,10.943197],[-74.832027,10.943191],[-74.831661,10.943205],[-74.831343,10.943244],[-74.831041,10.943317],[-74.83044,10.943427],[-74.830159,10.943481],[-74.829679,10.943574],[-74.829568,10.943598],[-74.828999,10.94372],[-74.827983,10.943931],[-74.827542,10.944015],[-74.827506,10.944022],[-74.827451,10.944033],[-74.827039,10.944119],[-74.826523,10.944233],[-74.825915,10.944366],[-74.825512,10.944448],[-74.824728,10.944682],[-74.82468,10.944697],[-74.824622,10.944716],[-74.823914,10.944947],[-74.823072,10.945229],[-74.823064,10.945232],[-74.823056,10.945234],[-74.822796,10.945327],[-74.822628,10.945383],[-74.821866,10.94565],[-74.821778,10.945681],[-74.820451,10.946125],[-74.820043,10.946258],[-74.819383,10.946485],[-74.819148,10.946567],[-74.818831,10.946667],[-74.818745,10.946691],[-74.818478,10.946784],[-74.818371,10.946816],[-74.818305,10.946836],[-74.81805,10.946925],[-74.81792,10.946972],[-74.817495,10.947111],[-74.817193,10.947214],[-74.817072,10.947255],[-74.816953,10.947295],[-74.816793,10.947353],[-74.816641,10.947404],[-74.816544,10.947436],[-74.816486,10.947456],[-74.816181,10.947557],[-74.816029,10.947611],[-74.815524,10.947788],[-74.815408,10.947827],[-74.815242,10.947888],[-74.814509,10.948214],[-74.814174,10.948392],[-74.813891,10.948548],[-74.813585,10.94876],[-74.813458,10.948848],[-74.813337,10.948943],[-74.813148,10.949087],[-74.812978,10.94923],[-74.812795,10.949393],[-74.812598,10.949576],[-74.812465,10.949713],[-74.812346,10.949846],[-74.811893,10.950298],[-74.811793,10.950398],[-74.811584,10.950614],[-74.811458,10.95075],[-74.811354,10.950859],[-74.811198,10.951015],[-74.810993,10.951213],[-74.810918,10.951288],[-74.810835,10.951369],[-74.810803,10.951409],[-74.810639,10.951582],[-74.810406,10.951815],[-74.810251,10.951975],[-74.810092,10.952135],[-74.809876,10.952358],[-74.809554,10.952698],[-74.809234,10.953026],[-74.808863,10.953415],[-74.808685,10.953591],[-74.808556,10.953716],[-74.80825,10.954027],[-74.808198,10.954078],[-74.808086,10.954195],[-74.807846,10.954446],[-74.807701,10.9546],[-74.807526,10.954796],[-74.807384,10.95494],[-74.807267,10.955045],[-74.807182,10.95514],[-74.80709,10.955228],[-74.806394,10.955923],[-74.806071,10.956262],[-74.805995,10.956353],[-74.805944,10.95641],[-74.805871,10.956484],[-74.805809,10.956542],[-74.806094,10.956722],[-74.80573,10.95732],[-74.805344,10.957947],[-74.804985,10.958415],[-74.804916,10.958505],[-74.804474,10.959094],[-74.804385,10.959213],[-74.804032,10.959923],[-74.803922,10.960156],[-74.803829,10.96035],[-74.803798,10.960413],[-74.80376,10.96049],[-74.803729,10.960561],[-74.803698,10.960626],[-74.803636,10.960798],[-74.803546,10.961046],[-74.803478,10.961229],[-74.803391,10.961468],[-74.80327,10.96178],[-74.803272,10.961872],[-74.803279,10.961961],[-74.803289,10.962067],[-74.803288,10.962094],[-74.803269,10.962127],[-74.803108,10.962217],[-74.803041,10.962249],[-74.802972,10.962276],[-74.8029,10.962296],[-74.802827,10.96231],[-74.802753,10.962317],[-74.802682,10.962318],[-74.802611,10.962313],[-74.802541,10.962301],[-74.802472,10.962284],[-74.80244,10.962274],[-74.802386,10.962251],[-74.802335,10.962224],[-74.802286,10.962192],[-74.80224,10.962156],[-74.801847,10.961814],[-74.80172,10.961736],[-74.801591,10.961721],[-74.801289,10.961681],[-74.800945,10.961647],[-74.800816,10.961629],[-74.800648,10.961567],[-74.800527,10.961472],[-74.800434,10.961408],[-74.800351,10.961343],[-74.800228,10.961429],[-74.799794,10.96171],[-74.799361,10.961991],[-74.799251,10.962066],[-74.799195,10.962101],[-74.798975,10.962239],[-74.798909,10.962277],[-74.798814,10.96234],[-74.798785,10.962356],[-74.798412,10.962557],[-74.798327,10.962592],[-74.798196,10.962636],[-74.798061,10.962677],[-74.797926,10.962712],[-74.797809,10.962741],[-74.797747,10.962752],[-74.797381,10.962803],[-74.797274,10.962816],[-74.797236,10.96282],[-74.797211,10.962822],[-74.796908,10.962843],[-74.796643,10.962861],[-74.796236,10.962899],[-74.795968,10.962921],[-74.795761,10.962939],[-74.79565,10.962948],[-74.795343,10.962964],[-74.795212,10.962968],[-74.795043,10.96297],[-74.794812,10.963064],[-74.794604,10.963161],[-74.794478,10.963221],[-74.794298,10.963303],[-74.794161,10.963367],[-74.794007,10.96345],[-74.793607,10.96364],[-74.793226,10.963837],[-74.793023,10.96392],[-74.792834,10.964024],[-74.79258,10.964149],[-74.792363,10.964257],[-74.792037,10.964398],[-74.792022,10.964404],[-74.791905,10.964455],[-74.791709,10.964553],[-74.791559,10.964635],[-74.791092,10.964878],[-74.790909,10.964994],[-74.790756,10.965119],[-74.790717,10.965149],[-74.790673,10.965185],[-74.790353,10.965435],[-74.790218,10.965545],[-74.790105,10.965677],[-74.790013,10.965814],[-74.789909,10.965981],[-74.789744,10.966222],[-74.7896,10.966377],[-74.789446,10.96651],[-74.789303,10.966614],[-74.78916,10.966701],[-74.789001,10.966762],[-74.788809,10.966899],[-74.788312,10.96715],[-74.78805,10.967302],[-74.787796,10.967417],[-74.787724,10.967437],[-74.787617,10.967471],[-74.787456,10.967488],[-74.787202,10.967521],[-74.786983,10.967553],[-74.786792,10.967581],[-74.786607,10.967613],[-74.78638,10.967794],[-74.786228,10.968033],[-74.785834,10.968627],[-74.785517,10.969309],[-74.785439,10.969466],[-74.785334,10.969685],[-74.785201,10.969952],[-74.78506,10.970259],[-74.78494,10.970516],[-74.784917,10.97057],[-74.784843,10.970757],[-74.784756,10.970973],[-74.784665,10.971212],[-74.784477,10.971703],[-74.784336,10.97209],[-74.784293,10.972231],[-74.78406,10.972851],[-74.783876,10.973358],[-74.783843,10.973459],[-74.783538,10.974296],[-74.783151,10.975419],[-74.783092,10.975628],[-74.782906,10.976223],[-74.782735,10.976781],[-74.782713,10.976844],[-74.782682,10.976924],[-74.782532,10.977401],[-74.782328,10.978109],[-74.782293,10.97825],[-74.782035,10.978157],[-74.781761,10.978057],[-74.781138,10.977805],[-74.78063,10.977604],[-74.779878,10.977308],[-74.779382,10.97711],[-74.77881,10.976859],[-74.778362,10.976658],[-74.777914,10.976479],[-74.777621,10.976351],[-74.777333,10.976217],[-74.777243,10.976189],[-74.776765,10.975976],[-74.776429,10.975844],[-74.776139,10.975733],[-74.77606,10.975699],[-74.775886,10.975626],[-74.775653,10.975532],[-74.775468,10.975457],[-74.775339,10.975401],[-74.775235,10.975366],[-74.774934,10.97526],[-74.774567,10.975145],[-74.774318,10.97508],[-74.774088,10.975048],[-74.773674,10.974959],[-74.772855,10.974811],[-74.772245,10.974693],[-74.772201,10.974691],[-74.77007,10.974316],[-74.77005,10.974402],[-74.770008,10.974568],[-74.769965,10.974738],[-74.769946,10.974888],[-74.769918,10.975379],[-74.769949,10.976853],[-74.769962,10.977208],[-74.769964,10.977259],[-74.769973,10.977487],[-74.769278,10.977608],[-74.76916,10.977624],[-74.768665,10.977689],[-74.767798,10.977642],[-74.767022,10.977636],[-74.766452,10.977631],[-74.765814,10.977679],[-74.764883,10.977754],[-74.764189,10.977824],[-74.763835,10.977913],[-74.763455,10.977972],[-74.763075,10.977954],[-74.76264,10.977865],[-74.761963,10.977724],[-74.759926,10.977333],[-74.759924,10.977332],[-74.759789,10.977307],[-74.759731,10.977749],[-74.759721,10.97784],[-74.759736,10.977931],[-74.759745,10.978022],[-74.75977,10.978113],[-74.759794,10.978209],[-74.759842,10.97829],[-74.759876,10.978376],[-74.759876,10.978467],[-74.759886,10.978558],[-74.759891,10.978649],[-74.759915,10.978744],[-74.759939,10.978812],[-74.759942,10.978847],[-74.759939,10.978868],[-74.759947,10.978907],[-74.759977,10.978942],[-74.760031,10.978993],[-74.760142,10.97906],[-74.7602,10.979141],[-74.760225,10.97917],[-74.76022,10.979261],[-74.76022,10.979352],[-74.760239,10.979443],[-74.760283,10.979529],[-74.760316,10.979615],[-74.760316,10.979634],[-74.760302,10.979706],[-74.760302,10.979797],[-74.760307,10.979888],[-74.760321,10.979979],[-74.760345,10.98007],[-74.760365,10.980165],[-74.760379,10.980256],[-74.760413,10.980342],[-74.760457,10.980424],[-74.760486,10.98051],[-74.760495,10.980601],[-74.760529,10.980687],[-74.760553,10.980778],[-74.760573,10.980873],[-74.760607,10.980931],[-74.760553,10.980955],[-74.760698,10.981256],[-74.760732,10.981342],[-74.760757,10.981433],[-74.760766,10.981524],[-74.760805,10.981591],[-74.760859,10.981642],[-74.760876,10.981733],[-74.760892,10.981824],[-74.760933,10.981906],[-74.760976,10.981991],[-74.761045,10.982052],[-74.761057,10.982143],[-74.761078,10.982231],[-74.761102,10.98232],[-74.761129,10.982407],[-74.761161,10.982494],[-74.761212,10.98257],[-74.761245,10.982655],[-74.761274,10.982744],[-74.761306,10.982831],[-74.761333,10.98292],[-74.76137,10.983006],[-74.761398,10.983093],[-74.761427,10.98318],[-74.761455,10.983267],[-74.761482,10.983354],[-74.761504,10.983442],[-74.761514,10.983533],[-74.761529,10.983624],[-74.76159,10.983693],[-74.761672,10.983907],[-74.761704,10.983991],[-74.761766,10.98406],[-74.761755,10.984151],[-74.761755,10.984165],[-74.761783,10.984257],[-74.761783,10.984353],[-74.761812,10.984444],[-74.761841,10.984535],[-74.76187,10.984621],[-74.761914,10.984707],[-74.761958,10.984788],[-74.762016,10.984865],[-74.762054,10.984951],[-74.761996,10.985023],[-74.761938,10.985095],[-74.762011,10.985152],[-74.762069,10.98508],[-74.762156,10.985119],[-74.762204,10.9852],[-74.762238,10.985286],[-74.762277,10.985372],[-74.762345,10.985439],[-74.762359,10.98553],[-74.762388,10.985616],[-74.762427,10.985702],[-74.762471,10.985784],[-74.762504,10.98587],[-74.762562,10.985946],[-74.762616,10.986023],[-74.762659,10.986104],[-74.762683,10.986195],[-74.762713,10.986281],[-74.762756,10.986362],[-74.762819,10.986429],[-74.762877,10.986506],[-74.762935,10.986578],[-74.762979,10.986659],[-74.763022,10.98674],[-74.763061,10.986827],[-74.76308,10.986917],[-74.76309,10.987008],[-74.763119,10.987094],[-74.763177,10.987166],[-74.763182,10.987171],[-74.763259,10.987214],[-74.763288,10.9873],[-74.763322,10.987386],[-74.763351,10.987472],[-74.763405,10.987554],[-74.763448,10.98764],[-74.763472,10.987731],[-74.763526,10.987807],[-74.763588,10.987879],[-74.763627,10.987965],[-74.763671,10.988047],[-74.763714,10.988128],[-74.763753,10.988214],[-74.763792,10.9883],[-74.76384,10.988386],[-74.763898,10.988463],[-74.763913,10.988554],[-74.763976,10.988621],[-74.764024,10.988702],[-74.764169,10.98886],[-74.764252,10.988908],[-74.764314,10.988975],[-74.764397,10.989027],[-74.764489,10.989042],[-74.764561,10.989099],[-74.76461,10.989181],[-74.764653,10.989262],[-74.764707,10.989338],[-74.764736,10.989425],[-74.764765,10.989511],[-74.764794,10.989602],[-74.764813,10.989692],[-74.764827,10.989783],[-74.764866,10.98987],[-74.764873,10.989887],[-74.7649,10.989956],[-74.764939,10.990042],[-74.764982,10.990123],[-74.76504,10.990195],[-74.765069,10.990281],[-74.765069,10.990286],[-74.765137,10.990362],[-74.765195,10.990434],[-74.765239,10.990515],[-74.765282,10.990602],[-74.765341,10.990673],[-74.765394,10.99075],[-74.765447,10.990831],[-74.765476,10.990922],[-74.765505,10.991008],[-74.765515,10.991099],[-74.765539,10.99119],[-74.765573,10.991276],[-74.765626,10.991353],[-74.76567,10.991434],[-74.765708,10.99152],[-74.765771,10.991587],[-74.765839,10.991649],[-74.765883,10.991735],[-74.765892,10.991826],[-74.76595,10.991903],[-74.766004,10.991979],[-74.766062,10.992051],[-74.766076,10.992142],[-74.766105,10.992228],[-74.766139,10.992314],[-74.766183,10.992396],[-74.766187,10.992487],[-74.766212,10.992577],[-74.76625,10.992668],[-74.766265,10.992683],[-74.766313,10.992745],[-74.766376,10.992812],[-74.766429,10.992888],[-74.766473,10.992975],[-74.766492,10.993065],[-74.766516,10.993156],[-74.766594,10.993214],[-74.766657,10.993286],[-74.766676,10.993376],[-74.766729,10.993458],[-74.766773,10.993544],[-74.766846,10.993601],[-74.766904,10.993673],[-74.766938,10.993759],[-74.767025,10.993793],[-74.767063,10.993879],[-74.767073,10.99397],[-74.767151,10.994022],[-74.767228,10.99408],[-74.767272,10.994161],[-74.767285,10.994203],[-74.767301,10.994252],[-74.76733,10.994338],[-74.767368,10.994424],[-74.767415,10.994474],[-74.767431,10.994491],[-74.767504,10.994553],[-74.767572,10.994616],[-74.767654,10.994659],[-74.767717,10.99473],[-74.767722,10.99474],[-74.76778,10.994797],[-74.767841,10.99485],[-74.767852,10.99486],[-74.767863,10.994871],[-74.767915,10.994927],[-74.768003,10.994979],[-74.768094,10.995003],[-74.768186,10.995042],[-74.768269,10.995085],[-74.768327,10.995156],[-74.768363,10.995194],[-74.76839,10.995223],[-74.768431,10.995237],[-74.768477,10.995252],[-74.768564,10.995286],[-74.768601,10.995309],[-74.768646,10.995338],[-74.768709,10.995405],[-74.768717,10.995452],[-74.768724,10.995496],[-74.768688,10.995577],[-74.768687,10.995577],[-74.768685,10.995582],[-74.768709,10.995673],[-74.768763,10.99575],[-74.768792,10.995841],[-74.76883,10.995927],[-74.768893,10.995994],[-74.76898,10.996027],[-74.769028,10.996042],[-74.769029,10.996042],[-74.769072,10.996056],[-74.769164,10.996051],[-74.769196,10.99608],[-74.769232,10.996113],[-74.76929,10.996185],[-74.769305,10.99623],[-74.769319,10.996271],[-74.769377,10.996348],[-74.769427,10.996377],[-74.76946,10.996396],[-74.769552,10.996415],[-74.769639,10.996444],[-74.769711,10.996501],[-74.769755,10.996587],[-74.769808,10.996668],[-74.769876,10.996731],[-74.769953,10.996783],[-74.770036,10.996826],[-74.770123,10.996879],[-74.770176,10.996955],[-74.770234,10.997027],[-74.770287,10.997104],[-74.770302,10.997133],[-74.770321,10.99719],[-74.770394,10.997247],[-74.770452,10.997319],[-74.77052,10.997381],[-74.770592,10.997444],[-74.770636,10.99753],[-74.770694,10.997601],[-74.770738,10.997683],[-74.770791,10.997759],[-74.770868,10.997812],[-74.770936,10.997874],[-74.770989,10.997951],[-74.771047,10.998022],[-74.771115,10.998085],[-74.771188,10.998142],[-74.771231,10.998223],[-74.771275,10.998314],[-74.771318,10.998396],[-74.771386,10.998458],[-74.771454,10.99852],[-74.771507,10.998601],[-74.771531,10.998692],[-74.771599,10.998759],[-74.771691,10.998793],[-74.771773,10.998841],[-74.771827,10.998917],[-74.77189,10.998989],[-74.771957,10.999051],[-74.771973,10.999068],[-74.77202,10.999118],[-74.772064,10.999199],[-74.772108,10.999274],[-74.772112,10.999281],[-74.772114,10.999284],[-74.77212,10.999281],[-74.772127,10.999276],[-74.77218,10.999318],[-74.772181,10.999319],[-74.772199,10.999333],[-74.772267,10.999396],[-74.772323,10.999428],[-74.77234,10.999438],[-74.77235,10.999444],[-74.772437,10.999477],[-74.772519,10.99953],[-74.772616,10.999554],[-74.772644,10.999563],[-74.772738,10.999651],[-74.772811,10.99972],[-74.772955,10.999855],[-74.772964,10.999898],[-74.772969,10.999893],[-74.772968,10.999925],[-74.772964,11.000003],[-74.772964,11.000094],[-74.773008,11.000176],[-74.773056,11.000257],[-74.773124,11.000319],[-74.773192,11.000386],[-74.773255,11.000458],[-74.773308,11.000534],[-74.773376,11.000601],[-74.773424,11.000683],[-74.773473,11.000764],[-74.773526,11.000841],[-74.773584,11.000912],[-74.773632,11.000994],[-74.77369,11.001065],[-74.773753,11.001132],[-74.773807,11.001214],[-74.773865,11.00129],[-74.773908,11.001372],[-74.773966,11.001448],[-74.774024,11.001525],[-74.774063,11.001611],[-74.774131,11.001783],[-74.77416,11.001869],[-74.774163,11.001887],[-74.774163,11.001888],[-74.774171,11.001941],[-74.774171,11.001942],[-74.774174,11.00196],[-74.774208,11.002046],[-74.774266,11.002118],[-74.774283,11.002133],[-74.774284,11.002134],[-74.774334,11.00218],[-74.774378,11.002262],[-74.774436,11.002333],[-74.774475,11.002419],[-74.774528,11.002501],[-74.774654,11.002635],[-74.774721,11.002702],[-74.774717,11.002707],[-74.774784,11.002769],[-74.774847,11.002836],[-74.774915,11.002898],[-74.774973,11.00297],[-74.775031,11.003041],[-74.775084,11.003118],[-74.775143,11.003195],[-74.775205,11.003262],[-74.775264,11.003338],[-74.775307,11.003419],[-74.77537,11.003486],[-74.775409,11.003573],[-74.775452,11.003654],[-74.775506,11.003735],[-74.775569,11.003812],[-74.775641,11.003874],[-74.775681,11.003916],[-74.775681,11.003917],[-74.775704,11.003941],[-74.775767,11.004013],[-74.775825,11.004084],[-74.775878,11.004161],[-74.775932,11.004238],[-74.77598,11.004319],[-74.776048,11.004381],[-74.77612,11.004439],[-74.776193,11.004501],[-74.776256,11.004573],[-74.776329,11.00463],[-74.776387,11.004706],[-74.776445,11.004778],[-74.776488,11.00486],[-74.776508,11.00495],[-74.776571,11.005022],[-74.776638,11.005089],[-74.776701,11.005166],[-74.776764,11.005233],[-74.7769,11.005357],[-74.776958,11.005429],[-74.777001,11.00551],[-74.777074,11.005572],[-74.777088,11.005596],[-74.777098,11.005585],[-74.777151,11.005667],[-74.777199,11.005748],[-74.777243,11.005829],[-74.777291,11.005911],[-74.777349,11.005982],[-74.777393,11.006069],[-74.777441,11.00615],[-74.777504,11.006217],[-74.777562,11.006289],[-74.77762,11.00636],[-74.777666,11.006438],[-74.777669,11.006442],[-74.777722,11.006523],[-74.777751,11.006609],[-74.77778,11.006695],[-74.777824,11.006777],[-74.777891,11.006839],[-74.777954,11.006906],[-74.778003,11.006987],[-74.778061,11.007064],[-74.7781,11.00715],[-74.778148,11.007231],[-74.778201,11.007308],[-74.778259,11.007379],[-74.778327,11.007442],[-74.778404,11.007494],[-74.778482,11.007547],[-74.778569,11.007576],[-74.778627,11.007647],[-74.778671,11.007729],[-74.778714,11.00781],[-74.778777,11.007877],[-74.778835,11.007949],[-74.778889,11.008025],[-74.778981,11.008021],[-74.779165,11.008051],[-74.779455,11.008097],[-74.779499,11.008179],[-74.779562,11.008246],[-74.77961,11.008327],[-74.779678,11.008389],[-74.779736,11.008461],[-74.779799,11.008533],[-74.779862,11.0086],[-74.779939,11.008667],[-74.780007,11.008734],[-74.780055,11.008815],[-74.780065,11.008906],[-74.780109,11.008987],[-74.780191,11.009035],[-74.780273,11.009083],[-74.78036,11.009121],[-74.780443,11.009174],[-74.78053,11.009212],[-74.780617,11.009246],[-74.780699,11.009289],[-74.780786,11.009322],[-74.780869,11.00937],[-74.780922,11.009447],[-74.780932,11.009461],[-74.780937,11.009466],[-74.781024,11.009509],[-74.781111,11.009552],[-74.781193,11.009595],[-74.78128,11.009633],[-74.781363,11.009681],[-74.78145,11.00971],[-74.781532,11.009753],[-74.781614,11.009805],[-74.781677,11.009877],[-74.78176,11.009925],[-74.781837,11.009983],[-74.781854,11.009994],[-74.781919,11.010035],[-74.781977,11.010107],[-74.782031,11.010173],[-74.782036,11.010179],[-74.782094,11.01025],[-74.782147,11.010327],[-74.782205,11.010399],[-74.782263,11.010471],[-74.782316,11.010547],[-74.78236,11.010628],[-74.782447,11.010681],[-74.782515,11.010743],[-74.782573,11.01082],[-74.782583,11.010825],[-74.782646,11.010892],[-74.782689,11.010973],[-74.782757,11.011035],[-74.782839,11.011083],[-74.782917,11.011136],[-74.782984,11.011203],[-74.783057,11.011265],[-74.783115,11.011337],[-74.783173,11.011408],[-74.78326,11.011461],[-74.783323,11.011533],[-74.783391,11.0116],[-74.783473,11.011643],[-74.783556,11.011695],[-74.783623,11.011758],[-74.783701,11.011815],[-74.783774,11.011877],[-74.783856,11.011925],[-74.783938,11.011968],[-74.784006,11.01203],[-74.78405,11.012112],[-74.784103,11.012188],[-74.784185,11.012246],[-74.784267,11.012289],[-74.784335,11.012337],[-74.784345,11.012346],[-74.784432,11.01238],[-74.784505,11.012437],[-74.784582,11.01249],[-74.78466,11.012542],[-74.784742,11.01259],[-74.784805,11.012657],[-74.784887,11.012705],[-74.78496,11.012767],[-74.785027,11.012829],[-74.7851,11.012887],[-74.785163,11.012954],[-74.785245,11.013002],[-74.785318,11.013059],[-74.7854,11.013112],[-74.785483,11.013155],[-74.78556,11.013207],[-74.785638,11.01326],[-74.78571,11.013322],[-74.785778,11.013384],[-74.785855,11.013442],[-74.785928,11.013499],[-74.785991,11.013571],[-74.786064,11.013628],[-74.786131,11.013691],[-74.786209,11.013748],[-74.786286,11.013801],[-74.786349,11.013868],[-74.786398,11.013949],[-74.786446,11.01403],[-74.786533,11.014069],[-74.786601,11.014107],[-74.786611,11.014121],[-74.786669,11.014193],[-74.786727,11.01427],[-74.786809,11.014317],[-74.78695,11.014456],[-74.786974,11.014538],[-74.787027,11.014643],[-74.787085,11.014719],[-74.787177,11.014805],[-74.787298,11.014887],[-74.787366,11.014949],[-74.787443,11.015002],[-74.787521,11.015054],[-74.787579,11.015126],[-74.787642,11.015193],[-74.787714,11.01525],[-74.787777,11.015317],[-74.787845,11.01538],[-74.787928,11.015423],[-74.788,11.01548],[-74.788063,11.015547],[-74.788131,11.015609],[-74.788194,11.015676],[-74.788266,11.015734],[-74.788334,11.015796],[-74.788397,11.015863],[-74.78846,11.01593],[-74.788533,11.015987],[-74.788596,11.016054],[-74.788659,11.016126],[-74.788722,11.016193],[-74.788775,11.01627],[-74.788828,11.016346],[-74.788886,11.016437],[-74.788886,11.016442],[-74.78891,11.016533],[-74.788954,11.016614],[-74.788997,11.016695],[-74.78906,11.016767],[-74.789128,11.016829],[-74.789196,11.016901],[-74.789264,11.016968],[-74.789341,11.01703],[-74.789394,11.017107],[-74.789462,11.017174],[-74.78954,11.017236],[-74.789617,11.017289],[-74.789704,11.017327],[-74.789777,11.017384],[-74.789859,11.017432],[-74.789946,11.01748],[-74.790038,11.017514],[-74.790116,11.017566],[-74.790193,11.017619],[-74.790266,11.017676],[-74.790334,11.017743],[-74.790392,11.017815],[-74.79045,11.017887],[-74.790527,11.017939],[-74.79059,11.018006],[-74.790668,11.018064],[-74.790745,11.018121],[-74.79075,11.018125],[-74.790751,11.018126],[-74.790818,11.018179],[-74.79089,11.018241],[-74.790963,11.018298],[-74.791045,11.018341],[-74.791118,11.018403],[-74.791152,11.018466],[-74.791176,11.018468],[-74.791239,11.01854],[-74.791316,11.018597],[-74.791389,11.018655],[-74.791476,11.018703],[-74.791553,11.01876],[-74.791616,11.018827],[-74.791674,11.018903],[-74.791737,11.018975],[-74.79181,11.019033],[-74.791878,11.0191],[-74.791955,11.019152],[-74.792038,11.0192],[-74.79211,11.019258],[-74.792188,11.01932],[-74.792241,11.019396],[-74.792278,11.019479],[-74.79228,11.019482],[-74.792328,11.019564],[-74.792352,11.019655],[-74.792415,11.019722],[-74.792468,11.019798],[-74.792546,11.019851],[-74.792614,11.019913],[-74.792667,11.01999],[-74.792754,11.020018],[-74.792841,11.020052],[-74.792919,11.020109],[-74.793011,11.020128],[-74.793098,11.020162],[-74.793185,11.020195],[-74.793209,11.020286],[-74.793209,11.020291],[-74.793229,11.020387],[-74.793296,11.020449],[-74.79336,11.020486],[-74.793379,11.020497],[-74.793442,11.020568],[-74.793505,11.02064],[-74.793577,11.020698],[-74.793655,11.02075],[-74.793713,11.020822],[-74.793766,11.020899],[-74.793829,11.020966],[-74.793887,11.021047],[-74.793945,11.021119],[-74.794008,11.02119],[-74.794081,11.021257],[-74.794129,11.021339],[-74.794182,11.021415],[-74.794245,11.021482],[-74.794266,11.021517],[-74.794294,11.021564],[-74.794352,11.021635],[-74.79439,11.02165],[-74.794439,11.021669],[-74.794502,11.021741],[-74.79456,11.021812],[-74.794628,11.021879],[-74.794671,11.021961],[-74.794744,11.022018],[-74.794807,11.022085],[-74.79486,11.022162],[-74.794923,11.022229],[-74.795001,11.022281],[-74.795001,11.022286],[-74.795066,11.022347],[-74.795073,11.022353],[-74.795141,11.022415],[-74.795204,11.022482],[-74.795281,11.02254],[-74.795349,11.022602],[-74.795402,11.022678],[-74.795461,11.022755],[-74.795538,11.022812],[-74.795625,11.022851],[-74.795683,11.022927],[-74.795732,11.023009],[-74.795795,11.023076],[-74.795853,11.023147],[-74.795935,11.023195],[-74.796022,11.023229],[-74.796109,11.023267],[-74.796177,11.023329],[-74.796216,11.023415],[-74.796235,11.023506],[-74.796274,11.023592],[-74.796347,11.02365],[-74.796434,11.023678],[-74.796516,11.023731],[-74.796593,11.023788],[-74.796656,11.02386],[-74.796719,11.023932],[-74.796802,11.023975],[-74.796855,11.024056],[-74.796928,11.024114],[-74.79701,11.024166],[-74.797092,11.024224],[-74.797179,11.024257],[-74.797262,11.02431],[-74.79731,11.024391],[-74.797363,11.024468],[-74.79745,11.024506],[-74.797538,11.02454],[-74.797581,11.024621],[-74.797644,11.024693],[-74.797717,11.02475],[-74.797799,11.024793],[-74.797872,11.024851],[-74.79793,11.024922],[-74.797993,11.024989],[-74.798046,11.025071],[-74.798114,11.025133],[-74.798135,11.025186],[-74.798213,11.025206],[-74.798276,11.025278],[-74.798363,11.025321],[-74.798431,11.025383],[-74.798484,11.025464],[-74.798537,11.025541],[-74.79859,11.025617],[-74.798653,11.025689],[-74.798702,11.025775],[-74.798745,11.025857],[-74.798774,11.025943],[-74.798823,11.026024],[-74.798862,11.02611],[-74.798954,11.026129],[-74.799046,11.026134],[-74.799118,11.026192],[-74.799186,11.026259],[-74.799249,11.026326],[-74.799322,11.026388],[-74.799389,11.026455],[-74.799525,11.026579],[-74.799597,11.026637],[-74.79966,11.026704],[-74.799719,11.026775],[-74.799781,11.026842],[-74.79984,11.026924],[-74.799898,11.026995],[-74.799965,11.027058],[-74.800024,11.027134],[-74.800087,11.027206],[-74.800149,11.027273],[-74.800208,11.027349],[-74.800261,11.027426],[-74.800295,11.027512],[-74.800304,11.027603],[-74.800343,11.027689],[-74.800348,11.027699],[-74.800452,11.027904],[-74.800493,11.027986],[-74.800517,11.028024],[-74.800421,11.028148],[-74.800926,11.02872],[-74.801026,11.028832],[-74.801064,11.028799],[-74.801113,11.028832],[-74.801055,11.028885],[-74.801307,11.029186],[-74.801432,11.029105],[-74.801394,11.029053],[-74.801405,11.029045],[-74.801423,11.029033],[-74.80151,11.029091],[-74.801469,11.029154],[-74.801442,11.029196],[-74.801512,11.029254],[-74.802039,11.029693],[-74.802052,11.029703],[-74.802077,11.029678],[-74.802149,11.029608],[-74.802168,11.029627],[-74.802212,11.029675],[-74.802275,11.029742],[-74.802362,11.029775],[-74.802444,11.029823],[-74.802464,11.029823],[-74.802532,11.029852],[-74.802619,11.02988],[-74.802691,11.029938],[-74.802745,11.030014],[-74.802812,11.030081],[-74.802885,11.030139],[-74.802967,11.030186],[-74.802984,11.030195],[-74.802985,11.030196],[-74.80305,11.03023],[-74.803132,11.030277],[-74.803209,11.03033],[-74.803277,11.030397],[-74.803339,11.030429],[-74.803339,11.03043],[-74.80336,11.03044],[-74.803452,11.030464],[-74.803544,11.030488],[-74.803636,11.030521],[-74.803694,11.030593],[-74.803771,11.030646],[-74.803858,11.030679],[-74.803863,11.030679],[-74.80397,11.030742],[-74.804037,11.030804],[-74.804125,11.030842],[-74.804207,11.03089],[-74.804275,11.030952],[-74.804352,11.031005],[-74.804435,11.031048],[-74.804522,11.031091],[-74.804599,11.031143],[-74.804681,11.031191],[-74.804754,11.031253],[-74.804846,11.031282],[-74.804851,11.031282],[-74.804938,11.03132],[-74.80502,11.031368],[-74.805103,11.031416],[-74.805175,11.031474],[-74.805263,11.031502],[-74.80535,11.031541],[-74.805437,11.031579],[-74.805519,11.031622],[-74.805597,11.031679],[-74.805679,11.031722],[-74.805752,11.03178],[-74.805839,11.031818],[-74.805921,11.031861],[-74.806003,11.031904],[-74.806086,11.031952],[-74.806173,11.03199],[-74.806255,11.032033],[-74.806338,11.032076],[-74.80643,11.032105],[-74.806522,11.032115],[-74.806618,11.032119],[-74.806693,11.032163],[-74.806701,11.032167],[-74.806745,11.032202],[-74.806773,11.032225],[-74.806817,11.032311],[-74.80689,11.032368],[-74.806962,11.032426],[-74.80704,11.032478],[-74.807122,11.032531],[-74.807204,11.032579],[-74.807291,11.032617],[-74.807374,11.032665],[-74.807466,11.032684],[-74.80749,11.032775],[-74.807519,11.032811],[-74.807553,11.032785],[-74.807645,11.032804],[-74.807732,11.032856],[-74.807805,11.032914],[-74.807897,11.032942],[-74.807979,11.032985],[-74.808061,11.033029],[-74.808144,11.033076],[-74.808207,11.033143],[-74.808289,11.033186],[-74.808376,11.033215],[-74.808463,11.033253],[-74.808546,11.033296],[-74.808633,11.033335],[-74.808725,11.033354],[-74.808793,11.033416],[-74.808875,11.033464],[-74.808957,11.033507],[-74.809049,11.033507],[-74.809136,11.033541],[-74.809223,11.033569],[-74.809291,11.033636],[-74.809383,11.033665],[-74.809475,11.033689],[-74.809543,11.033751],[-74.809635,11.03377],[-74.80965,11.033861],[-74.809703,11.033938],[-74.809785,11.033981],[-74.809872,11.034024],[-74.809959,11.034057],[-74.810042,11.0341],[-74.810129,11.034134],[-74.810211,11.034177],[-74.810298,11.034225],[-74.810309,11.034229],[-74.810386,11.034258],[-74.810473,11.034296],[-74.810565,11.034354],[-74.810798,11.034467],[-74.810831,11.034483],[-74.810909,11.034536],[-74.810941,11.034573],[-74.810947,11.03456],[-74.811034,11.034588],[-74.811112,11.034646],[-74.811185,11.034703],[-74.811267,11.034746],[-74.811359,11.034756],[-74.811407,11.034837],[-74.811494,11.034875],[-74.811577,11.034918],[-74.811659,11.034966],[-74.811732,11.035024],[-74.811809,11.035076],[-74.811892,11.035124],[-74.811979,11.035162],[-74.812061,11.035205],[-74.812143,11.035268],[-74.812211,11.03533],[-74.812293,11.035373],[-74.812376,11.035421],[-74.812463,11.035454],[-74.81255,11.035488],[-74.812637,11.035521],[-74.812724,11.035564],[-74.812812,11.035593],[-74.812899,11.035636],[-74.812981,11.035679],[-74.813068,11.035713],[-74.81316,11.035737],[-74.813247,11.035775],[-74.81333,11.035818],[-74.813412,11.035871],[-74.813485,11.035928],[-74.813567,11.035971],[-74.813654,11.036],[-74.813741,11.036038],[-74.8138,11.036067],[-74.813828,11.036081],[-74.813916,11.036119],[-74.813993,11.036177],[-74.814061,11.036205],[-74.814182,11.036249],[-74.814255,11.036349],[-74.814261,11.036356],[-74.814322,11.036426],[-74.81439,11.036502],[-74.815112,11.037052],[-74.815722,11.037579],[-74.816463,11.038105],[-74.816536,11.038024],[-74.81654,11.038019],[-74.816665,11.038116],[-74.816845,11.038258],[-74.81685,11.038252],[-74.816918,11.038177],[-74.816992,11.038215],[-74.817082,11.038263],[-74.817053,11.038325],[-74.817257,11.038468],[-74.817348,11.038412],[-74.817412,11.038373],[-74.817451,11.038468],[-74.817446,11.038477],[-74.817397,11.038569],[-74.817924,11.038879],[-74.8183,11.0391],[-74.818301,11.039099],[-74.81835,11.039018],[-74.818422,11.039075],[-74.818495,11.039138],[-74.818567,11.0392],[-74.81863,11.039271],[-74.818684,11.039348],[-74.818747,11.03942],[-74.81881,11.039487],[-74.818853,11.039568],[-74.818873,11.039585],[-74.818926,11.03963],[-74.819008,11.039683],[-74.819086,11.039736],[-74.819163,11.039788],[-74.819245,11.039831],[-74.819251,11.039835],[-74.819333,11.039879],[-74.81941,11.039932],[-74.819492,11.039984],[-74.81957,11.040042],[-74.819589,11.040133],[-74.819628,11.040224],[-74.819672,11.040305],[-74.819705,11.040391],[-74.819704,11.040393],[-74.819662,11.040472],[-74.819589,11.04053],[-74.819584,11.040621],[-74.819638,11.040702],[-74.81972,11.04075],[-74.819807,11.040721],[-74.81988,11.040783],[-74.819948,11.040845],[-74.820035,11.040817],[-74.820132,11.040812],[-74.820199,11.040874],[-74.820272,11.040936],[-74.82033,11.041008],[-74.820378,11.041089],[-74.820417,11.041176],[-74.820509,11.041156],[-74.820592,11.041113],[-74.820597,11.041114],[-74.820684,11.041118],[-74.820771,11.041161],[-74.820836,11.041205],[-74.820836,11.041206],[-74.820848,11.041214],[-74.820855,11.041213],[-74.820911,11.041204],[-74.820945,11.041199],[-74.821037,11.041223],[-74.821129,11.041243],[-74.821216,11.041271],[-74.821284,11.041338],[-74.821371,11.041367],[-74.821436,11.041374],[-74.821463,11.041377],[-74.82155,11.041405],[-74.821638,11.041434],[-74.82173,11.041472],[-74.821822,11.041496],[-74.821914,11.041506],[-74.822001,11.041539],[-74.822088,11.041582],[-74.82218,11.041606],[-74.822267,11.041644],[-74.822354,11.041678],[-74.822451,11.041702],[-74.822538,11.041731],[-74.822587,11.041769],[-74.822621,11.041774],[-74.822684,11.041841],[-74.822756,11.041903],[-74.822848,11.041927],[-74.822915,11.041944],[-74.82294,11.041951],[-74.823032,11.04197],[-74.823124,11.041989],[-74.823131,11.041995],[-74.823192,11.042051],[-74.823274,11.042094],[-74.823357,11.042142],[-74.823439,11.04219],[-74.823531,11.042199],[-74.823618,11.042233],[-74.823676,11.042309],[-74.82373,11.042391],[-74.823773,11.042477],[-74.823792,11.042515],[-74.823817,11.042563],[-74.823851,11.042649],[-74.823918,11.042721],[-74.823957,11.042807],[-74.823986,11.042893],[-74.824054,11.042955],[-74.824146,11.042931],[-74.824185,11.042845],[-74.824248,11.042778],[-74.82428,11.042749],[-74.82429,11.04274],[-74.824315,11.042716],[-74.824349,11.04263],[-74.824446,11.042635],[-74.825114,11.042946],[-74.825114,11.042951],[-74.825081,11.042994],[-74.825144,11.043027],[-74.825168,11.042955],[-74.825211,11.04297],[-74.825294,11.043013],[-74.825381,11.043051],[-74.825429,11.043132],[-74.825473,11.043166],[-74.825521,11.043118],[-74.825589,11.04318],[-74.825637,11.043261],[-74.825662,11.043352],[-74.825744,11.0434],[-74.825831,11.043438],[-74.825899,11.043505],[-74.825981,11.043553],[-74.826054,11.043611],[-74.826131,11.043663],[-74.826219,11.043692],[-74.826296,11.043745],[-74.826364,11.043807],[-74.826422,11.043879],[-74.826504,11.043931],[-74.826556,11.043982],[-74.826572,11.043998],[-74.82662,11.04408],[-74.826683,11.044146],[-74.826742,11.044233],[-74.826824,11.044285],[-74.826906,11.044328],[-74.826998,11.044371],[-74.827071,11.044429],[-74.827124,11.044505],[-74.827197,11.044563],[-74.827269,11.04462],[-74.827321,11.044668],[-74.827337,11.044682],[-74.827369,11.044708],[-74.82741,11.04474],[-74.827473,11.044807],[-74.827545,11.044864],[-74.827613,11.044907],[-74.827633,11.044907],[-74.827705,11.044965],[-74.827788,11.045012],[-74.827875,11.045046],[-74.827962,11.045084],[-74.828017,11.045128],[-74.828035,11.045142],[-74.828048,11.045148],[-74.828117,11.045185],[-74.828167,11.045217],[-74.828187,11.045229],[-74.82819,11.045232],[-74.828192,11.045232],[-74.828243,11.045176],[-74.828429,11.04497],[-74.828165,11.044685],[-74.829118,11.04394],[-74.829321,11.044061],[-74.829399,11.044106],[-74.829403,11.044108],[-74.82948,11.044171],[-74.829568,11.044204],[-74.82966,11.044204],[-74.829752,11.044195],[-74.829839,11.044166],[-74.829907,11.044104],[-74.829931,11.044013],[-74.829868,11.043936],[-74.829815,11.04386],[-74.829902,11.043888],[-74.829974,11.043946],[-74.830042,11.043879],[-74.830115,11.043817],[-74.830149,11.043731],[-74.830146,11.043719],[-74.830125,11.04364],[-74.830057,11.043577],[-74.830033,11.043482],[-74.830013,11.043391],[-74.830028,11.043295],[-74.830018,11.043204],[-74.830013,11.043113],[-74.830003,11.043023],[-74.830003,11.042932],[-74.830052,11.04285],[-74.830065,11.042848],[-74.830066,11.042836],[-74.830125,11.042764],[-74.830187,11.042831],[-74.830202,11.04274],[-74.830134,11.042678],[-74.830076,11.042597],[-74.830023,11.042515],[-74.829945,11.042463],[-74.829873,11.042405],[-74.829829,11.042319],[-74.829824,11.042228],[-74.82979,11.042138],[-74.829737,11.042056],[-74.829684,11.041975],[-74.829611,11.041913],[-74.829524,11.041879],[-74.82949,11.041793],[-74.829524,11.041707],[-74.829524,11.041616],[-74.829514,11.04152],[-74.829534,11.04143],[-74.829587,11.041353],[-74.829655,11.041281],[-74.829727,11.041219],[-74.829771,11.041138],[-74.829824,11.041052],[-74.829892,11.040989],[-74.829984,11.04097],[-74.830076,11.04097],[-74.830173,11.040985],[-74.830265,11.040989],[-74.830357,11.040989],[-74.830449,11.040975],[-74.830546,11.040961],[-74.830648,11.040951],[-74.83074,11.040951],[-74.830778,11.040925],[-74.830787,11.040877],[-74.830808,11.040795],[-74.830825,11.04076],[-74.830831,11.040725],[-74.83082,11.040689],[-74.830796,11.040651],[-74.830767,11.040623],[-74.830719,11.040618],[-74.830636,11.040603],[-74.830561,11.040591],[-74.830416,11.04057],[-74.830346,11.040562],[-74.83034,11.040561],[-74.830264,11.04055],[-74.830197,11.040542],[-74.830152,11.040527],[-74.830113,11.040509],[-74.830086,11.040491],[-74.830067,11.040477],[-74.830034,11.040451],[-74.829969,11.040394],[-74.82991,11.040343],[-74.829882,11.040324],[-74.829843,11.040292],[-74.829786,11.040251],[-74.829732,11.040206],[-74.829715,11.040181],[-74.829685,11.040141],[-74.829616,11.040045],[-74.82956,11.039964],[-74.82954,11.039935],[-74.829507,11.039888],[-74.829444,11.039791],[-74.829407,11.039737],[-74.829367,11.039682],[-74.82932,11.039636],[-74.829287,11.039603],[-74.829272,11.03959],[-74.829209,11.039536],[-74.829142,11.039477],[-74.829071,11.039414],[-74.829013,11.039359],[-74.828972,11.039308],[-74.828948,11.039264],[-74.828911,11.039183],[-74.828864,11.039086],[-74.82884,11.039038],[-74.828747,11.038854],[-74.828639,11.038676],[-74.828569,11.038565],[-74.828546,11.03852],[-74.828497,11.038423],[-74.82842536846556,11.038292830867503],[-74.828449,11.03828],[-74.828974,11.038003],[-74.829519,11.03773],[-74.830044,11.037442],[-74.830192,11.037361],[-74.830885,11.036976],[-74.83162,11.036569],[-74.832674,11.03594],[-74.832893,11.035818],[-74.833611,11.035379],[-74.834049,11.03512],[-74.83453,11.034839],[-74.834744,11.034722],[-74.834956,11.034641],[-74.835229,11.034572],[-74.835579,11.034534],[-74.835976,11.034532],[-74.836081,11.034532],[-74.83674,11.034534],[-74.837138,11.034501],[-74.837426,11.03443],[-74.837721,11.034315],[-74.838037,11.034139],[-74.838332,11.033906],[-74.838565,11.03367],[-74.83877,11.033452],[-74.839098,11.033107],[-74.839374,11.032864],[-74.839727,11.032643],[-74.840043,11.032493],[-74.840324,11.032395],[-74.8407,11.032295],[-74.841542,11.032067],[-74.842042,11.031931],[-74.842848,11.031722],[-74.843408,11.031562],[-74.84406,11.031392],[-74.844319,11.031324],[-74.845268,11.031072],[-74.846303,11.030794],[-74.847072,11.030584],[-74.847924,11.030361],[-74.848752,11.030137],[-74.849316,11.029987],[-74.850011,11.029851],[-74.850315,11.029815],[-74.850851,11.029809],[-74.851707,11.029847],[-74.852621,11.029901],[-74.853477,11.02997],[-74.853536,11.029985],[-74.854776,11.030258],[-74.855583,11.030455],[-74.856112,11.030585],[-74.856132,11.030589],[-74.85617,11.030598],[-74.85625502348255,11.030617748730663],[-74.855673,11.032524],[-74.858122,11.033282],[-74.858123,11.033282],[-74.85821,11.033248],[-74.858263,11.033172],[-74.858351,11.033143],[-74.858438,11.033105],[-74.85852,11.033057],[-74.858578,11.032976],[-74.858651,11.032913],[-74.858733,11.032861],[-74.858815,11.032808],[-74.858912,11.032813],[-74.858999,11.032784],[-74.859091,11.032789],[-74.859154,11.032856],[-74.859246,11.032866],[-74.859343,11.032866],[-74.85944,11.03288],[-74.859527,11.032909],[-74.859619,11.032942],[-74.859716,11.032966],[-74.859803,11.032932],[-74.859881,11.03288],[-74.859963,11.032837],[-74.860021,11.03276],[-74.860089,11.032698],[-74.860181,11.032698],[-74.860268,11.032727],[-74.860355,11.03276],[-74.860452,11.032789],[-74.860534,11.032837],[-74.860612,11.032889],[-74.860685,11.032947],[-74.860752,11.033009],[-74.860844,11.033033],[-74.860912,11.0331],[-74.86098,11.033162],[-74.861043,11.033239],[-74.86112,11.033291],[-74.861179,11.033372],[-74.861271,11.033382],[-74.861363,11.033358],[-74.861639,11.033358],[-74.861726,11.033396],[-74.861798,11.033459],[-74.861847,11.03354],[-74.861886,11.033626],[-74.861915,11.033712],[-74.862002,11.03375],[-74.862065,11.033817],[-74.862089,11.033908],[-74.86207,11.033999],[-74.861978,11.034042],[-74.861895,11.03409],[-74.861842,11.034166],[-74.86175,11.034167],[-74.861658,11.034186],[-74.861576,11.034243],[-74.861518,11.034315],[-74.861489,11.034401],[-74.861416,11.034458],[-74.861372,11.03454],[-74.861285,11.034578],[-74.861193,11.034602],[-74.861116,11.034655],[-74.861077,11.034741],[-74.861014,11.034808],[-74.860927,11.034851],[-74.860854,11.034908],[-74.860767,11.034942],[-74.860731,11.034953],[-74.86069,11.035013],[-74.860598,11.035037],[-74.860501,11.035066],[-74.860409,11.035095],[-74.860307,11.035119],[-74.860215,11.035114],[-74.860118,11.035109],[-74.860041,11.035056],[-74.859954,11.035028],[-74.859866,11.035061],[-74.859794,11.035119],[-74.859721,11.035176],[-74.859668,11.035257],[-74.859634,11.035344],[-74.859552,11.035396],[-74.859464,11.035425],[-74.859372,11.035463],[-74.859276,11.035492],[-74.859179,11.035521],[-74.859092,11.035549],[-74.858995,11.035564],[-74.858903,11.035564],[-74.858811,11.035549],[-74.858714,11.035525],[-74.858622,11.035482],[-74.858544,11.03543],[-74.858462,11.035382],[-74.85837,11.035363],[-74.858283,11.035391],[-74.858201,11.035444],[-74.858123,11.035501],[-74.858041,11.035545],[-74.857973,11.035607],[-74.857934,11.035693],[-74.857992,11.035765],[-74.858075,11.035712],[-74.858157,11.035669],[-74.858239,11.035717],[-74.858254,11.035741],[-74.858307,11.035779],[-74.858336,11.035865],[-74.858414,11.035918],[-74.858443,11.036004],[-74.858385,11.036076],[-74.858293,11.03609],[-74.858322,11.036176],[-74.858375,11.036262],[-74.858414,11.036353],[-74.858496,11.036406],[-74.858588,11.036396],[-74.858653,11.036417],[-74.85867,11.036406],[-74.858758,11.036377],[-74.858792,11.036364],[-74.858811,11.036329],[-74.858859,11.036248],[-74.858934,11.036197],[-74.858934,11.036195],[-74.858956,11.036171],[-74.859009,11.036128],[-74.859097,11.036166],[-74.859121,11.036262],[-74.859179,11.036339],[-74.859251,11.036401],[-74.859348,11.036439],[-74.859436,11.036487],[-74.859523,11.036516],[-74.859615,11.036511],[-74.859678,11.036444],[-74.859716,11.036358],[-74.85975,11.036272],[-74.859837,11.036243],[-74.859929,11.036233],[-74.859944,11.036142],[-74.860002,11.036071],[-74.860094,11.036056],[-74.860186,11.036037],[-74.860278,11.036032],[-74.860365,11.036061],[-74.860448,11.036109],[-74.86053,11.036152],[-74.860612,11.036195],[-74.860685,11.036252],[-74.860782,11.036248],[-74.86084,11.036176],[-74.860869,11.03609],[-74.860908,11.036004],[-74.860961,11.035922],[-74.861033,11.03586],[-74.86113,11.035855],[-74.861222,11.03586],[-74.861314,11.035874],[-74.861406,11.035898],[-74.861484,11.035951],[-74.861547,11.036023],[-74.861634,11.035994],[-74.861707,11.035937],[-74.861789,11.03598],[-74.861876,11.035946],[-74.861963,11.03598],[-74.862109,11.036094],[-74.862171,11.036161],[-74.862201,11.036247],[-74.862268,11.03631],[-74.862274,11.036317],[-74.862322,11.036324],[-74.862409,11.036353],[-74.862501,11.036329],[-74.862593,11.036329],[-74.862578,11.03642],[-74.862603,11.03651],[-74.862656,11.036592],[-74.862699,11.036683],[-74.862782,11.036735],[-74.862845,11.036802],[-74.862908,11.036874],[-74.863,11.036888],[-74.863092,11.036907],[-74.863169,11.036965],[-74.863227,11.037037],[-74.863266,11.037123],[-74.863358,11.037161],[-74.863445,11.037199],[-74.863503,11.037276],[-74.863595,11.037295],[-74.863682,11.037343],[-74.863707,11.037438],[-74.863712,11.037529],[-74.863804,11.037563],[-74.863896,11.037568],[-74.863973,11.03763],[-74.864055,11.037673],[-74.864147,11.037716],[-74.864196,11.037797],[-74.864288,11.037816],[-74.864365,11.037759],[-74.864433,11.037697],[-74.864515,11.037654],[-74.864607,11.03762],[-74.86469,11.037663],[-74.864782,11.03763],[-74.864859,11.037567],[-74.865076,11.037511],[-74.865188,11.037483],[-74.866391,11.038038],[-74.867599,11.038494],[-74.867998,11.037765],[-74.868855,11.0381],[-74.868788,11.038232],[-74.869121,11.038388],[-74.869952,11.037228],[-74.871056,11.036126],[-74.871473,11.035696],[-74.871921,11.035173],[-74.872236,11.034807],[-74.872339,11.034682],[-74.872437,11.034563],[-74.872479,11.034513],[-74.872483,11.0345],[-74.872512,11.034429],[-74.87252738461537,11.034395346153877],[-74.872472,11.034584],[-74.872398,11.034796],[-74.872339,11.034965],[-74.872224,11.035196],[-74.872091,11.035503],[-74.872025,11.035653],[-74.871939,11.035865],[-74.871904,11.035959],[-74.871851,11.036103],[-74.871775,11.036241],[-74.871741,11.036343],[-74.871713,11.036407],[-74.871651,11.03659],[-74.871615,11.036714],[-74.871589,11.036795],[-74.871501,11.036995],[-74.871468,11.037116],[-74.87143,11.037185],[-74.871407,11.03723],[-74.871356,11.037333],[-74.871304,11.037449],[-74.87118,11.037759],[-74.871037,11.038132],[-74.870951,11.038337],[-74.870856,11.03858],[-74.870787,11.038765],[-74.870759,11.038898],[-74.87073,11.039034],[-74.870628,11.039512],[-74.870609,11.039772],[-74.870613,11.039867],[-74.870637,11.039962],[-74.870666,11.040031],[-74.870799,11.04019],[-74.870944,11.0404],[-74.87112,11.040612],[-74.87118,11.040702],[-74.871258,11.04094],[-74.871299,11.041114],[-74.871384,11.041295],[-74.871444,11.041416],[-74.871515,11.04154],[-74.871544,11.041582],[-74.871546,11.041632],[-74.871561,11.041738],[-74.871586,11.041871],[-74.871618,11.041935],[-74.871638,11.041991],[-74.871656,11.042057],[-74.871665,11.042135],[-74.871655,11.042214],[-74.871629,11.042294],[-74.871592,11.042379],[-74.871515,11.042466],[-74.871452,11.042522],[-74.871368,11.042586],[-74.871221,11.042676],[-74.870902,11.042868],[-74.870705,11.042973],[-74.870644,11.043013],[-74.870578,11.043067],[-74.870497,11.043129],[-74.870448,11.043185],[-74.870391,11.043263],[-74.87035,11.043324],[-74.870326,11.043389],[-74.870313,11.043443],[-74.870291,11.04355],[-74.870263,11.0437],[-74.870228,11.04378],[-74.870278,11.043794],[-74.870311,11.043803],[-74.870312,11.043803],[-74.87039,11.043867],[-74.870573,11.043867],[-74.870658,11.043971],[-74.870625,11.044106],[-74.870567,11.044151],[-74.870508,11.044197],[-74.870475,11.044242],[-74.870534,11.04432],[-74.87056,11.044384],[-74.870541,11.044444],[-74.870527,11.044488],[-74.870521,11.044497],[-74.870423,11.044643],[-74.870344,11.044774],[-74.870338,11.044785],[-74.870355,11.044804],[-74.87039,11.044843],[-74.870475,11.044856],[-74.870408,11.044989],[-74.870403,11.044998],[-74.870372,11.045037],[-74.870259,11.045179],[-74.870194,11.045354],[-74.870128,11.045489],[-74.870089,11.045542],[-74.870042,11.045604],[-74.869978,11.04569],[-74.869968,11.045732],[-74.8699,11.046027],[-74.869893,11.046058],[-74.869881,11.046149],[-74.86986,11.04631],[-74.869939,11.046355],[-74.870093,11.046439],[-74.870155,11.046472],[-74.870338,11.046472],[-74.870531,11.046364],[-74.870543,11.046358],[-74.870547,11.046355],[-74.870584,11.046358],[-74.87075,11.046368],[-74.870763,11.046372],[-74.870837,11.04639],[-74.870894,11.046405],[-74.870953,11.04642],[-74.870958,11.046475],[-74.870959,11.046485],[-74.870972,11.046477],[-74.871123,11.046381],[-74.871131,11.046384],[-74.871199,11.046404],[-74.871254,11.04642],[-74.871266,11.046536],[-74.871267,11.046549],[-74.871339,11.046633],[-74.871417,11.046725],[-74.871444,11.046756],[-74.871521,11.046893],[-74.871561,11.046963],[-74.871576,11.046976],[-74.871659,11.047053],[-74.871771,11.047105],[-74.872013,11.047047],[-74.872026,11.047033],[-74.87207,11.046986],[-74.872104,11.04695],[-74.872117,11.046808],[-74.872137,11.046708],[-74.872153,11.046628],[-74.872163,11.046575],[-74.872188,11.046533],[-74.872235,11.046452],[-74.872261,11.04629],[-74.872284,11.046263],[-74.872318,11.046221],[-74.87234,11.046194],[-74.87234,11.046051],[-74.872305,11.045997],[-74.872294,11.04598],[-74.8723,11.045941],[-74.872302,11.045931],[-74.87232,11.045819],[-74.872418,11.045722],[-74.87249,11.045638],[-74.872542,11.045541],[-74.872563,11.045465],[-74.872569,11.045444],[-74.872617,11.045399],[-74.872693,11.045327],[-74.872719,11.045317],[-74.872771,11.045295],[-74.872828,11.045433],[-74.872855,11.045497],[-74.872857,11.045502],[-74.872862,11.045504],[-74.872943,11.04553],[-74.872955,11.045534],[-74.873033,11.045618],[-74.873033,11.045844],[-74.873032,11.045877],[-74.873027,11.046058],[-74.872931,11.046207],[-74.872902,11.046252],[-74.872887,11.046273],[-74.872745,11.046471],[-74.872609,11.046596],[-74.872434,11.046757],[-74.872386,11.046801],[-74.872373,11.046995],[-74.872403,11.047048],[-74.872439,11.047081],[-74.872434,11.047078],[-74.872433,11.04708],[-74.872146,11.047277],[-74.872523,11.047517],[-74.872832,11.047275],[-74.873119,11.047034],[-74.873252,11.047121],[-74.873253,11.047296],[-74.873165,11.047449],[-74.873054,11.047493],[-74.872944,11.047647],[-74.872723,11.047713],[-74.872724,11.047953],[-74.872547,11.048107],[-74.872437,11.048304],[-74.872658,11.048303],[-74.872835,11.048259],[-74.873034,11.048193],[-74.873277,11.048105],[-74.873639,11.047935],[-74.873748,11.048153],[-74.873702,11.048274],[-74.873851,11.048208],[-74.873943,11.04818],[-74.874028,11.048154],[-74.874289,11.048113],[-74.874561,11.04808],[-74.874797,11.048023],[-74.874952,11.047985],[-74.875221,11.047957],[-74.875344,11.047927],[-74.87557,11.047835],[-74.875805,11.047758],[-74.876064,11.047698],[-74.87622,11.04765],[-74.876397,11.047595],[-74.876673,11.04751],[-74.876934,11.04742],[-74.877078,11.047372],[-74.877291,11.047305],[-74.877534,11.047232],[-74.877749,11.047168],[-74.877906,11.047103],[-74.878057,11.047035],[-74.878211,11.046941],[-74.878322,11.046852],[-74.878525,11.04673],[-74.878818,11.046604],[-74.879015,11.04651],[-74.879201,11.04641],[-74.879434,11.046304],[-74.879531,11.046252],[-74.879729,11.04615],[-74.879935,11.046048],[-74.880102,11.04596],[-74.880195,11.0459],[-74.880356,11.045806],[-74.880516,11.045669],[-74.880667,11.045601],[-74.880876,11.045496],[-74.881034,11.04542],[-74.881196,11.045315],[-74.881427,11.0452],[-74.881593,11.045133],[-74.8818,11.045049],[-74.881984,11.04498],[-74.882188,11.044907],[-74.882298,11.04488],[-74.882471,11.044834],[-74.882663,11.044763],[-74.882958,11.044679],[-74.883079,11.044658],[-74.883293,11.044607],[-74.883388,11.044587],[-74.883608,11.044539],[-74.883756,11.044508],[-74.883908,11.044472],[-74.884126,11.044441],[-74.884238,11.044426],[-74.884378,11.044395],[-74.884562,11.044344],[-74.88487,11.044328],[-74.885129,11.044294],[-74.885361,11.044243],[-74.885525,11.044229],[-74.885703,11.044233],[-74.88585,11.044223],[-74.885959,11.044207],[-74.88626,11.044199],[-74.886288,11.044201],[-74.886393,11.044206],[-74.88656,11.044162],[-74.886659,11.044169],[-74.886804,11.04418],[-74.88726,11.0442],[-74.887383,11.044235],[-74.887463,11.044217],[-74.887534,11.044196],[-74.88784,11.044078],[-74.888375,11.04398],[-74.888652,11.043889],[-74.889115,11.043939],[-74.889199,11.043948],[-74.889245,11.043951],[-74.889689,11.044012],[-74.889989,11.043988],[-74.891553,11.043627],[-74.892347,11.043523],[-74.892495,11.043491],[-74.892996,11.043381],[-74.893579,11.043236],[-74.893667,11.043214],[-74.894311,11.043213],[-74.895102,11.043286],[-74.895991,11.043413],[-74.896836,11.043389],[-74.897139,11.043383],[-74.897424,11.043367],[-74.897659,11.043307],[-74.897929,11.043227],[-74.898194,11.043171],[-74.898403,11.043171],[-74.89846,11.043163],[-74.898965,11.043093],[-74.89964,11.043037],[-74.900129,11.043039],[-74.9007,11.043042],[-74.901015,11.04303],[-74.901117,11.043051],[-74.901233,11.043033],[-74.901544,11.043069],[-74.901652,11.043081],[-74.901837,11.0431],[-74.901963,11.043111],[-74.90217,11.0431],[-74.902354,11.043096],[-74.902515,11.043099],[-74.902676,11.043114],[-74.903065,11.043163],[-74.903269,11.043187],[-74.9034,11.043204],[-74.903509,11.043227],[-74.903563,11.043242],[-74.903826,11.043281],[-74.903982,11.043307],[-74.904097,11.043336],[-74.904205,11.043366],[-74.904296,11.043396],[-74.904423,11.043448],[-74.904624,11.043537],[-74.904726,11.043555],[-74.904822,11.043573],[-74.904966,11.043612],[-74.905111,11.043645],[-74.905261,11.043684],[-74.905387,11.043713],[-74.905544,11.043751],[-74.905756,11.043828],[-74.906089,11.043956],[-74.906156,11.043994],[-74.906217,11.04402],[-74.906325,11.044055],[-74.906433,11.044072],[-74.906557,11.04406],[-74.906651,11.044049],[-74.906829,11.044039],[-74.90699,11.044054],[-74.907174,11.044056],[-74.907575,11.044022],[-74.907699,11.044015],[-74.907853,11.044013],[-74.907942,11.044008],[-74.908126,11.04401],[-74.908321,11.044011],[-74.908488,11.044014],[-74.908649,11.044034],[-74.908827,11.044054],[-74.909282,11.044129],[-74.909342,11.044143],[-74.909461,11.044166],[-74.909646,11.044191],[-74.909819,11.044217],[-74.909945,11.044245],[-74.9105,11.044438],[-74.910621,11.044484],[-74.910681,11.044504],[-74.910849,11.044542],[-74.91116,11.044612],[-74.911175,11.044617],[-74.911299,11.044658],[-74.911485,11.044718],[-74.91204,11.044799],[-74.912171,11.044815],[-74.912284,11.044832],[-74.912568,11.04484],[-74.912681,11.044846],[-74.912942,11.044872],[-74.913072,11.044865],[-74.913319,11.04484],[-74.913519,11.044818],[-74.913623,11.044788],[-74.914053,11.044753],[-74.91447,11.044818],[-74.914872,11.044831],[-74.915183,11.044797],[-74.915621,11.044814],[-74.915732,11.044802],[-74.915744,11.044803],[-74.915965,11.044941],[-74.916047,11.04495],[-74.916149,11.044979],[-74.916164,11.044987],[-74.916239,11.045027],[-74.916425,11.045108],[-74.916545,11.045129],[-74.916577,11.045132],[-74.916618,11.045136],[-74.916696,11.045143],[-74.916767,11.045144],[-74.916771,11.045144],[-74.916799,11.045145],[-74.916855,11.045148],[-74.916869,11.045149],[-74.916892,11.045151],[-74.916911,11.045152],[-74.916992,11.045171],[-74.917048,11.045185],[-74.917064,11.045196],[-74.917074,11.04521],[-74.917137,11.045239],[-74.917223,11.04531],[-74.917277,11.045382],[-74.917331,11.04545],[-74.917405,11.045486],[-74.917406,11.045486],[-74.917467,11.045521],[-74.917557,11.045521],[-74.917687,11.045498],[-74.917714,11.045498],[-74.917875,11.045503],[-74.917887,11.045504],[-74.918,11.04552],[-74.918181,11.045545],[-74.91825,11.045556],[-74.918291,11.045563],[-74.918294,11.045563],[-74.918413,11.045587],[-74.918511,11.045587],[-74.91861,11.045542],[-74.918714,11.045533],[-74.918859,11.045545],[-74.918993,11.04559],[-74.919261,11.045583],[-74.919317,11.045581],[-74.919597,11.045602],[-74.91988,11.045673],[-74.920025,11.04568],[-74.920082,11.045683],[-74.920114,11.045685],[-74.920302,11.045694],[-74.920671,11.045682],[-74.920772,11.045664],[-74.920821,11.045656],[-74.920858,11.045649],[-74.920965,11.045632],[-74.92099,11.045625],[-74.920995,11.045624],[-74.921132,11.04559],[-74.921133,11.045589],[-74.921136,11.045588],[-74.921137,11.045587],[-74.921142,11.045585],[-74.921289,11.045504],[-74.921425,11.045379],[-74.921442,11.045364],[-74.921468,11.045339],[-74.921471,11.045337],[-74.921512,11.045298],[-74.921657,11.045117],[-74.921774,11.044968],[-74.921935,11.04468],[-74.921977,11.04445],[-74.921979,11.044436],[-74.921959,11.044209],[-74.921954,11.044161],[-74.921941,11.044016],[-74.922021,11.043773],[-74.922104,11.043707],[-74.9221,11.043287],[-74.922098,11.043184],[-74.92218,11.04301],[-74.922189,11.042992],[-74.922197,11.042975],[-74.922197,11.042929],[-74.922199,11.042583],[-74.922203,11.042116],[-74.922206,11.042014],[-74.922208,11.041974],[-74.922208,11.041964],[-74.922211,11.041836],[-74.922212,11.041829],[-74.922223,11.041741],[-74.922302,11.041613],[-74.92231,11.041601],[-74.922316,11.041545],[-74.922319,11.041517],[-74.922321,11.041496],[-74.922333,11.041387],[-74.922342,11.041351],[-74.922348,11.041325],[-74.922375,11.041212],[-74.92241,11.040982],[-74.922414,11.040956],[-74.922413,11.040867],[-74.922412,11.040845],[-74.922411,11.040787],[-74.922411,11.040727],[-74.922428,11.040729],[-74.92243,11.040717],[-74.922459,11.040512],[-74.922478,11.040318],[-74.922485,11.04023],[-74.922485,11.040107],[-74.922467,11.039991],[-74.922457,11.039915],[-74.922444,11.039875],[-74.922403,11.039778],[-74.922363,11.039692],[-74.922307,11.039594],[-74.922305,11.03959],[-74.922248,11.039511],[-74.922154,11.039423],[-74.922089,11.039298],[-74.922075,11.039257],[-74.922075,11.03914],[-74.922066,11.039082],[-74.92204,11.038926],[-74.922032,11.038891],[-74.92201,11.038798],[-74.921979,11.038665],[-74.921955,11.038544],[-74.921947,11.038477],[-74.921597,11.038271],[-74.921561,11.038143],[-74.921483,11.03797],[-74.921226,11.037597],[-74.921128,11.03752],[-74.921003,11.037374],[-74.92088,11.03723],[-74.920829,11.037171],[-74.920785,11.037105],[-74.920719,11.036995],[-74.920692,11.036861],[-74.920661,11.036641],[-74.920651,11.03662],[-74.920573,11.036513],[-74.92049,11.0364],[-74.920419,11.03629],[-74.920365,11.036165],[-74.920362,11.036157],[-74.920321,11.036029],[-74.920264,11.035805],[-74.920234,11.035258],[-74.920229,11.035081],[-74.920167,11.03507],[-74.920152,11.035067],[-74.920105,11.035072],[-74.92008,11.03509],[-74.920045,11.03508],[-74.920026,11.03508],[-74.920026,11.035032],[-74.920038,11.034892],[-74.920148,11.034583],[-74.920144,11.034444],[-74.920146,11.034358],[-74.920149,11.034278],[-74.920168,11.034168],[-74.920168,11.034095],[-74.920159,11.034004],[-74.920163,11.033922],[-74.920184,11.033825],[-74.920189,11.03372],[-74.920197,11.033627],[-74.920206,11.033549],[-74.920231,11.033422],[-74.920261,11.033207],[-74.920288,11.032972],[-74.920348,11.032746],[-74.920357,11.032686],[-74.920371,11.032591],[-74.920371,11.032475],[-74.920377,11.032356],[-74.920398,11.032279],[-74.920428,11.032166],[-74.92058,11.031684],[-74.920675,11.031345],[-74.92068,11.031329],[-74.920742,11.031142],[-74.920761,11.031083],[-74.920898,11.030839],[-74.92101,11.030683],[-74.921082,11.030646],[-74.921143,11.030612],[-74.921229,11.030534],[-74.921288,11.03041],[-74.921304,11.030361],[-74.921316,11.030259],[-74.921359,11.029943],[-74.921414,11.029793],[-74.921512,11.029617],[-74.921535,11.029565],[-74.921352,11.029505],[-74.921424,11.029338],[-74.921498,11.029106],[-74.921546,11.028963],[-74.921635,11.028788],[-74.921686,11.028782],[-74.921772,11.028761],[-74.922161,11.028293],[-74.922168,11.028244],[-74.9222,11.028134],[-74.922239,11.028077],[-74.922313,11.027985],[-74.922406,11.027934],[-74.922492,11.027896],[-74.922596,11.027824],[-74.922676,11.027717],[-74.92289,11.027455],[-74.923227,11.027116],[-74.923506,11.026926],[-74.923649,11.026722],[-74.9237,11.026705],[-74.923709,11.026702],[-74.9246,11.026008],[-74.924583,11.025962],[-74.924725,11.02586],[-74.924925,11.025724],[-74.925104,11.025627],[-74.925144,11.025605],[-74.925375,11.025413],[-74.92599,11.025053],[-74.92652,11.024696],[-74.927086,11.024336],[-74.927158,11.024426],[-74.927279,11.024353],[-74.927263,11.024318],[-74.927505,11.024153],[-74.927634,11.024079],[-74.927634,11.024064],[-74.927636,11.024005],[-74.927798,11.023911],[-74.927916,11.023791],[-74.928022,11.023515],[-74.928129,11.02356],[-74.928159,11.023514],[-74.928272,11.02335],[-74.928387,11.023176],[-74.928421,11.023125],[-74.928435,11.023104],[-74.928441,11.023095],[-74.928444,11.023091],[-74.928441,11.023089],[-74.92846,11.023061],[-74.928424,11.023037],[-74.928443,11.023019],[-74.928582,11.022899],[-74.928639,11.022955],[-74.928872,11.022774],[-74.929333,11.022468],[-74.929529,11.022418],[-74.930092,11.022105],[-74.930023,11.021906],[-74.930594,11.021626],[-74.930705,11.02157],[-74.930711,11.021567],[-74.931054,11.021394],[-74.931074,11.021384],[-74.931095,11.021373],[-74.931203,11.021588],[-74.931222,11.021582],[-74.931235,11.021577],[-74.931274,11.021564],[-74.931576,11.02142],[-74.931612,11.021509],[-74.931678,11.021483],[-74.931945,11.021359],[-74.932061,11.021299],[-74.932109,11.021274],[-74.932114,11.02127],[-74.93217,11.021239],[-74.932167,11.021224],[-74.932226,11.021174],[-74.932233,11.021172],[-74.932264,11.021167],[-74.932313,11.021143],[-74.932332,11.021181],[-74.932725,11.020975],[-74.932718,11.020951],[-74.932706,11.020908],[-74.932795,11.020875],[-74.932824,11.020867],[-74.932831,11.020893],[-74.932861,11.020888],[-74.932885,11.020898],[-74.93293,11.020888],[-74.932969,11.020864],[-74.932957,11.020814],[-74.933207,11.020742],[-74.93367,11.0206],[-74.93371,11.020588],[-74.9337,11.020494],[-74.933735,11.020489],[-74.933935,11.020453],[-74.934199,11.020348],[-74.934231,11.020311],[-74.934324,11.020298],[-74.93439,11.020288],[-74.934508,11.020264],[-74.934638,11.020227],[-74.934661,11.020211],[-74.934871,11.020141],[-74.934968,11.020109],[-74.935085,11.020071],[-74.935105,11.020065],[-74.935082,11.019967],[-74.935107,11.01996],[-74.935422,11.019902],[-74.935478,11.019892],[-74.935469,11.019814],[-74.935486,11.019811],[-74.935524,11.019803],[-74.935532,11.019844],[-74.935656,11.019816],[-74.935821,11.01978],[-74.935825,11.019829],[-74.935864,11.019823],[-74.935975,11.019804],[-74.935993,11.019761],[-74.935975,11.019692],[-74.935975,11.019691],[-74.936017,11.019695],[-74.93603,11.019746],[-74.936032,11.01988],[-74.936043,11.019878],[-74.9361,11.019859],[-74.936152,11.019838],[-74.936195,11.019821],[-74.936248,11.019722],[-74.936257,11.019704],[-74.936267,11.019648],[-74.936268,11.019643],[-74.936257,11.019567],[-74.936242,11.019534],[-74.936203,11.019516],[-74.936188,11.019511],[-74.936182,11.019482],[-74.936068,11.01949],[-74.936059,11.019464],[-74.936148,11.019458],[-74.936237,11.019447],[-74.936246,11.019446],[-74.936285,11.019467],[-74.936294,11.019476],[-74.936312,11.019471],[-74.936406,11.019447],[-74.936645,11.019387],[-74.936772,11.01936],[-74.936791,11.019353],[-74.936821,11.019341],[-74.936836,11.019336],[-74.937039,11.019259],[-74.937339,11.019146],[-74.937458,11.019094],[-74.938133,11.018814],[-74.938343,11.018758],[-74.93841,11.018765],[-74.938514,11.018768],[-74.938645,11.01875],[-74.938688,11.018738],[-74.938692,11.018741],[-74.938752,11.018715],[-74.93885,11.018679],[-74.938945,11.01867],[-74.939061,11.018667],[-74.939257,11.018673],[-74.939355,11.018631],[-74.939492,11.018605],[-74.939578,11.018597],[-74.939623,11.018593],[-74.939727,11.01856],[-74.939849,11.018539],[-74.940123,11.018506],[-74.94019,11.018509],[-74.940251,11.018512],[-74.940358,11.018554],[-74.940518,11.01859],[-74.940622,11.018619],[-74.940697,11.018643],[-74.940857,11.018682],[-74.940941,11.01867],[-74.941015,11.018661],[-74.941235,11.018712],[-74.941414,11.018715],[-74.941631,11.018709],[-74.941664,11.018695],[-74.941854,11.018616],[-74.94227,11.018536],[-74.942467,11.018477],[-74.942467,11.018475],[-74.94258,11.01839],[-74.942624,11.018283],[-74.942657,11.018167],[-74.942603,11.018072],[-74.942581,11.018059],[-74.942455,11.017986],[-74.942467,11.017906],[-74.942496,11.017859],[-74.942553,11.017772],[-74.942599,11.017718],[-74.94266,11.017647],[-74.942704,11.017608],[-74.94271,11.017566],[-74.94271,11.017483],[-74.942654,11.017436],[-74.942602,11.017417],[-74.942555,11.0174],[-74.942552,11.017392],[-74.942462,11.017325],[-74.942443,11.017228],[-74.942416,11.017091],[-74.942432,11.016959],[-74.942435,11.016934],[-74.942441,11.016924],[-74.942574,11.01674],[-74.942925,11.016253],[-74.943215,11.015849],[-74.943368,11.0157],[-74.943372,11.015699],[-74.943482,11.015623],[-74.943501,11.01561],[-74.943511,11.015597],[-74.943693,11.01536],[-74.943804,11.015121],[-74.943854,11.015028],[-74.94395,11.014929],[-74.944011,11.014818],[-74.944068,11.014422],[-74.944082,11.014297],[-74.944154,11.014076],[-74.94424,11.013947],[-74.944329,11.013783],[-74.944418,11.013654],[-74.944461,11.013547],[-74.944459,11.013546],[-74.944518,11.013476],[-74.94455,11.013419],[-74.944589,11.013369],[-74.94465,11.013297],[-74.944671,11.013215],[-74.944704,11.013169],[-74.944786,11.013073],[-74.944878,11.012905],[-74.944986,11.012769],[-74.945043,11.012709],[-74.945096,11.012598],[-74.945094,11.012592],[-74.945104,11.012582],[-74.945152,11.01245],[-74.945217,11.012317],[-74.945264,11.012231],[-74.945345,11.012097],[-74.945434,11.011963],[-74.945645,11.011624],[-74.945712,11.011501],[-74.945752,11.011472],[-74.945823,11.011383],[-74.94587,11.011268],[-74.946,11.01109],[-74.946232,11.010844],[-74.946335,11.010698],[-74.94641,11.010516],[-74.946596,11.010348],[-74.946635,11.010312],[-74.946912,11.010197],[-74.947013,11.010155],[-74.947256,11.010109],[-74.947329,11.01007],[-74.947402,11.01003],[-74.94752,11.009977],[-74.947692,11.00992],[-74.947816,11.009913],[-74.94792,11.009888],[-74.948141,11.009823],[-74.948277,11.009773],[-74.948338,11.009723],[-74.948409,11.009702],[-74.94847,11.009702],[-74.948616,11.009659],[-74.948759,11.009624],[-74.948944,11.009626],[-74.949092,11.009688],[-74.949095,11.00969],[-74.949143,11.00971],[-74.949168,11.009721],[-74.949212,11.009739],[-74.949244,11.009748],[-74.949266,11.009754],[-74.949298,11.009763],[-74.949309,11.009763],[-74.949336,11.009764],[-74.949356,11.009765],[-74.94938,11.009766],[-74.949415,11.009777],[-74.949503,11.009804],[-74.949533,11.009814],[-74.949625,11.009843],[-74.949777,11.009849],[-74.94984,11.009846],[-74.949926,11.009867],[-74.949944,11.009849],[-74.949959,11.009811],[-74.950018,11.009775],[-74.950048,11.009751],[-74.950089,11.009733],[-74.950143,11.009707],[-74.950188,11.00965],[-74.950232,11.009608],[-74.950247,11.009573],[-74.950232,11.009522],[-74.950232,11.009477],[-74.950283,11.009427],[-74.950324,11.009356],[-74.950333,11.009323],[-74.950333,11.009254],[-74.950331,11.009254],[-74.950336,11.00921],[-74.950431,11.009067],[-74.950527,11.008924],[-74.950583,11.008892],[-74.950684,11.008808],[-74.950751,11.008757],[-74.950762,11.008749],[-74.950881,11.008657],[-74.951011,11.008487],[-74.951073,11.008415],[-74.95109,11.008396],[-74.951119,11.008362],[-74.951131,11.008348],[-74.951153,11.008321],[-74.951174,11.008297],[-74.951188,11.008291],[-74.951217,11.008279],[-74.951297,11.008196],[-74.95138,11.00813],[-74.951442,11.008069],[-74.951455,11.008056],[-74.951678,11.007913],[-74.951776,11.007845],[-74.951907,11.007758],[-74.951975,11.007702],[-74.952005,11.007648],[-74.952013,11.007637],[-74.952026,11.007619],[-74.952043,11.007609],[-74.952067,11.007596],[-74.952091,11.007583],[-74.952094,11.007583],[-74.952142,11.00752],[-74.952311,11.007378],[-74.95232,11.00737],[-74.952329,11.007363],[-74.952369,11.007352],[-74.952395,11.007344],[-74.952445,11.00733],[-74.952498,11.007343],[-74.952503,11.007347],[-74.952531,11.007353],[-74.952539,11.007361],[-74.952571,11.007392],[-74.952598,11.007431],[-74.95261,11.00746],[-74.952612,11.007459],[-74.952632,11.007497],[-74.952639,11.007505],[-74.952656,11.007526],[-74.952664,11.007527],[-74.952668,11.007528],[-74.95268,11.007529],[-74.952686,11.007524],[-74.952701,11.007508],[-74.952698,11.007495],[-74.952695,11.007482],[-74.952671,11.007409],[-74.952644,11.007327],[-74.95265,11.007232],[-74.952728,11.007059],[-74.952784,11.006866],[-74.952799,11.00675],[-74.95281,11.006669],[-74.952817,11.006616],[-74.952813,11.006561],[-74.952842,11.006495],[-74.952847,11.006485],[-74.952892,11.006471],[-74.952946,11.006474],[-74.953981,11.00669],[-74.954071,11.006699],[-74.954092,11.006686],[-74.954096,11.006655],[-74.954073,11.006627],[-74.953073,11.006421],[-74.95303,11.006385],[-74.952995,11.006328],[-74.952973,11.006246],[-74.952959,11.006218],[-74.952926,11.006147],[-74.952905,11.006118],[-74.952897,11.006078],[-74.952893,11.006057],[-74.952889,11.006011],[-74.952909,11.005956],[-74.952935,11.005904],[-74.95296,11.005837],[-74.953003,11.005732],[-74.953023,11.005681],[-74.95304,11.005613],[-74.953058,11.005568],[-74.953089,11.005498],[-74.953109,11.005466],[-74.953135,11.00534],[-74.953145,11.005286],[-74.953159,11.005185],[-74.95318,11.005109],[-74.953246,11.005031],[-74.953279,11.004993],[-74.953315,11.004942],[-74.95333,11.0049],[-74.953386,11.004826],[-74.953395,11.004795],[-74.953412,11.004756],[-74.953436,11.004726],[-74.953463,11.004686],[-74.953468,11.004653],[-74.953469,11.004612],[-74.953483,11.004586],[-74.953509,11.004556],[-74.953528,11.004515],[-74.953529,11.004478],[-74.953572,11.004413],[-74.953602,11.004359],[-74.953632,11.004293],[-74.953648,11.004195],[-74.953678,11.004115],[-74.953775,11.003867],[-74.953803,11.003799],[-74.953832,11.003732],[-74.953906,11.00358],[-74.953945,11.003467],[-74.954431,11.003554],[-74.954448,11.003542],[-74.954451,11.003522],[-74.95444,11.003502],[-74.953996,11.003395],[-74.953977,11.003378],[-74.953976,11.003317],[-74.953967,11.003243],[-74.953966,11.003164],[-74.953987,11.003054],[-74.95399,11.002956],[-74.954017,11.002795],[-74.954032,11.00267],[-74.954061,11.002462],[-74.954109,11.002234],[-74.95414,11.00202],[-74.954164,11.001872],[-74.954191,11.001705],[-74.954209,11.001642],[-74.954246,11.001539],[-74.954265,11.001449],[-74.954294,11.001405],[-74.954334,11.001352],[-74.954372,11.001306],[-74.954392,11.001254],[-74.954399,11.001218],[-74.954412,11.001151],[-74.954425,11.001099],[-74.954455,11.001018],[-74.954481,11.000917],[-74.954581,11.000935],[-74.954975,11.001007],[-74.954995,11.000997],[-74.954997,11.000975],[-74.954989,11.000955],[-74.954583,11.000864],[-74.954415,11.000827],[-74.954421,11.000751],[-74.954449,11.00061],[-74.954479,11.000508],[-74.954501,11.000434],[-74.954555,11.000304],[-74.954573,11.000226],[-74.954581,11.000117],[-74.954593,11.000022],[-74.954613,10.999869],[-74.954613,10.999802],[-74.954601,10.999719],[-74.954596,10.99962],[-74.954619,10.999512],[-74.954646,10.999408],[-74.954675,10.999316],[-74.954713,10.999225],[-74.954775,10.999098],[-74.954829,10.999038],[-74.954856,10.999008],[-74.954907,10.999058],[-74.95492,10.999036],[-74.954897,10.998997],[-74.954856,10.998945],[-74.954812,10.998895],[-74.954759,10.998824],[-74.954733,10.998777],[-74.954728,10.998724],[-74.954728,10.99867],[-74.954765,10.9986],[-74.954809,10.998515],[-74.954878,10.998404],[-74.954942,10.9983],[-74.955025,10.998166],[-74.955106,10.99802],[-74.95518,10.997923],[-74.955272,10.997776],[-74.955322,10.9977],[-74.955346,10.997622],[-74.955811,10.997824],[-74.955835,10.997829],[-74.955844,10.997802],[-74.955825,10.997774],[-74.955255,10.997516],[-74.955199,10.997491],[-74.955237,10.997391],[-74.955349,10.997139],[-74.955406,10.996982],[-74.955443,10.996855],[-74.955456,10.996808],[-74.955478,10.996629],[-74.955509,10.996384],[-74.955567,10.996196],[-74.955584,10.996127],[-74.955625,10.996052],[-74.955647,10.995955],[-74.955661,10.99586],[-74.955687,10.995763],[-74.955696,10.995742],[-74.955735,10.995655],[-74.955779,10.995563],[-74.955875,10.995426],[-74.955906,10.995346],[-74.955939,10.995285],[-74.955979,10.995235],[-74.956003,10.995197],[-74.956019,10.995152],[-74.956013,10.995114],[-74.956033,10.995069],[-74.956091,10.995007],[-74.956138,10.99496],[-74.956179,10.994902],[-74.956255,10.99484],[-74.956328,10.994794],[-74.956435,10.994667],[-74.956562,10.994563],[-74.956663,10.994513],[-74.956712,10.994466],[-74.956729,10.994431],[-74.956749,10.994368],[-74.956777,10.99433],[-74.956859,10.99428],[-74.956931,10.994247],[-74.957006,10.994233],[-74.957112,10.994276],[-74.957305,10.994354],[-74.957358,10.994376],[-74.957942,10.994634],[-74.957974,10.994627],[-74.957979,10.994605],[-74.957952,10.99457],[-74.957427,10.994329],[-74.95743,10.994142],[-74.957468,10.994026],[-74.957504,10.993973],[-74.957525,10.993928],[-74.957501,10.993901],[-74.957454,10.993892],[-74.957406,10.993862],[-74.957361,10.993815],[-74.957343,10.993767],[-74.957382,10.993675],[-74.957456,10.993592],[-74.95751,10.993517],[-74.957495,10.993437],[-74.95743,10.993419],[-74.957346,10.993413],[-74.957244,10.993428],[-74.956968,10.993565],[-74.956696,10.993649],[-74.956476,10.993666],[-74.956273,10.993662],[-74.956117,10.993645],[-74.956021,10.993629],[-74.956008,10.993627],[-74.955965,10.99362],[-74.955953,10.993616],[-74.955995,10.993536],[-74.956049,10.993436],[-74.956072,10.993436],[-74.956109,10.993437],[-74.956168,10.993438],[-74.956624,10.993286],[-74.957129,10.992991],[-74.957139,10.992983],[-74.957244,10.992825],[-74.957315,10.992683],[-74.957321,10.992671],[-74.957381,10.992551],[-74.957441,10.992408],[-74.957488,10.992182],[-74.957506,10.991938],[-74.957574,10.991731],[-74.957614,10.991668],[-74.957707,10.991522],[-74.957781,10.991433],[-74.957894,10.991262],[-74.957955,10.991131],[-74.958232,10.990745],[-74.958288,10.990667],[-74.958412,10.990537],[-74.958457,10.990507],[-74.958482,10.990497],[-74.95852,10.990484],[-74.958575,10.990451],[-74.958629,10.99039],[-74.958688,10.990324],[-74.958857,10.990122],[-74.959015,10.989995],[-74.95911,10.989986],[-74.959317,10.989824],[-74.960142,10.989183],[-74.960191,10.989145],[-74.960203,10.989134],[-74.960589,10.989387],[-74.960667,10.989435],[-74.96068,10.989437],[-74.960698,10.989438],[-74.960704,10.989435],[-74.960712,10.989432],[-74.960722,10.989421],[-74.960732,10.989399],[-74.960731,10.989388],[-74.960722,10.989372],[-74.960624,10.98931],[-74.960381,10.989138],[-74.960341,10.98909],[-74.960411,10.988931],[-74.960359,10.988908],[-74.960366,10.988897],[-74.960372,10.988886],[-74.960382,10.988869],[-74.960385,10.988746],[-74.960393,10.988712],[-74.960417,10.988648],[-74.960497,10.988525],[-74.960608,10.988418],[-74.96065,10.988412],[-74.960761,10.988394],[-74.960779,10.988371],[-74.960832,10.988305],[-74.960834,10.988219],[-74.960836,10.988141],[-74.960879,10.98803],[-74.960964,10.987934],[-74.961,10.987905],[-74.961189,10.987791],[-74.961198,10.987782],[-74.961198,10.987781],[-74.961238,10.98773],[-74.961272,10.987628],[-74.9613,10.987578],[-74.961386,10.987509],[-74.961674,10.987287],[-74.961749,10.98724],[-74.961796,10.987216],[-74.961895,10.987172],[-74.961933,10.987161],[-74.961988,10.987139],[-74.962026,10.987113],[-74.962426,10.98669],[-74.962794,10.986395],[-74.96311,10.98615],[-74.963523,10.985853],[-74.963711,10.985741],[-74.964017,10.985616],[-74.964052,10.985596],[-74.964078,10.985589],[-74.964125,10.985596],[-74.964192,10.98558],[-74.964268,10.985553],[-74.964284,10.985539],[-74.964325,10.985512],[-74.964487,10.985414],[-74.964955,10.98527],[-74.965491,10.985157],[-74.966115,10.984871],[-74.966526,10.984562],[-74.966895,10.984152],[-74.967632,10.983586],[-74.968447,10.983319],[-74.969018,10.983164],[-74.969708,10.98295],[-74.970285,10.982605],[-74.970904,10.982117],[-74.971445,10.98179],[-74.972338,10.981522],[-74.973135,10.981493],[-74.974438,10.981617],[-74.975961,10.981344],[-74.976936,10.981046],[-74.978007,10.980713],[-74.980379,10.980084],[-74.98129,10.979816]],[[-74.846487,10.975018],[-74.84645,10.975034],[-74.84643,10.975042],[-74.846487,10.975018]],[[-74.8730043727463,11.033629632134652],[-74.87299,11.033699],[-74.872987,11.033717],[-74.872986,11.03372],[-74.872985,11.033724],[-74.872969,11.033797],[-74.872967,11.033811],[-74.872947,11.033904],[-74.872945,11.033912],[-74.872943,11.033913],[-74.872807,11.033978],[-74.872803,11.033979],[-74.87278967727867,11.033985530745747],[-74.872983,11.033665],[-74.872994,11.033646],[-74.872999,11.033639],[-74.8730043727463,11.033629632134652]],[[-74.86965227218418,11.02188516348534],[-74.869642,11.021903],[-74.86952785600013,11.022046839999824],[-74.86954,11.022031],[-74.869566,11.021997],[-74.869574,11.021987],[-74.869592,11.021963],[-74.869618,11.021929],[-74.86965227218418,11.02188516348534]],[[-74.86949203603604,11.022091981981982],[-74.869446,11.02215],[-74.869157,11.022558],[-74.86913685987261,11.022578573248408],[-74.869136,11.022578],[-74.869128,11.022573],[-74.869138,11.022561],[-74.869148,11.022548],[-74.869192,11.022487],[-74.869237,11.022425],[-74.869247,11.022412],[-74.869261,11.022399],[-74.869316,11.022326],[-74.869369,11.022255],[-74.869374,11.022241],[-74.869429,11.022166],[-74.869433,11.022161],[-74.869454,11.022133],[-74.869459,11.022126],[-74.869483,11.022094],[-74.869487,11.022093],[-74.869492,11.022092],[-74.86949203603604,11.022091981981982]],[[-74.8687877238494,11.022935217573197],[-74.868785,11.022938],[-74.86866262214984,11.023046380383635],[-74.868666,11.02304],[-74.868672,11.02303],[-74.868676,11.023023],[-74.868744,11.02297],[-74.868749,11.022966],[-74.868755,11.022961],[-74.8687877238494,11.022935217573197]],[[-74.86853919672129,11.023155688524602],[-74.868479,11.023209],[-74.8684451708543,11.023235864321576],[-74.868459,11.023223],[-74.868463,11.023219],[-74.868485,11.023199],[-74.868498,11.023189],[-74.868512,11.023179],[-74.86853919672129,11.023155688524602]],[[-74.86788537549407,11.023725675889326],[-74.86784,11.023767],[-74.86777973144873,11.023820990577171],[-74.867803,11.023791],[-74.867813,11.023779],[-74.867819,11.02377],[-74.867843,11.02374],[-74.86788537549407,11.023725675889326]],[[-74.86767316666665,11.023960500000024],[-74.86766107317074,11.023978853658528],[-74.867664,11.023973],[-74.86767316666665,11.023960500000024]],[[-74.8669227714286,11.014687228571402],[-74.866899,11.014711],[-74.866828,11.014768],[-74.86679299152543,11.014791682203386],[-74.866864,11.014735],[-74.866873,11.014728],[-74.866913,11.014695],[-74.8669227714286,11.014687228571402]],[[-74.86684530683121,11.024919269388404],[-74.866535,11.025213],[-74.8664402875354,11.025221603706097],[-74.866619,11.025065],[-74.866834,11.0249],[-74.86684530683121,11.024919269388404]],[[-74.86645256524567,11.015057897819734],[-74.86643006562849,11.015077013348149],[-74.866436,11.01507],[-74.866438,11.015069],[-74.86645256524567,11.015057897819734]],[[-74.866285,11.015603],[-74.86610441098239,11.015625844665609],[-74.866258,11.015502],[-74.86626504930827,11.015423870166744],[-74.866271,11.015485],[-74.866273,11.015503],[-74.866278,11.015562],[-74.866281,11.015575],[-74.866285,11.015603]],[[-74.86493244163363,11.025146728275862],[-74.86470005300619,11.02488543277036],[-74.864724,11.024842],[-74.864746,11.024874],[-74.864757,11.02489],[-74.864764,11.024901],[-74.864802,11.024956],[-74.86493244163363,11.025146728275862]],[[-74.86197328738807,11.027875712681334],[-74.860815,11.028337],[-74.86076745361312,11.028356193036904],[-74.860821,11.028292],[-74.860967,11.028165],[-74.86115,11.028043],[-74.861336,11.027971],[-74.861433,11.027945],[-74.86163,11.027891],[-74.861831,11.027864],[-74.86197328738807,11.027875712681334]],[[-74.86067718620689,11.028464408348478],[-74.860573,11.028766],[-74.860521,11.028917],[-74.860124,11.030072],[-74.860054,11.030275],[-74.859894,11.030739],[-74.859801,11.031011],[-74.859724,11.031233],[-74.859463,11.031297],[-74.859404,11.031312],[-74.85940363697105,11.031312089086859],[-74.859423,11.031254],[-74.859472,11.031105],[-74.859551,11.030866],[-74.859565,11.030825],[-74.859582,11.030772],[-74.859761,11.030665],[-74.860166,11.029627],[-74.860217,11.029497],[-74.860443,11.028914],[-74.860461,11.028869],[-74.860519,11.028723],[-74.86065,11.028497],[-74.86067718620689,11.028464408348478]],[[-74.85834453684052,11.031128458375262],[-74.856899,11.030768],[-74.85686106896543,11.030758517241358],[-74.856988,11.030788],[-74.857614,11.030932],[-74.857995,11.031027],[-74.858231,11.031086],[-74.85834453684052,11.031128458375262]],[[-74.83091440605243,11.033040334957509],[-74.830911,11.033212],[-74.830867,11.0334],[-74.830789,11.033519],[-74.830617,11.033644],[-74.830417,11.033785],[-74.83040265079366,11.033792892063488],[-74.830557,11.033565],[-74.83091440605243,11.033040334957509]],[[-74.82736701740714,11.03877007023581],[-74.82734,11.038782],[-74.827336,11.038783],[-74.827219,11.038834],[-74.827181,11.038846],[-74.827153,11.03885],[-74.827125,11.038848],[-74.827122,11.038846],[-74.827086,11.038832],[-74.82705,11.038811],[-74.82703,11.038795],[-74.827017,11.038785],[-74.826987,11.038755],[-74.826963,11.038721],[-74.826955,11.038707],[-74.826943,11.038685],[-74.826933,11.038658],[-74.826928,11.038646],[-74.826924,11.038624],[-74.826921,11.038593],[-74.826921,11.038576],[-74.82692,11.038561],[-74.826924,11.038523],[-74.826924,11.038517],[-74.826946,11.038252],[-74.82696189553863,11.038125447057851],[-74.826989,11.038229],[-74.827109,11.038453],[-74.827134,11.0385],[-74.827216,11.038595],[-74.827299,11.038691],[-74.82736701740714,11.03877007023581]]],[[[-74.867321,10.958726],[-74.866838,10.956198],[-74.866824,10.956125],[-74.866823,10.956119],[-74.866807,10.95604],[-74.866803,10.956039],[-74.866794,10.956039],[-74.866709,10.956032],[-74.866137,10.955984],[-74.866023,10.956054],[-74.865531,10.956561],[-74.865856,10.956226],[-74.863944,10.954388],[-74.863178,10.955829],[-74.86323,10.957042],[-74.86003,10.956773],[-74.861121,10.953517],[-74.862422,10.950178],[-74.860732,10.949369],[-74.858938,10.952532],[-74.856808,10.951527],[-74.857668,10.949816],[-74.856178,10.948997],[-74.855003,10.949754],[-74.852301,10.952376],[-74.851924,10.955844],[-74.849563,10.955682],[-74.844645,10.955034],[-74.844267,10.95727],[-74.844342,10.957437],[-74.844898,10.960185],[-74.848844,10.960704],[-74.849064,10.958163],[-74.854143,10.958806],[-74.85386,10.961284],[-74.854479,10.961273],[-74.856378,10.960465],[-74.85684,10.960869],[-74.856043,10.961916],[-74.858845,10.964342],[-74.860985,10.96204],[-74.861594,10.962517],[-74.863829,10.959977],[-74.864763,10.960723],[-74.865695,10.959639],[-74.864142,10.958284],[-74.866046,10.959945],[-74.867321,10.958726]]],[[[-74.857467,10.96396],[-74.85745,10.963923],[-74.857092,10.963624],[-74.857125,10.963586],[-74.857096,10.963564],[-74.856632,10.963208],[-74.856456,10.963066],[-74.856189,10.962825],[-74.855943,10.962507],[-74.855777,10.962238],[-74.855612,10.961974],[-74.855459,10.961772],[-74.855118,10.961294],[-74.854587,10.961591],[-74.854558,10.961607],[-74.854262,10.961763],[-74.854038,10.961885],[-74.853681,10.961999],[-74.85359,10.962036],[-74.853362,10.962108],[-74.853034,10.962159],[-74.852669,10.962194],[-74.852337,10.962266],[-74.85221,10.962295],[-74.851962,10.962385],[-74.851896,10.962408],[-74.851577,10.962518],[-74.851284,10.962583],[-74.850861,10.962653],[-74.850722,10.962676],[-74.850515,10.962693],[-74.850294,10.962698],[-74.850209,10.962713],[-74.850034,10.962781],[-74.850006,10.962794],[-74.849969,10.96281],[-74.849889,10.962856],[-74.849549,10.963077],[-74.849279,10.96328],[-74.848562,10.963804],[-74.848409,10.963887],[-74.848296,10.963918],[-74.84808,10.963975],[-74.847791,10.964025],[-74.847711,10.964038],[-74.847995,10.964885],[-74.848179,10.965185],[-74.848416,10.965566],[-74.848607,10.965838],[-74.848784,10.966019],[-74.849182,10.966317],[-74.849625,10.966802],[-74.849999,10.967231],[-74.850524,10.967967],[-74.850668,10.968105],[-74.851122,10.96835],[-74.851333,10.968402],[-74.851479,10.968425],[-74.851593,10.968401],[-74.851683,10.968394],[-74.851749,10.968411],[-74.85183,10.96844],[-74.851912,10.968463],[-74.852097,10.968508],[-74.852202,10.968525],[-74.852335,10.968556],[-74.852485,10.968588],[-74.852619,10.968621],[-74.85272,10.968668],[-74.852855,10.968773],[-74.852908,10.968822],[-74.85297,10.968881],[-74.853225,10.969132],[-74.853384,10.96934],[-74.853636,10.969573],[-74.854387,10.968935],[-74.854719,10.969196],[-74.854873,10.969319],[-74.854992,10.969427],[-74.855183,10.969566],[-74.855269,10.969664],[-74.855333,10.969753],[-74.855383,10.969804],[-74.855422,10.969874],[-74.855448,10.969922],[-74.855556,10.970009],[-74.855638,10.970072],[-74.855676,10.970134],[-74.855723,10.970228],[-74.855759,10.970316],[-74.855783,10.970406],[-74.855818,10.970455],[-74.855954,10.969689],[-74.856043,10.969345],[-74.85621,10.968777],[-74.856389,10.967553],[-74.85645,10.967239],[-74.856527,10.966926],[-74.85658,10.966913],[-74.856621,10.966883],[-74.85665,10.966845],[-74.85668,10.966795],[-74.856725,10.966692],[-74.856595,10.966633],[-74.856646,10.966408],[-74.856715,10.966126],[-74.85728,10.964561],[-74.857465,10.963999],[-74.857467,10.96396]]]]}},{"type":"Feature","properties":{"zona":"CENTRO","color":"#f59e0b"},"geometry":{"type":"MultiPolygon","coordinates":[[[[-74.840433,10.935773],[-74.840398,10.934934],[-74.839563,10.934969],[-74.839289,10.934944],[-74.839251,10.935362],[-74.839189,10.934947],[-74.838958,10.934982],[-74.838675,10.934946],[-74.838622,10.935362],[-74.83848,10.934967],[-74.838206,10.935065],[-74.838348,10.93546],[-74.837999,10.935226],[-74.837949,10.935301],[-74.838298,10.935535],[-74.837878,10.935541],[-74.83788,10.935661],[-74.8383,10.935655],[-74.837893,10.93576],[-74.837906,10.93581],[-74.837589,10.935849],[-74.837574,10.93543],[-74.837113,10.935446],[-74.837128,10.935866],[-74.83708,10.935448],[-74.836922,10.935467],[-74.836971,10.935884],[-74.836587,10.935713],[-74.836558,10.935779],[-74.836942,10.935949],[-74.836523,10.935921],[-74.836517,10.936007],[-74.836188,10.936015],[-74.836202,10.936576],[-74.836185,10.936577],[-74.836199,10.936997],[-74.836159,10.936579],[-74.835834,10.93661],[-74.835455,10.936602],[-74.835436,10.937441],[-74.835732,10.937448],[-74.835737,10.937611],[-74.835357,10.937791],[-74.835465,10.938018],[-74.835347,10.938021],[-74.835369,10.938861],[-74.83609,10.938842],[-74.836159,10.93884],[-74.836171,10.939119],[-74.836431,10.939109],[-74.836434,10.939367],[-74.836484,10.939366],[-74.836499,10.939534],[-74.836504,10.939533],[-74.836508,10.939651],[-74.836659,10.939646],[-74.836667,10.939923],[-74.836826,10.939918],[-74.836833,10.940178],[-74.837616,10.940157],[-74.837613,10.94006],[-74.837618,10.940059],[-74.837622,10.940157],[-74.838475,10.94012],[-74.838439,10.939281],[-74.838432,10.939281],[-74.83841,10.938744],[-74.838394,10.938745],[-74.838379,10.93846],[-74.838341,10.938462],[-74.838337,10.938365],[-74.838365,10.938365],[-74.838367,10.938174],[-74.838393,10.938115],[-74.838368,10.938104],[-74.838368,10.93809],[-74.838333,10.938089],[-74.838325,10.938085],[-74.838322,10.938033],[-74.838413,10.938058],[-74.838423,10.938022],[-74.838522,10.938139],[-74.838558,10.938108],[-74.838438,10.937967],[-74.838444,10.937942],[-74.838408,10.937932],[-74.838315,10.937824],[-74.838314,10.937792],[-74.838702,10.937835],[-74.838713,10.937735],[-74.838311,10.93769],[-74.838311,10.937685],[-74.838461,10.937652],[-74.838679,10.937715],[-74.838694,10.937664],[-74.838568,10.937628],[-74.838706,10.937597],[-74.838689,10.937523],[-74.83871,10.937522],[-74.838692,10.93724],[-74.838688,10.936917],[-74.838584,10.936918],[-74.838622,10.936886],[-74.838592,10.936851],[-74.838678,10.936832],[-74.838652,10.936713],[-74.838727,10.936749],[-74.838784,10.936629],[-74.838405,10.936447],[-74.838825,10.936461],[-74.838836,10.936119],[-74.838416,10.936106],[-74.838823,10.936],[-74.838772,10.935805],[-74.838909,10.935823],[-74.838962,10.935406],[-74.839025,10.935821],[-74.839264,10.935785],[-74.839515,10.935808],[-74.839553,10.93539],[-74.839571,10.935809],[-74.840433,10.935773]]],[[[-74.839118,10.885596],[-74.839117,10.885568],[-74.839115,10.885511],[-74.839114,10.885473],[-74.838846,10.88546],[-74.838809,10.885458],[-74.83882,10.885428],[-74.838186,10.885466],[-74.837472,10.885533],[-74.837055,10.8856],[-74.836625,10.885655],[-74.836275,10.885698],[-74.836045,10.88574],[-74.834878,10.886102],[-74.834044,10.886367],[-74.833282,10.886632],[-74.832484,10.886766],[-74.832164,10.886812],[-74.832082,10.886824],[-74.832067,10.886826],[-74.831892,10.886845],[-74.831843,10.886851],[-74.831698,10.886893],[-74.831577,10.886953],[-74.831336,10.887103],[-74.8311,10.887193],[-74.830786,10.887332],[-74.83013,10.887615],[-74.83006,10.887644],[-74.829499,10.887927],[-74.828574,10.88833],[-74.827988,10.888588],[-74.827625,10.888799],[-74.827493,10.888912],[-74.827348,10.889116],[-74.827227,10.889272],[-74.827173,10.889362],[-74.827095,10.889446],[-74.826847,10.88962],[-74.826587,10.88977],[-74.826382,10.889878],[-74.826164,10.88998],[-74.825905,10.890118],[-74.825614,10.890221],[-74.825545,10.890244],[-74.825203,10.890359],[-74.824817,10.890504],[-74.824352,10.89068],[-74.823911,10.89089],[-74.823479,10.890982],[-74.82328,10.89103],[-74.823255,10.891037],[-74.823234,10.891046],[-74.823224,10.89105],[-74.823197,10.891069],[-74.822792,10.891484],[-74.822616,10.891686],[-74.822613,10.89169],[-74.82257,10.891738],[-74.822569,10.891737],[-74.822565,10.891733],[-74.822562,10.891731],[-74.822557,10.891727],[-74.822155,10.891359],[-74.822069,10.891295],[-74.822003,10.891266],[-74.821996,10.891264],[-74.82192,10.891245],[-74.821845,10.891247],[-74.821837,10.891248],[-74.821775,10.891256],[-74.821533,10.891287],[-74.82129,10.891318],[-74.821169,10.891328],[-74.820966,10.891315],[-74.82038,10.891262],[-74.820242,10.891249],[-74.819993,10.891217],[-74.8198,10.891168],[-74.819726,10.89115],[-74.818907,10.890951],[-74.818573,10.89086],[-74.81846,10.890754],[-74.818421,10.890717],[-74.818408,10.890705],[-74.818385,10.890683],[-74.818369,10.890668],[-74.818463,10.890581],[-74.818357,10.890482],[-74.818225,10.890384],[-74.818326,10.890291],[-74.818412,10.890215],[-74.818611,10.890048],[-74.818725,10.889946],[-74.818815,10.889865],[-74.81882,10.88986],[-74.818943,10.889735],[-74.819082,10.88957],[-74.819219,10.889402],[-74.819347,10.889278],[-74.819422,10.889206],[-74.81957,10.889063],[-74.819631,10.888994],[-74.819702,10.888912],[-74.819725,10.888887],[-74.819768,10.888838],[-74.819822,10.888809],[-74.819918,10.88867],[-74.820002,10.888461],[-74.820086,10.888234],[-74.820255,10.887778],[-74.820411,10.887467],[-74.820507,10.887269],[-74.820574,10.887156],[-74.820731,10.887],[-74.820634,10.886964],[-74.820622,10.886904],[-74.820633,10.886779],[-74.820681,10.886575],[-74.820777,10.886258],[-74.820892,10.886013],[-74.821084,10.88563],[-74.821397,10.885001],[-74.821738,10.884309],[-74.821818,10.884145],[-74.822169,10.883452],[-74.822475,10.882846],[-74.822499,10.882796],[-74.822612,10.882568],[-74.822667,10.882457],[-74.8228,10.882211],[-74.822903,10.882052],[-74.822908,10.882044],[-74.822962,10.88187],[-74.823059,10.88172],[-74.823209,10.881535],[-74.823213,10.881527],[-74.823246,10.881469],[-74.823324,10.881373],[-74.823402,10.881223],[-74.82345,10.881115],[-74.823481,10.881061],[-74.823595,10.880864],[-74.823661,10.880744],[-74.823908,10.880403],[-74.824017,10.880265],[-74.824131,10.880121],[-74.824367,10.87987],[-74.824542,10.879648],[-74.82468,10.879457],[-74.824609,10.879458],[-74.824836,10.879109],[-74.824859,10.87904],[-74.824868,10.879015],[-74.824776,10.879],[-74.822833,10.878297],[-74.820943,10.877616],[-74.82088,10.877593],[-74.819919,10.877239],[-74.819634,10.87721],[-74.818765,10.877121],[-74.816646,10.876906],[-74.813911,10.876621],[-74.812099,10.878838],[-74.811593,10.879489],[-74.811736,10.879489],[-74.811734,10.879491],[-74.811721,10.879506],[-74.811356,10.879918],[-74.811199,10.880098],[-74.811126,10.880106],[-74.8106,10.880159],[-74.809634,10.880257],[-74.809632,10.880214],[-74.80963,10.880172],[-74.809367,10.880196],[-74.809286,10.880203],[-74.80924,10.880207],[-74.809003,10.880225],[-74.808793,10.880245],[-74.808723,10.880251],[-74.808705,10.880253],[-74.808681,10.880255],[-74.808591,10.880263],[-74.808324,10.880283],[-74.808235,10.880289],[-74.808074,10.880299],[-74.808032,10.880308],[-74.807975,10.880321],[-74.807943,10.88034],[-74.807927,10.88035],[-74.8079,10.880367],[-74.80752,10.8806],[-74.807259,10.881036],[-74.806759,10.881983],[-74.806696,10.88212],[-74.806507,10.882532],[-74.806504,10.882541],[-74.80649,10.882582],[-74.806488,10.882589],[-74.806486,10.882595],[-74.806463,10.88267],[-74.80646,10.882683],[-74.806457,10.882691],[-74.806365,10.882996],[-74.806116,10.883864],[-74.805986,10.884382],[-74.805976,10.884419],[-74.805953,10.884511],[-74.80589,10.884762],[-74.805855,10.884901],[-74.805792,10.885151],[-74.80574,10.885379],[-74.805735,10.885401],[-74.805723,10.885469],[-74.805714,10.885522],[-74.805706,10.885567],[-74.805638,10.885961],[-74.805636,10.885971],[-74.805633,10.885993],[-74.8056,10.886013],[-74.805554,10.885998],[-74.805468,10.885925],[-74.805389,10.885841],[-74.80528,10.885724],[-74.805168,10.885605],[-74.804835,10.885245],[-74.804821,10.88523],[-74.804469,10.884912],[-74.804076,10.884563],[-74.803843,10.884356],[-74.803683,10.884218],[-74.803611,10.884183],[-74.803577,10.884162],[-74.803553,10.884133],[-74.803514,10.884087],[-74.803213,10.883843],[-74.803207,10.883838],[-74.803057,10.883716],[-74.80304,10.883702],[-74.802868,10.883561],[-74.802828,10.883527],[-74.80229,10.883065],[-74.80227,10.883048],[-74.802185,10.882982],[-74.802092,10.88291],[-74.801655,10.882491],[-74.801646,10.882462],[-74.80162,10.88238],[-74.801592,10.882357],[-74.801587,10.882353],[-74.801516,10.882294],[-74.801482,10.882265],[-74.801406,10.882172],[-74.801355,10.882101],[-74.8013,10.882062],[-74.801174,10.881953],[-74.80092,10.881671],[-74.800797,10.881525],[-74.80078,10.881505],[-74.800759,10.881469],[-74.800747,10.88145],[-74.800734,10.881449],[-74.800684,10.881447],[-74.800632,10.881425],[-74.800469,10.881214],[-74.800437,10.881173],[-74.800315,10.881029],[-74.8002,10.880893],[-74.800163,10.88085],[-74.800003,10.880665],[-74.799975,10.880636],[-74.799814,10.88046],[-74.799769,10.880412],[-74.799647,10.880284],[-74.799489,10.880137],[-74.799319,10.879986],[-74.79919,10.879873],[-74.799064,10.87976],[-74.799071,10.879753],[-74.799085,10.879738],[-74.799195,10.87955],[-74.799199,10.879528],[-74.799204,10.879519],[-74.799425,10.879125],[-74.799396,10.879111],[-74.799384,10.879104],[-74.799233,10.879016],[-74.799254,10.878976],[-74.799355,10.878785],[-74.799362,10.878771],[-74.799389,10.878721],[-74.79957,10.878823],[-74.799582,10.878799],[-74.799594,10.878777],[-74.799615,10.878738],[-74.799688,10.878603],[-74.799809,10.878379],[-74.799821,10.878359],[-74.799906,10.878202],[-74.799932,10.878141],[-74.799955,10.878088],[-74.799968,10.878056],[-74.799779,10.877979],[-74.799782,10.877972],[-74.799794,10.87794],[-74.799853,10.877781],[-74.799866,10.877748],[-74.799915,10.877618],[-74.799927,10.877586],[-74.799951,10.877522],[-74.799975,10.877458],[-74.800002,10.877381],[-74.80008,10.877189],[-74.800099,10.877103],[-74.800111,10.877048],[-74.800118,10.877014],[-74.800131,10.876953],[-74.800138,10.876922],[-74.800149,10.876898],[-74.800263,10.876658],[-74.800297,10.876587],[-74.80038,10.876413],[-74.800418,10.876332],[-74.80044,10.876285],[-74.799358,10.876027],[-74.798842,10.876937],[-74.798421,10.877325],[-74.797548,10.877894],[-74.797429,10.877972],[-74.797224,10.878106],[-74.796892,10.87778],[-74.796743,10.877597],[-74.796625,10.877454],[-74.796559,10.877494],[-74.796064,10.878554],[-74.795973,10.878946],[-74.795883,10.879343],[-74.795873,10.879527],[-74.795758,10.879821],[-74.795692,10.880018],[-74.795657,10.880239],[-74.795639,10.880383],[-74.795657,10.880509],[-74.795651,10.88061],[-74.795646,10.880742],[-74.795628,10.880837],[-74.79555,10.881077],[-74.795345,10.88146],[-74.794364,10.881044],[-74.792596,10.880324],[-74.79236,10.88023],[-74.792299,10.880205],[-74.79215,10.880541],[-74.792143,10.880559],[-74.792141,10.880557],[-74.792138,10.880556],[-74.792125,10.88055],[-74.792104,10.880539],[-74.792048,10.880513],[-74.792021,10.8805],[-74.791965,10.880474],[-74.791797,10.880379],[-74.791301,10.880101],[-74.791285,10.880092],[-74.791272,10.880055],[-74.791269,10.880046],[-74.791285,10.880026],[-74.791301,10.880006],[-74.791338,10.879962],[-74.791384,10.879905],[-74.791424,10.879857],[-74.7915,10.879764],[-74.791584,10.879661],[-74.791607,10.879633],[-74.791676,10.879548],[-74.791677,10.879546],[-74.791732,10.879482],[-74.791788,10.879417],[-74.791669,10.879314],[-74.791577,10.879234],[-74.791437,10.879109],[-74.791212,10.878918],[-74.791112,10.878832],[-74.791059,10.878791],[-74.791037,10.878775],[-74.79104,10.878768],[-74.791028,10.878758],[-74.79103,10.878753],[-74.791001,10.878729],[-74.790972,10.878705],[-74.790964,10.878695],[-74.790967,10.878688],[-74.791026,10.87859],[-74.791036,10.87856],[-74.791043,10.878526],[-74.79104,10.878491],[-74.791031,10.878458],[-74.791023,10.878439],[-74.790971,10.878374],[-74.790922,10.878318],[-74.790916,10.878302],[-74.791035,10.87812],[-74.791049,10.87809],[-74.791244,10.877823],[-74.791523,10.877481],[-74.791602,10.877363],[-74.791612,10.877348],[-74.791626,10.877325],[-74.791629,10.877321],[-74.791636,10.877309],[-74.791462,10.877238],[-74.791448,10.877241],[-74.791401,10.87723],[-74.79134,10.877217],[-74.791299,10.877208],[-74.791297,10.877209],[-74.791252,10.877226],[-74.791136,10.877303],[-74.791028,10.877357],[-74.790954,10.877377],[-74.790776,10.877585],[-74.790684,10.877693],[-74.790591,10.877802],[-74.790571,10.877825],[-74.790458,10.877957],[-74.79045,10.877948],[-74.790406,10.877916],[-74.790371,10.877899],[-74.790336,10.877897],[-74.790299,10.877912],[-74.790279,10.877933],[-74.79026,10.877953],[-74.790237,10.877987],[-74.790219,10.877978],[-74.789961,10.877827],[-74.789942,10.877816],[-74.789492,10.877448],[-74.789306,10.877284],[-74.789251,10.877221],[-74.789213,10.877147],[-74.789273,10.876853],[-74.789358,10.876366],[-74.789373,10.876318],[-74.789375,10.876315],[-74.789376,10.876312],[-74.78938,10.876305],[-74.789387,10.876291],[-74.78939,10.876285],[-74.789407,10.876251],[-74.789518,10.876076],[-74.789766,10.875734],[-74.789745,10.87571],[-74.78946,10.875606],[-74.789396,10.875584],[-74.789042,10.875466],[-74.789037,10.875464],[-74.78877,10.875375],[-74.787966,10.875125],[-74.787965,10.875125],[-74.78778,10.875406],[-74.787739,10.875467],[-74.787698,10.875528],[-74.787669,10.875571],[-74.787533,10.875775],[-74.787427,10.875888],[-74.787419,10.875928],[-74.787416,10.875943],[-74.787376,10.876194],[-74.787347,10.876476],[-74.787321,10.876693],[-74.787317,10.876729],[-74.787292,10.876899],[-74.787267,10.876969],[-74.787264,10.876978],[-74.78717,10.877245],[-74.787074,10.877508],[-74.787008,10.877689],[-74.786839,10.877595],[-74.786706,10.877521],[-74.786267,10.877454],[-74.786057,10.877422],[-74.786017,10.877436],[-74.785934,10.877475],[-74.785891,10.877495],[-74.785883,10.877497],[-74.78564,10.877579],[-74.785633,10.87758],[-74.785592,10.87759],[-74.785551,10.877599],[-74.785463,10.87762],[-74.785389,10.877632],[-74.785381,10.877633],[-74.785362,10.877623],[-74.785319,10.877608],[-74.785291,10.877607],[-74.785258,10.877615],[-74.785232,10.877632],[-74.785213,10.87766],[-74.785198,10.8777],[-74.785206,10.877743],[-74.785242,10.87782],[-74.785269,10.877883],[-74.785269,10.877917],[-74.785274,10.877969],[-74.78527,10.878007],[-74.78526,10.878029],[-74.785235,10.878051],[-74.785179,10.878079],[-74.785063,10.878138],[-74.784963,10.878204],[-74.784857,10.878295],[-74.784775,10.878368],[-74.784725,10.878402],[-74.784636,10.878428],[-74.784576,10.878412],[-74.784474,10.878355],[-74.78444,10.878342],[-74.784294,10.878246],[-74.784214,10.878144],[-74.784139,10.878047],[-74.784037,10.87792],[-74.783836,10.877669],[-74.783541,10.877345],[-74.783158,10.87689],[-74.783079,10.87679],[-74.782978,10.876662],[-74.782915,10.876582],[-74.782328,10.875839],[-74.782281,10.875779],[-74.782114,10.875567],[-74.782091,10.875531],[-74.782047,10.875493],[-74.782017,10.875474],[-74.781947,10.875446],[-74.781876,10.875439],[-74.781817,10.875439],[-74.781784,10.875433],[-74.781759,10.875428],[-74.781726,10.875409],[-74.781718,10.875401],[-74.781689,10.875373],[-74.781669,10.875349],[-74.781641,10.87531],[-74.781629,10.875294],[-74.781589,10.875239],[-74.78155,10.875175],[-74.781506,10.875053],[-74.7815,10.875018],[-74.781494,10.874984],[-74.781493,10.874959],[-74.781496,10.874793],[-74.7815,10.874663],[-74.781495,10.874602],[-74.781484,10.87455],[-74.781469,10.87451],[-74.781454,10.874494],[-74.781452,10.874493],[-74.781441,10.87449],[-74.781433,10.874487],[-74.781431,10.874486],[-74.781422,10.874486],[-74.78137,10.874483],[-74.781333,10.874485],[-74.781299,10.874488],[-74.781095,10.87449],[-74.781005,10.874497],[-74.780914,10.874522],[-74.780861,10.874535],[-74.78082,10.874534],[-74.780754,10.874514],[-74.780681,10.874486],[-74.780607,10.874471],[-74.780528,10.874471],[-74.780432,10.874483],[-74.780395,10.874487],[-74.780358,10.874487],[-74.780292,10.874484],[-74.780256,10.874485],[-74.78022,10.874486],[-74.78015,10.874497],[-74.780124,10.874508],[-74.780097,10.87452],[-74.780041,10.874545],[-74.780038,10.874547],[-74.779988,10.874573],[-74.779908,10.874596],[-74.779869,10.87461],[-74.779829,10.874623],[-74.779764,10.874652],[-74.77963,10.874706],[-74.779609,10.874715],[-74.77959,10.874723],[-74.779592,10.874732],[-74.779612,10.874823],[-74.779605,10.874827],[-74.779508,10.874883],[-74.779481,10.874918],[-74.779428,10.87499],[-74.779478,10.875629],[-74.779549,10.876469],[-74.779565,10.876658],[-74.77955,10.876661],[-74.779448,10.876683],[-74.778434,10.876896],[-74.778339,10.876915],[-74.77821,10.876941],[-74.777684,10.877045],[-74.777453,10.877091],[-74.77698,10.877185],[-74.776647,10.877256],[-74.776656,10.877339],[-74.775871,10.877488],[-74.775833,10.877622],[-74.775796,10.877752],[-74.775645,10.878292],[-74.775583,10.87851],[-74.775579,10.878526],[-74.775427,10.879099],[-74.775418,10.879133],[-74.77575,10.879185],[-74.775881,10.879204],[-74.777166,10.879353],[-74.778772,10.879564],[-74.778801,10.879566],[-74.778793,10.87959],[-74.778771,10.879651],[-74.778694,10.87987],[-74.778683,10.879901],[-74.778498,10.880421],[-74.778467,10.88042],[-74.778368,10.880691],[-74.778314,10.880839],[-74.778162,10.881254],[-74.77801,10.881646],[-74.777887,10.882005],[-74.777769,10.882321],[-74.777728,10.882462],[-74.77765,10.88268],[-74.77755,10.882914],[-74.777498,10.883076],[-74.777463,10.883242],[-74.777454,10.883296],[-74.777345,10.883218],[-74.777311,10.883164],[-74.777241,10.883051],[-74.777195,10.882975],[-74.777109,10.882818],[-74.777093,10.882737],[-74.776778,10.882594],[-74.776454,10.882481],[-74.775877,10.882453],[-74.77559,10.882433],[-74.775421,10.882421],[-74.775406,10.88242],[-74.775245,10.882383],[-74.775122,10.88239],[-74.775,10.882405],[-74.774959,10.88241],[-74.774885,10.882398],[-74.774682,10.882367],[-74.774654,10.882343],[-74.774652,10.882154],[-74.774354,10.882002],[-74.773783,10.881816],[-74.773715,10.881799],[-74.773686,10.881792],[-74.77367,10.881788],[-74.773656,10.881785],[-74.773645,10.881777],[-74.773628,10.881764],[-74.77362,10.881758],[-74.773618,10.881757],[-74.773607,10.881749],[-74.773615,10.881738],[-74.773622,10.881726],[-74.773651,10.881682],[-74.773669,10.881655],[-74.773682,10.881635],[-74.773712,10.881591],[-74.773742,10.881545],[-74.773772,10.881501],[-74.773802,10.881455],[-74.77384,10.881413],[-74.773869,10.881381],[-74.773877,10.881372],[-74.773915,10.88133],[-74.773943,10.881297],[-74.773821,10.881262],[-74.773778,10.881249],[-74.773765,10.881246],[-74.773757,10.881243],[-74.773743,10.881237],[-74.773711,10.881223],[-74.773657,10.881215],[-74.773599,10.881209],[-74.773545,10.881204],[-74.773487,10.881198],[-74.773377,10.881188],[-74.773323,10.881189],[-74.7733,10.88119],[-74.773292,10.88119],[-74.773258,10.881191],[-74.773242,10.881195],[-74.773226,10.8812],[-74.773174,10.881194],[-74.773127,10.881196],[-74.773107,10.881197],[-74.772881,10.881204],[-74.772815,10.881203],[-74.772783,10.881202],[-74.772748,10.881201],[-74.772607,10.881198],[-74.772457,10.881187],[-74.772313,10.881176],[-74.772259,10.881172],[-74.772171,10.881167],[-74.772101,10.881162],[-74.772027,10.881158],[-74.771946,10.881137],[-74.771862,10.881116],[-74.77178,10.881096],[-74.771697,10.881075],[-74.771614,10.881047],[-74.771541,10.881018],[-74.77143,10.880975],[-74.771311,10.880975],[-74.771176,10.880987],[-74.771084,10.880995],[-74.771001,10.881003],[-74.770919,10.88101],[-74.770842,10.881017],[-74.770835,10.881017],[-74.770752,10.881025],[-74.770662,10.881032],[-74.770573,10.881039],[-74.770555,10.88104],[-74.770484,10.881041],[-74.770423,10.881042],[-74.770395,10.881035],[-74.770309,10.881011],[-74.770228,10.880988],[-74.770138,10.880964],[-74.770055,10.88094],[-74.769982,10.88092],[-74.769975,10.880918],[-74.769895,10.880895],[-74.769813,10.880872],[-74.769729,10.880849],[-74.769644,10.880842],[-74.769609,10.880839],[-74.76958,10.880826],[-74.769499,10.880792],[-74.769486,10.880786],[-74.769481,10.880833],[-74.769476,10.880884],[-74.769467,10.880955],[-74.769464,10.880971],[-74.769456,10.881034],[-74.76934,10.881916],[-74.769318,10.882301],[-74.769312,10.882403],[-74.769306,10.883004],[-74.769327,10.883554],[-74.769338,10.883853],[-74.769338,10.883861],[-74.769339,10.883888],[-74.76934,10.883924],[-74.76935,10.884204],[-74.769361,10.884677],[-74.769368,10.884735],[-74.769384,10.884862],[-74.769454,10.885439],[-74.769508,10.885744],[-74.769508,10.885745],[-74.769514,10.885777],[-74.76952,10.885817],[-74.769531,10.885893],[-74.769532,10.885895],[-74.769543,10.885969],[-74.769552,10.886028],[-74.769554,10.886041],[-74.769555,10.886047],[-74.769565,10.886112],[-74.769568,10.886131],[-74.769618,10.886386],[-74.769668,10.88665],[-74.769719,10.886914],[-74.769801,10.887359],[-74.769804,10.887375],[-74.769838,10.887562],[-74.76987,10.887742],[-74.769875,10.88777],[-74.769886,10.88783],[-74.769891,10.887881],[-74.769893,10.887896],[-74.769913,10.888087],[-74.769913,10.88846],[-74.769889,10.888703],[-74.769851,10.889231],[-74.769837,10.889383],[-74.769835,10.889407],[-74.769834,10.889421],[-74.769811,10.889688],[-74.769809,10.889712],[-74.769808,10.889719],[-74.769805,10.889758],[-74.769791,10.889931],[-74.769769,10.889929],[-74.769661,10.889922],[-74.76958,10.889916],[-74.769572,10.889916],[-74.769374,10.889913],[-74.769117,10.88991],[-74.769098,10.889912],[-74.768916,10.889927],[-74.768726,10.889953],[-74.768402,10.889997],[-74.768087,10.890043],[-74.767826,10.890085],[-74.76781,10.890088],[-74.767789,10.890081],[-74.767785,10.890079],[-74.76774,10.890064],[-74.767578,10.89001],[-74.767461,10.889973],[-74.767398,10.88997],[-74.767325,10.889977],[-74.767095,10.890034],[-74.766848,10.890118],[-74.766837,10.890122],[-74.766526,10.890212],[-74.766192,10.890317],[-74.765935,10.890406],[-74.765835,10.890439],[-74.765616,10.890493],[-74.765428,10.890528],[-74.765263,10.890565],[-74.765132,10.890586],[-74.764975,10.890594],[-74.764778,10.890606],[-74.76465,10.890615],[-74.764557,10.890497],[-74.764513,10.890446],[-74.764494,10.890425],[-74.764476,10.890425],[-74.764457,10.890412],[-74.764438,10.890393],[-74.764401,10.890347],[-74.764375,10.890319],[-74.764367,10.8903],[-74.764339,10.890258],[-74.764316,10.890241],[-74.764301,10.890223],[-74.764291,10.890204],[-74.764282,10.890176],[-74.76428,10.890142],[-74.764264,10.890121],[-74.764243,10.890111],[-74.764234,10.890088],[-74.764243,10.890064],[-74.764263,10.890035],[-74.76428,10.89001],[-74.764309,10.889949],[-74.764309,10.889835],[-74.764295,10.889785],[-74.76428,10.889763],[-74.764255,10.889717],[-74.764259,10.889664],[-74.764259,10.889624],[-74.764213,10.889542],[-74.764205,10.889432],[-74.764191,10.889403],[-74.764165,10.88939],[-74.764105,10.88936],[-74.764048,10.889292],[-74.764024,10.889271],[-74.76402,10.889267],[-74.764006,10.889252],[-74.763996,10.88924],[-74.763988,10.889232],[-74.763988,10.889221],[-74.763987,10.889219],[-74.763973,10.889186],[-74.76397,10.889179],[-74.763944,10.889117],[-74.763914,10.889069],[-74.763871,10.888968],[-74.763841,10.888875],[-74.763829,10.888836],[-74.763768,10.888711],[-74.763689,10.888579],[-74.763598,10.88849],[-74.763492,10.888424],[-74.763029,10.88833],[-74.762612,10.88823],[-74.762581,10.888223],[-74.762163,10.888057],[-74.761667,10.887872],[-74.761328,10.88773],[-74.761104,10.887623],[-74.760637,10.887355],[-74.759983,10.887009],[-74.759638,10.886801],[-74.759177,10.886569],[-74.758687,10.886247],[-74.758297,10.886032],[-74.758269,10.886016],[-74.75819,10.885973],[-74.757772,10.88577],[-74.757391,10.885616],[-74.757058,10.885533],[-74.756731,10.885456],[-74.756495,10.885379],[-74.756258,10.885295],[-74.755913,10.885201],[-74.755659,10.885147],[-74.754994,10.885035],[-74.754564,10.88497],[-74.754152,10.884935],[-74.753886,10.884864],[-74.75336,10.884871],[-74.752846,10.884932],[-74.752392,10.885005],[-74.752174,10.885041],[-74.751751,10.885156],[-74.751546,10.885222],[-74.751389,10.8853],[-74.751201,10.885355],[-74.751001,10.885367],[-74.750898,10.885352],[-74.750796,10.885337],[-74.750638,10.885332],[-74.75033,10.885315],[-74.750039,10.885255],[-74.749906,10.885226],[-74.749483,10.885227],[-74.749271,10.885227],[-74.748999,10.885228],[-74.748757,10.885228],[-74.748194,10.885271],[-74.74768,10.885308],[-74.747136,10.885274],[-74.74627,10.88521],[-74.745255,10.885147],[-74.745145,10.885141],[-74.74486,10.885087],[-74.745023,10.884812],[-74.745066,10.884738],[-74.745144,10.884603],[-74.745252,10.884429],[-74.745445,10.884183],[-74.745548,10.883968],[-74.745674,10.883752],[-74.745873,10.883411],[-74.745571,10.883471],[-74.744975,10.883597],[-74.744422,10.883713],[-74.74432,10.884126],[-74.743884,10.884079],[-74.743442,10.884032],[-74.743321,10.884015],[-74.742499,10.88398],[-74.741821,10.883982],[-74.741815,10.883809],[-74.741812,10.883799],[-74.741772,10.883641],[-74.741729,10.883408],[-74.741656,10.883199],[-74.741571,10.883002],[-74.741498,10.882799],[-74.741425,10.882631],[-74.741346,10.882428],[-74.741248,10.882231],[-74.741145,10.882064],[-74.74107,10.881904],[-74.741036,10.881831],[-74.740872,10.881628],[-74.740777,10.88146],[-74.740751,10.881413],[-74.740599,10.881138],[-74.740453,10.8809],[-74.740319,10.880714],[-74.740198,10.880523],[-74.740083,10.880398],[-74.740035,10.880323],[-74.739949,10.880189],[-74.739846,10.879962],[-74.739749,10.879765],[-74.739542,10.879472],[-74.739366,10.879138],[-74.739141,10.878678],[-74.73905,10.878415],[-74.738977,10.878194],[-74.738886,10.877907],[-74.738831,10.877674],[-74.738777,10.877506],[-74.738104,10.876001],[-74.738133,10.876584],[-74.738136,10.876638],[-74.738157,10.877171],[-74.73816,10.877267],[-74.738164,10.877398],[-74.738169,10.877569],[-74.738172,10.877699],[-74.738175,10.877865],[-74.738177,10.877994],[-74.738179,10.878157],[-74.738181,10.878284],[-74.738182,10.878445],[-74.738182,10.87856],[-74.738181,10.878907],[-74.738181,10.878957],[-74.738176,10.879256],[-74.738175,10.879344],[-74.738166,10.87968],[-74.738165,10.879702],[-74.738154,10.880013],[-74.73815,10.8801],[-74.738135,10.880408],[-74.738134,10.880427],[-74.738115,10.880747],[-74.738109,10.880831],[-74.738089,10.881103],[-74.738085,10.881152],[-74.738058,10.881461],[-74.738051,10.881538],[-74.738025,10.881793],[-74.738018,10.881856],[-74.737984,10.882156],[-74.737975,10.882224],[-74.737944,10.88247],[-74.737934,10.882541],[-74.737892,10.882834],[-74.737883,10.882889],[-74.737844,10.883135],[-74.737832,10.883209],[-74.737782,10.883496],[-74.737775,10.883531],[-74.737727,10.883785],[-74.737712,10.88386],[-74.737654,10.884143],[-74.73741,10.885282],[-74.737272,10.885912],[-74.737202,10.886219],[-74.737135,10.886507],[-74.737069,10.886781],[-74.737004,10.887042],[-74.736934,10.887312],[-74.736864,10.887572],[-74.736794,10.887824],[-74.736722,10.888067],[-74.73665,10.888305],[-74.736577,10.888536],[-74.736502,10.888761],[-74.736426,10.888981],[-74.736367,10.889147],[-74.736244,10.889494],[-74.736088,10.88992],[-74.735943,10.890307],[-74.735804,10.890666],[-74.735666,10.891009],[-74.735529,10.891334],[-74.735393,10.891644],[-74.735256,10.891941],[-74.735115,10.892233],[-74.734972,10.892513],[-74.734827,10.892783],[-74.73468,10.893043],[-74.73453,10.893294],[-74.734454,10.893416],[-74.734378,10.893536],[-74.7343,10.893653],[-74.734222,10.893769],[-74.734142,10.893883],[-74.734062,10.893994],[-74.733968,10.894122],[-74.733869,10.894252],[-74.733764,10.894386],[-74.733654,10.894523],[-74.733539,10.894665],[-74.733415,10.894813],[-74.733137,10.895139],[-74.73304,10.895249],[-74.73294,10.895359],[-74.732838,10.895469],[-74.732733,10.895577],[-74.732626,10.895686],[-74.732515,10.895794],[-74.732402,10.895902],[-74.732286,10.89601],[-74.732167,10.896117],[-74.732045,10.896225],[-74.73192,10.896332],[-74.731791,10.89644],[-74.731659,10.896548],[-74.731524,10.896657],[-74.731384,10.896766],[-74.73124,10.896877],[-74.730994,10.89706],[-74.730733,10.897249],[-74.730456,10.897443],[-74.730157,10.897649],[-74.729887,10.89783],[-74.729586,10.898029],[-74.728769,10.898562],[-74.728542,10.89871],[-74.728138,10.898976],[-74.72773,10.89925],[-74.727367,10.899501],[-74.727165,10.899644],[-74.726972,10.899784],[-74.726787,10.899921],[-74.726609,10.900056],[-74.726437,10.90019],[-74.726271,10.900323],[-74.726111,10.900455],[-74.725955,10.900587],[-74.725706,10.900797],[-74.725438,10.901014],[-74.72515,10.901239],[-74.724836,10.901478],[-74.724552,10.901689],[-74.724232,10.901922],[-74.723116,10.902723],[-74.722681,10.903039],[-74.722456,10.903205],[-74.722246,10.903362],[-74.722048,10.903512],[-74.721861,10.903657],[-74.72165,10.903824],[-74.721449,10.903986],[-74.721258,10.904145],[-74.721076,10.904301],[-74.720901,10.904455],[-74.720733,10.904607],[-74.720573,10.904758],[-74.720419,10.904908],[-74.720232,10.905098],[-74.720056,10.905286],[-74.719889,10.905475],[-74.719731,10.905663],[-74.719582,10.905851],[-74.719511,10.905945],[-74.719442,10.90604],[-74.719375,10.906135],[-74.71931,10.906229],[-74.719247,10.906324],[-74.719187,10.906419],[-74.719128,10.906515],[-74.719072,10.906611],[-74.719018,10.906707],[-74.718965,10.906803],[-74.718915,10.9069],[-74.718867,10.906997],[-74.718821,10.907095],[-74.718777,10.907192],[-74.718735,10.907291],[-74.718695,10.907389],[-74.718657,10.907488],[-74.718621,10.907588],[-74.718587,10.907687],[-74.718555,10.907788],[-74.718525,10.907888],[-74.718497,10.90799],[-74.718414,10.908288],[-74.718378,10.908432],[-74.718362,10.908505],[-74.71835,10.908573],[-74.718341,10.908638],[-74.718334,10.908699],[-74.718332,10.908745],[-74.718331,10.908751],[-74.71833,10.908795],[-74.71833,10.908835],[-74.718331,10.908855],[-74.718332,10.908886],[-74.718333,10.908904],[-74.718336,10.908941],[-74.718337,10.908954],[-74.718343,10.909005],[-74.718343,10.909006],[-74.71835,10.909056],[-74.718353,10.909075],[-74.718359,10.909108],[-74.718363,10.909129],[-74.71837,10.90916],[-74.718375,10.909183],[-74.718382,10.909213],[-74.718388,10.909236],[-74.718396,10.909267],[-74.718403,10.909291],[-74.718412,10.909321],[-74.718419,10.909345],[-74.718429,10.909376],[-74.718438,10.909401],[-74.718449,10.909433],[-74.718457,10.909457],[-74.71847,10.90949],[-74.718479,10.909514],[-74.718493,10.909549],[-74.718502,10.909572],[-74.718515,10.909601],[-74.718527,10.909629],[-74.718544,10.909667],[-74.718551,10.909684],[-74.718578,10.909741],[-74.718606,10.909799],[-74.718616,10.909819],[-74.718636,10.909858],[-74.718649,10.909882],[-74.718668,10.909919],[-74.718682,10.909945],[-74.718699,10.909976],[-74.718756,10.910076],[-74.718796,10.910146],[-74.718825,10.910195],[-74.718876,10.910279],[-74.718907,10.91033],[-74.718959,10.910414],[-74.719206,10.910808],[-74.719272,10.910913],[-74.71934,10.911017],[-74.71941,10.911121],[-74.719482,10.911224],[-74.719556,10.911326],[-74.719632,10.911427],[-74.719709,10.911527],[-74.719788,10.911625],[-74.719868,10.911723],[-74.71995,10.911818],[-74.720034,10.911912],[-74.720118,10.912005],[-74.720204,10.912095],[-74.720291,10.912184],[-74.720378,10.912271],[-74.720467,10.912356],[-74.720556,10.912438],[-74.720646,10.912518],[-74.720737,10.912596],[-74.720828,10.912672],[-74.72092,10.912745],[-74.721012,10.912816],[-74.721105,10.912885],[-74.721198,10.912951],[-74.721292,10.913015],[-74.721386,10.913076],[-74.72148,10.913134],[-74.721574,10.91319],[-74.721668,10.913243],[-74.721763,10.913294],[-74.721857,10.913342],[-74.721952,10.913387],[-74.722062,10.913435],[-74.722179,10.913479],[-74.722306,10.91352],[-74.722442,10.913559],[-74.722577,10.913592],[-74.722729,10.913625],[-74.722885,10.913657],[-74.723313,10.913739],[-74.723443,10.913766],[-74.723559,10.913792],[-74.723689,10.913825],[-74.72381,10.913859],[-74.723923,10.913895],[-74.724029,10.913933],[-74.724143,10.913978],[-74.724258,10.914025],[-74.724374,10.914076],[-74.724491,10.914128],[-74.72461,10.914184],[-74.724731,10.914243],[-74.724854,10.914305],[-74.724979,10.914369],[-74.725233,10.914508],[-74.725501,10.914661],[-74.725788,10.914832],[-74.726108,10.91503],[-74.726149,10.915057],[-74.726232,10.91511],[-74.72636,10.915196],[-74.726494,10.91529],[-74.726634,10.915392],[-74.726904,10.915596],[-74.727409,10.915991],[-74.727615,10.916149],[-74.72783,10.91631],[-74.728027,10.916449],[-74.728216,10.916576],[-74.728411,10.916703],[-74.728611,10.916828],[-74.728818,10.916953],[-74.729032,10.917078],[-74.729253,10.917202],[-74.729483,10.917327],[-74.729722,10.917454],[-74.729962,10.917576],[-74.730213,10.917702],[-74.730478,10.917831],[-74.730762,10.917966],[-74.731035,10.918094],[-74.731339,10.918234],[-74.732481,10.918751],[-74.732956,10.91897],[-74.733449,10.919202],[-74.733674,10.919311],[-74.733889,10.919417],[-74.734145,10.919547],[-74.734389,10.919674],[-74.734623,10.9198],[-74.734849,10.919925],[-74.735067,10.92005],[-74.735277,10.920176],[-74.735481,10.920302],[-74.735679,10.920428],[-74.736361,10.920874],[-74.736856,10.921201],[-74.737303,10.921501],[-74.737709,10.921779],[-74.738101,10.922054],[-74.738468,10.922318],[-74.738815,10.922575],[-74.739146,10.922828],[-74.739311,10.922957],[-74.739472,10.923086],[-74.739629,10.923214],[-74.739783,10.923342],[-74.739933,10.923469],[-74.74008,10.923596],[-74.740224,10.923723],[-74.740365,10.923849],[-74.740502,10.923975],[-74.740637,10.924102],[-74.740768,10.924228],[-74.740897,10.924355],[-74.741022,10.924482],[-74.741145,10.924609],[-74.741265,10.924736],[-74.741382,10.924863],[-74.741476,10.924968],[-74.741569,10.925078],[-74.741662,10.925191],[-74.741756,10.92531],[-74.741849,10.925433],[-74.741944,10.925562],[-74.74204,10.925697],[-74.742138,10.925839],[-74.742168,10.925885],[-74.7423,10.926084],[-74.742477,10.926362],[-74.742643,10.926629],[-74.743037,10.927272],[-74.743239,10.927596],[-74.743341,10.927753],[-74.743438,10.9279],[-74.743532,10.928039],[-74.743623,10.928171],[-74.743716,10.9283],[-74.743807,10.928423],[-74.743898,10.928542],[-74.743989,10.928656],[-74.744079,10.928765],[-74.74417,10.928871],[-74.74426,10.928972],[-74.744261,10.928973],[-74.744352,10.929071],[-74.744622,10.929349],[-74.744885,10.929611],[-74.745144,10.929859],[-74.745271,10.929977],[-74.745398,10.930093],[-74.745524,10.930205],[-74.745649,10.930313],[-74.745774,10.930419],[-74.745897,10.930521],[-74.74602,10.93062],[-74.746143,10.930716],[-74.746265,10.930809],[-74.746386,10.930899],[-74.746464,10.930954],[-74.746482,10.930966],[-74.746544,10.931008],[-74.746627,10.931061],[-74.746712,10.931112],[-74.750214,10.93384],[-74.751718,10.934786],[-74.75385,10.936128],[-74.754202,10.936803],[-74.756681,10.94155],[-74.756759,10.941924],[-74.756833,10.9423],[-74.756904,10.942678],[-74.756971,10.943058],[-74.757034,10.943439],[-74.757094,10.943822],[-74.75715,10.944207],[-74.757202,10.944592],[-74.757251,10.94498],[-74.757296,10.945368],[-74.759474,10.944442],[-74.759601,10.94442],[-74.75984876813362,10.944329768022978],[-74.75951,10.94448],[-74.75939,10.944739],[-74.759337,10.944816],[-74.759279,10.944892],[-74.759255,10.944983],[-74.759211,10.945065],[-74.759167,10.945146],[-74.759138,10.945237],[-74.759109,10.945323],[-74.759085,10.945414],[-74.759071,10.945505],[-74.759042,10.945577],[-74.759037,10.945591],[-74.759022,10.945682],[-74.759003,10.945773],[-74.758993,10.945863],[-74.758993,10.945954],[-74.759027,10.94604],[-74.759026,10.94647],[-74.758968,10.946643],[-74.758963,10.946733],[-74.758959,10.946824],[-74.758949,10.946915],[-74.758934,10.947006],[-74.758934,10.947097],[-74.758925,10.947188],[-74.758925,10.94737],[-74.758924,10.947465],[-74.75891,10.947556],[-74.75891,10.947738],[-74.758905,10.947834],[-74.758866,10.94792],[-74.758861,10.948011],[-74.758857,10.948102],[-74.758857,10.948288],[-74.758842,10.948393],[-74.758842,10.94858],[-74.758827,10.948676],[-74.758814,10.948728],[-74.758803,10.948767],[-74.758789,10.948862],[-74.758774,10.948953],[-74.75875,10.949044],[-74.75873,10.94914],[-74.758726,10.949231],[-74.75873,10.949321],[-74.75875,10.949412],[-74.758759,10.949503],[-74.758725,10.949589],[-74.758705,10.94965],[-74.758696,10.949675],[-74.758711,10.949766],[-74.758725,10.949857],[-74.758721,10.949948],[-74.758725,10.950039],[-74.758745,10.95013],[-74.758764,10.950221],[-74.758779,10.950312],[-74.758779,10.950407],[-74.758793,10.950498],[-74.758798,10.950589],[-74.758798,10.950594],[-74.758807,10.950644],[-74.75882,10.95072],[-74.75881,10.950782],[-74.75881,10.950816],[-74.758831,10.950878],[-74.758839,10.950902],[-74.758872,10.950949],[-74.758892,10.950978],[-74.758955,10.951045],[-74.759028,10.951103],[-74.759,10.951207],[-74.758982,10.951346],[-74.75895,10.951375],[-74.758902,10.951457],[-74.758873,10.951543],[-74.758858,10.951634],[-74.758858,10.951729],[-74.758834,10.95182],[-74.758761,10.951882],[-74.758732,10.951914],[-74.758698,10.951949],[-74.75865,10.952031],[-74.758645,10.952122],[-74.758611,10.952208],[-74.758568,10.952289],[-74.758538,10.952844],[-74.758655,10.952854],[-74.758657,10.952809],[-74.758659,10.952777],[-74.758708,10.952777],[-74.758747,10.952811],[-74.758761,10.952887],[-74.758766,10.952978],[-74.758766,10.953069],[-74.758761,10.95316],[-74.75879,10.953246],[-74.758809,10.953337],[-74.758843,10.953423],[-74.758846,10.95345],[-74.758847,10.95346],[-74.758853,10.953514],[-74.758848,10.953605],[-74.758848,10.953791],[-74.758843,10.953882],[-74.758843,10.954155],[-74.758839,10.954224],[-74.758838,10.954246],[-74.758814,10.954337],[-74.758828,10.954428],[-74.758848,10.954518],[-74.758853,10.954609],[-74.758799,10.954686],[-74.758799,10.954777],[-74.758804,10.954868],[-74.758804,10.955049],[-74.758785,10.95514],[-74.758828,10.955226],[-74.758838,10.955317],[-74.758828,10.955408],[-74.758799,10.955499],[-74.758785,10.95559],[-74.758809,10.955681],[-74.758804,10.955772],[-74.75878,10.955863],[-74.75878,10.955954],[-74.758789,10.956021],[-74.758789,10.956044],[-74.758777,10.956089],[-74.758791,10.956089],[-74.758772,10.95618],[-74.758767,10.956271],[-74.758767,10.956362],[-74.758772,10.956453],[-74.758777,10.956544],[-74.758777,10.956546],[-74.758782,10.95664],[-74.758796,10.956735],[-74.758796,10.957099],[-74.758782,10.95719],[-74.758743,10.957281],[-74.758733,10.957371],[-74.758733,10.957462],[-74.758738,10.957553],[-74.758738,10.957644],[-74.758733,10.957735],[-74.758689,10.957816],[-74.758665,10.957907],[-74.758665,10.958089],[-74.75867,10.958185],[-74.758728,10.958256],[-74.758796,10.958371],[-74.758791,10.958462],[-74.758791,10.958831],[-74.758786,10.958926],[-74.758781,10.959017],[-74.758791,10.959108],[-74.75881,10.959199],[-74.758813,10.959247],[-74.758815,10.95929],[-74.758817,10.959298],[-74.758834,10.959381],[-74.758849,10.959472],[-74.758849,10.959562],[-74.758858,10.959653],[-74.758869,10.959662],[-74.758868,10.959667],[-74.758517,10.961298],[-74.758517,10.961299],[-74.758509,10.961299],[-74.758644,10.964801],[-74.758764,10.967862],[-74.758836,10.97013],[-74.758841,10.970226],[-74.758841,10.970316],[-74.758851,10.970407],[-74.758851,10.970776],[-74.758883,10.970816],[-74.758909,10.970847],[-74.759006,10.970848],[-74.75903,10.970848],[-74.759033,10.970861],[-74.759037,10.97088],[-74.759049,10.970929],[-74.759044,10.97102],[-74.759042,10.971062],[-74.759039,10.971115],[-74.759039,10.971206],[-74.759047,10.971236],[-74.759064,10.971297],[-74.759064,10.971388],[-74.759061,10.971415],[-74.759054,10.971479],[-74.759025,10.97157],[-74.758996,10.971656],[-74.758996,10.971747],[-74.75902,10.971838],[-74.759015,10.971929],[-74.758923,10.971953],[-74.758923,10.972034],[-74.758981,10.972024],[-74.759059,10.972015],[-74.759063,10.972067],[-74.759063,10.972158],[-74.759068,10.972249],[-74.759072,10.972329],[-74.759073,10.97234],[-74.759092,10.972431],[-74.759102,10.972523],[-74.759102,10.972618],[-74.759107,10.972708],[-74.759112,10.972799],[-74.759112,10.973],[-74.759131,10.973077],[-74.759136,10.973168],[-74.759142,10.973187],[-74.759165,10.973254],[-74.759184,10.973345],[-74.759203,10.973436],[-74.759207,10.973471],[-74.759213,10.973531],[-74.759218,10.973622],[-74.759237,10.973713],[-74.759208,10.973799],[-74.759213,10.97389],[-74.759286,10.973947],[-74.759313,10.973956],[-74.759378,10.973976],[-74.75945,10.974034],[-74.759461,10.974066],[-74.759479,10.97412],[-74.759483,10.974139],[-74.759487,10.974158],[-74.759499,10.974211],[-74.759542,10.974292],[-74.759572,10.974358],[-74.759581,10.974378],[-74.759581,10.974469],[-74.759639,10.974617],[-74.759668,10.974681],[-74.759678,10.974703],[-74.759678,10.974756],[-74.759672,10.974757],[-74.75961,10.974766],[-74.759513,10.974775],[-74.75945,10.974775],[-74.759455,10.974847],[-74.759464,10.974938],[-74.759464,10.97512],[-74.759461,10.975134],[-74.759475,10.975132],[-74.759475,10.975223],[-74.75948,10.975314],[-74.759514,10.9754],[-74.759562,10.975482],[-74.759615,10.975558],[-74.759636,10.975596],[-74.759659,10.97564],[-74.759683,10.97573],[-74.759678,10.975821],[-74.759646,10.975868],[-74.759625,10.975898],[-74.759562,10.975965],[-74.759499,10.976037],[-74.75948,10.976127],[-74.759446,10.976218],[-74.759446,10.976309],[-74.75947,10.9764],[-74.759562,10.976424],[-74.759644,10.976472],[-74.759731,10.976505],[-74.759809,10.976558],[-74.759817,10.976566],[-74.759877,10.976625],[-74.75992,10.976711],[-74.759896,10.976802],[-74.759857,10.976888],[-74.759846,10.976928],[-74.759833,10.976979],[-74.759789,10.977307],[-74.759924,10.977332],[-74.759926,10.977333],[-74.761963,10.977724],[-74.76264,10.977865],[-74.763075,10.977954],[-74.763455,10.977972],[-74.763835,10.977913],[-74.764189,10.977824],[-74.764883,10.977754],[-74.765814,10.977679],[-74.766452,10.977631],[-74.767022,10.977636],[-74.767798,10.977642],[-74.768665,10.977689],[-74.76916,10.977624],[-74.769278,10.977608],[-74.769973,10.977487],[-74.769964,10.977259],[-74.769962,10.977208],[-74.769949,10.976853],[-74.769918,10.975379],[-74.769946,10.974888],[-74.769965,10.974738],[-74.770008,10.974568],[-74.77005,10.974402],[-74.77007,10.974316],[-74.772201,10.974691],[-74.772245,10.974693],[-74.772855,10.974811],[-74.773674,10.974959],[-74.774088,10.975048],[-74.774318,10.97508],[-74.774567,10.975145],[-74.774934,10.97526],[-74.775235,10.975366],[-74.775339,10.975401],[-74.775468,10.975457],[-74.775653,10.975532],[-74.775886,10.975626],[-74.77606,10.975699],[-74.776139,10.975733],[-74.776429,10.975844],[-74.776765,10.975976],[-74.777243,10.976189],[-74.777333,10.976217],[-74.777621,10.976351],[-74.777914,10.976479],[-74.778362,10.976658],[-74.77881,10.976859],[-74.779382,10.97711],[-74.779878,10.977308],[-74.78063,10.977604],[-74.781138,10.977805],[-74.781761,10.978057],[-74.782035,10.978157],[-74.782293,10.97825],[-74.782328,10.978109],[-74.782532,10.977401],[-74.782682,10.976924],[-74.782713,10.976844],[-74.782735,10.976781],[-74.782906,10.976223],[-74.783092,10.975628],[-74.783151,10.975419],[-74.783538,10.974296],[-74.783843,10.973459],[-74.783876,10.973358],[-74.78406,10.972851],[-74.784293,10.972231],[-74.784336,10.97209],[-74.784477,10.971703],[-74.784665,10.971212],[-74.784756,10.970973],[-74.784843,10.970757],[-74.784917,10.97057],[-74.78494,10.970516],[-74.78506,10.970259],[-74.785201,10.969952],[-74.785334,10.969685],[-74.785439,10.969466],[-74.785517,10.969309],[-74.785834,10.968627],[-74.786228,10.968033],[-74.78638,10.967794],[-74.786607,10.967613],[-74.786792,10.967581],[-74.786983,10.967553],[-74.787202,10.967521],[-74.787456,10.967488],[-74.787617,10.967471],[-74.787724,10.967437],[-74.787796,10.967417],[-74.78805,10.967302],[-74.788312,10.96715],[-74.788809,10.966899],[-74.789001,10.966762],[-74.78916,10.966701],[-74.789303,10.966614],[-74.789446,10.96651],[-74.7896,10.966377],[-74.789744,10.966222],[-74.789909,10.965981],[-74.790013,10.965814],[-74.790105,10.965677],[-74.790218,10.965545],[-74.790353,10.965435],[-74.790673,10.965185],[-74.790717,10.965149],[-74.790756,10.965119],[-74.790909,10.964994],[-74.791092,10.964878],[-74.791559,10.964635],[-74.791709,10.964553],[-74.791905,10.964455],[-74.792022,10.964404],[-74.792037,10.964398],[-74.792363,10.964257],[-74.79258,10.964149],[-74.792834,10.964024],[-74.793023,10.96392],[-74.793226,10.963837],[-74.793607,10.96364],[-74.794007,10.96345],[-74.794161,10.963367],[-74.794298,10.963303],[-74.794478,10.963221],[-74.794604,10.963161],[-74.794812,10.963064],[-74.795043,10.96297],[-74.795212,10.962968],[-74.795343,10.962964],[-74.79565,10.962948],[-74.795761,10.962939],[-74.795968,10.962921],[-74.796236,10.962899],[-74.796643,10.962861],[-74.796908,10.962843],[-74.797211,10.962822],[-74.797236,10.96282],[-74.797274,10.962816],[-74.797381,10.962803],[-74.797747,10.962752],[-74.797809,10.962741],[-74.797926,10.962712],[-74.798061,10.962677],[-74.798196,10.962636],[-74.798327,10.962592],[-74.798412,10.962557],[-74.798785,10.962356],[-74.798814,10.96234],[-74.798909,10.962277],[-74.798975,10.962239],[-74.799195,10.962101],[-74.799251,10.962066],[-74.799361,10.961991],[-74.799794,10.96171],[-74.800228,10.961429],[-74.800351,10.961343],[-74.800434,10.961408],[-74.800527,10.961472],[-74.800648,10.961567],[-74.800816,10.961629],[-74.800945,10.961647],[-74.801289,10.961681],[-74.801591,10.961721],[-74.80172,10.961736],[-74.801847,10.961814],[-74.80224,10.962156],[-74.802286,10.962192],[-74.802335,10.962224],[-74.802386,10.962251],[-74.80244,10.962274],[-74.802472,10.962284],[-74.802541,10.962301],[-74.802611,10.962313],[-74.802682,10.962318],[-74.802753,10.962317],[-74.802827,10.96231],[-74.8029,10.962296],[-74.802972,10.962276],[-74.803041,10.962249],[-74.803108,10.962217],[-74.803269,10.962127],[-74.803288,10.962094],[-74.803289,10.962067],[-74.803279,10.961961],[-74.803272,10.961872],[-74.80327,10.96178],[-74.803391,10.961468],[-74.803478,10.961229],[-74.803546,10.961046],[-74.803636,10.960798],[-74.803698,10.960626],[-74.803729,10.960561],[-74.80376,10.96049],[-74.803798,10.960413],[-74.803829,10.96035],[-74.803922,10.960156],[-74.804032,10.959923],[-74.804385,10.959213],[-74.804474,10.959094],[-74.804916,10.958505],[-74.804985,10.958415],[-74.805344,10.957947],[-74.80573,10.95732],[-74.806094,10.956722],[-74.805809,10.956542],[-74.805871,10.956484],[-74.805944,10.95641],[-74.805995,10.956353],[-74.806071,10.956262],[-74.806394,10.955923],[-74.80709,10.955228],[-74.807182,10.95514],[-74.807267,10.955045],[-74.807384,10.95494],[-74.807526,10.954796],[-74.807701,10.9546],[-74.807846,10.954446],[-74.808086,10.954195],[-74.808198,10.954078],[-74.80825,10.954027],[-74.808556,10.953716],[-74.808685,10.953591],[-74.808863,10.953415],[-74.809234,10.953026],[-74.809554,10.952698],[-74.809876,10.952358],[-74.810092,10.952135],[-74.810251,10.951975],[-74.810406,10.951815],[-74.810639,10.951582],[-74.810803,10.951409],[-74.810835,10.951369],[-74.810918,10.951288],[-74.810993,10.951213],[-74.811198,10.951015],[-74.811354,10.950859],[-74.811458,10.95075],[-74.811584,10.950614],[-74.811793,10.950398],[-74.811893,10.950298],[-74.812346,10.949846],[-74.812465,10.949713],[-74.812598,10.949576],[-74.812795,10.949393],[-74.812978,10.94923],[-74.813148,10.949087],[-74.813337,10.948943],[-74.813458,10.948848],[-74.813585,10.94876],[-74.813891,10.948548],[-74.814174,10.948392],[-74.814509,10.948214],[-74.815242,10.947888],[-74.815408,10.947827],[-74.815524,10.947788],[-74.816029,10.947611],[-74.816181,10.947557],[-74.816486,10.947456],[-74.816544,10.947436],[-74.816641,10.947404],[-74.816793,10.947353],[-74.816953,10.947295],[-74.817072,10.947255],[-74.817193,10.947214],[-74.817495,10.947111],[-74.81792,10.946972],[-74.81805,10.946925],[-74.818305,10.946836],[-74.818371,10.946816],[-74.818478,10.946784],[-74.818745,10.946691],[-74.818831,10.946667],[-74.819148,10.946567],[-74.819383,10.946485],[-74.820043,10.946258],[-74.820451,10.946125],[-74.821778,10.945681],[-74.821866,10.94565],[-74.822628,10.945383],[-74.822796,10.945327],[-74.823056,10.945234],[-74.823064,10.945232],[-74.823072,10.945229],[-74.823914,10.944947],[-74.824622,10.944716],[-74.82468,10.944697],[-74.824728,10.944682],[-74.825512,10.944448],[-74.825915,10.944366],[-74.826523,10.944233],[-74.827039,10.944119],[-74.827451,10.944033],[-74.827506,10.944022],[-74.827542,10.944015],[-74.827983,10.943931],[-74.828999,10.94372],[-74.829568,10.943598],[-74.829679,10.943574],[-74.830159,10.943481],[-74.83044,10.943427],[-74.831041,10.943317],[-74.831343,10.943244],[-74.831661,10.943205],[-74.832027,10.943191],[-74.832316,10.943197],[-74.833247,10.943277],[-74.833348,10.943286],[-74.833405,10.943291],[-74.833722,10.943318],[-74.833726,10.943318],[-74.833758,10.943024],[-74.833759,10.943018],[-74.833798,10.942615],[-74.83385,10.942083],[-74.833866,10.941511],[-74.833878,10.94108],[-74.833884,10.94086],[-74.833888,10.940687],[-74.833889,10.940627],[-74.833897,10.940269],[-74.8339,10.940159],[-74.833913,10.94012],[-74.833959,10.939685],[-74.83396,10.939677],[-74.833966,10.939623],[-74.834064,10.938703],[-74.834206,10.937377],[-74.834316,10.936343],[-74.834356,10.935973],[-74.834375,10.935795],[-74.834375,10.93575],[-74.834422,10.935715],[-74.834402,10.935093],[-74.83438,10.934841],[-74.834375,10.934786],[-74.834366,10.934679],[-74.83434913815285,10.934592667342514],[-74.834425,10.93441],[-74.83430354445298,10.934359227599193],[-74.834241,10.934039],[-74.834143,10.933677],[-74.834052,10.933391],[-74.833904,10.932985],[-74.833952,10.933116],[-74.834052,10.932873],[-74.833813,10.932775],[-74.83384,10.932838],[-74.833754,10.932641],[-74.833725,10.932573],[-74.833671,10.932473],[-74.833424,10.932016],[-74.83317,10.931621],[-74.832825,10.931145],[-74.832344,10.930613],[-74.832187,10.930469],[-74.831819,10.93013],[-74.831594,10.929968],[-74.831407,10.929833],[-74.831313,10.929766],[-74.831028,10.929561],[-74.829584,10.928858],[-74.82939,10.928768],[-74.82848,10.928344],[-74.828003,10.928122],[-74.827612,10.927939],[-74.827711,10.927659],[-74.827974,10.926911],[-74.827968,10.926854],[-74.827968,10.926797],[-74.827975,10.926741],[-74.827988,10.926685],[-74.828007,10.926631],[-74.828032,10.92658],[-74.828037,10.926571],[-74.828045,10.926559],[-74.828063,10.926531],[-74.828099,10.926487],[-74.82814,10.926446],[-74.828282,10.926298],[-74.828348,10.926217],[-74.828414,10.926133],[-74.828459,10.926077],[-74.828499,10.926003],[-74.828609,10.92581],[-74.828707,10.925632],[-74.828593,10.925457],[-74.82852,10.925383],[-74.828439,10.925331],[-74.828351,10.925292],[-74.828248,10.925262],[-74.828357,10.924534],[-74.828392,10.924321],[-74.828416,10.924224],[-74.828456,10.924129],[-74.828593,10.923874],[-74.82879,10.923551],[-74.828915,10.923317],[-74.828966,10.923203],[-74.829006,10.923078],[-74.82904,10.922911],[-74.829116,10.922652],[-74.829271,10.92219],[-74.829345,10.921831],[-74.829323,10.92183],[-74.829315,10.92183],[-74.829031,10.921799],[-74.828778,10.92175],[-74.828334,10.921618],[-74.827875,10.921486],[-74.827643,10.921431],[-74.827426,10.92138],[-74.826736,10.921252],[-74.826039,10.921108],[-74.825739,10.921029],[-74.825322,10.920905],[-74.823548,10.920416],[-74.823093,10.921252],[-74.822745,10.921863],[-74.822528,10.922449],[-74.82254,10.922885],[-74.822543,10.923007],[-74.822547,10.923148],[-74.822548,10.923163],[-74.822524,10.924252],[-74.822518,10.924491],[-74.82249,10.925513],[-74.822489,10.92554],[-74.822466,10.92553],[-74.821493,10.925071],[-74.820785,10.924738],[-74.820328,10.924522],[-74.819563,10.924162],[-74.81944,10.924102],[-74.819353,10.924059],[-74.818894,10.923834],[-74.818708,10.923743],[-74.818198,10.923452],[-74.817651,10.923153],[-74.817352,10.923027],[-74.817346,10.923029],[-74.817338,10.923029],[-74.817293,10.923053],[-74.816883,10.923231],[-74.816822,10.923264],[-74.81672,10.92332],[-74.816668,10.923348],[-74.816603,10.923348],[-74.816603,10.923386],[-74.816542,10.923419],[-74.816477,10.923409],[-74.81577,10.923414],[-74.815437,10.923414],[-74.815279,10.923419],[-74.814759,10.923419],[-74.814669,10.923424],[-74.814166,10.923424],[-74.814125,10.923428],[-74.81406,10.923433],[-74.813894,10.923447],[-74.813837,10.923447],[-74.813829,10.923452],[-74.813788,10.923452],[-74.813751,10.923456],[-74.813532,10.92347],[-74.813292,10.923489],[-74.813244,10.923494],[-74.813073,10.923503],[-74.813069,10.923433],[-74.813065,10.923391],[-74.813053,10.923208],[-74.813053,10.923184],[-74.813012,10.923184],[-74.812947,10.923189],[-74.812813,10.923189],[-74.81231,10.923203],[-74.812301,10.922997],[-74.812301,10.922959],[-74.812204,10.922959],[-74.812143,10.922961],[-74.812058,10.922964],[-74.812054,10.92287],[-74.812029,10.922865],[-74.812025,10.922814],[-74.811836,10.922769],[-74.8122,10.92275],[-74.81220940629275,10.922714726402189],[-74.812343,10.922712],[-74.812366,10.922711],[-74.812518,10.922707],[-74.812604,10.922702],[-74.812769,10.922691],[-74.813095,10.922671],[-74.813261,10.92266],[-74.81338,10.922654],[-74.813636,10.922641],[-74.813638,10.922641],[-74.813802,10.922633],[-74.813829,10.922632],[-74.81385,10.922631],[-74.81407,10.922619],[-74.814256,10.92261],[-74.814412,10.922602],[-74.81449,10.922598],[-74.814504,10.922597],[-74.814583,10.922593],[-74.814584,10.922549],[-74.814586,10.92244],[-74.814587,10.922379],[-74.814587,10.922335],[-74.814625,10.922332],[-74.814774,10.922322],[-74.814877,10.922282],[-74.815136,10.922173],[-74.815493,10.922042],[-74.815629,10.921989],[-74.815878,10.921745],[-74.816346,10.921296],[-74.816608,10.921061],[-74.816698,10.92098],[-74.816872,10.920896],[-74.816959,10.920854],[-74.817363,10.920648],[-74.817786,10.920455],[-74.817866,10.920418],[-74.818061,10.920323],[-74.818114,10.920296],[-74.818158,10.920274],[-74.818211,10.920247],[-74.818498,10.920096],[-74.818672,10.919988],[-74.818766,10.919905],[-74.818795,10.919879],[-74.818925,10.919763],[-74.819034,10.91964],[-74.819207,10.919445],[-74.819232,10.919418],[-74.819287,10.919356],[-74.819347,10.919291],[-74.819421,10.9192],[-74.819526,10.919072],[-74.819529,10.919068],[-74.819552,10.919039],[-74.819624,10.918952],[-74.819766,10.91883],[-74.819889,10.918725],[-74.819953,10.91869],[-74.819991,10.918669],[-74.820181,10.918565],[-74.820397,10.918502],[-74.820485,10.918477],[-74.820582,10.918448],[-74.820676,10.918447],[-74.820769,10.918446],[-74.820796,10.918455],[-74.820937,10.918503],[-74.821138,10.918571],[-74.821183,10.918472],[-74.821211,10.918402],[-74.821239,10.918333],[-74.821312,10.918107],[-74.821316,10.918096],[-74.82135,10.918005],[-74.82137,10.917924],[-74.821443,10.917724],[-74.821468,10.917653],[-74.821536,10.917468],[-74.821569,10.917473],[-74.821662,10.917489],[-74.821688,10.917498],[-74.821698,10.917471],[-74.821701,10.917464],[-74.82175,10.917374],[-74.821776,10.917327],[-74.821801,10.917281],[-74.821809,10.917266],[-74.821834,10.917227],[-74.821862,10.917183],[-74.821878,10.917157],[-74.821896,10.917129],[-74.821914,10.9171],[-74.821945,10.91706],[-74.821983,10.917011],[-74.822005,10.916979],[-74.822019,10.916959],[-74.822042,10.916893],[-74.822065,10.916803],[-74.822125,10.916735],[-74.822234,10.916678],[-74.822404,10.916617],[-74.822443,10.916595],[-74.822523,10.916549],[-74.82255,10.916533],[-74.822557,10.916517],[-74.822583,10.916458],[-74.822612,10.916392],[-74.822613,10.91639],[-74.822628,10.916356],[-74.82266,10.916284],[-74.822663,10.916278],[-74.822715,10.916252],[-74.822735,10.91624],[-74.822857,10.916177],[-74.823127,10.916036],[-74.82324,10.915984],[-74.823386,10.915916],[-74.823522,10.915838],[-74.823605,10.915791],[-74.823855,10.915666],[-74.823956,10.915609],[-74.824175,10.915484],[-74.824325,10.915399],[-74.82442,10.915346],[-74.824726,10.915239],[-74.824745,10.915235],[-74.82502,10.915173],[-74.825058,10.915164],[-74.825284,10.91512],[-74.825305,10.91511],[-74.825375,10.915076],[-74.825409,10.915042],[-74.825443,10.915007],[-74.825563,10.914867],[-74.825723,10.914699],[-74.825755,10.914666],[-74.825883,10.914561],[-74.825969,10.914491],[-74.826035,10.914437],[-74.826095,10.914386],[-74.826114,10.914371],[-74.826232,10.91427],[-74.826252,10.914253],[-74.826371,10.914154],[-74.826471,10.914072],[-74.826495,10.914052],[-74.826522,10.914032],[-74.826539,10.914019],[-74.826675,10.913916],[-74.826732,10.91384],[-74.826838,10.913737],[-74.826889,10.913689],[-74.826936,10.913643],[-74.827048,10.913526],[-74.827119,10.913395],[-74.827163,10.913256],[-74.827191,10.913167],[-74.827281,10.912858],[-74.827433,10.912425],[-74.827574,10.912099],[-74.827657,10.911973],[-74.827748,10.91188],[-74.827886,10.911775],[-74.828121,10.91163],[-74.828162,10.911589],[-74.828261,10.91144],[-74.828273,10.911422],[-74.828346,10.911291],[-74.828396,10.911201],[-74.828423,10.911033],[-74.828395,10.910782],[-74.828202,10.910252],[-74.828113,10.910005],[-74.828057,10.909756],[-74.828042,10.909075],[-74.828102,10.908569],[-74.828131,10.90847],[-74.828257,10.908275],[-74.828438,10.908061],[-74.828743,10.907901],[-74.829146,10.907758],[-74.829572,10.907597],[-74.829756,10.907502],[-74.829758,10.907501],[-74.829921,10.907387],[-74.829947,10.907369],[-74.830239,10.907135],[-74.830329,10.906966],[-74.830494,10.906525],[-74.830601,10.906329],[-74.830772,10.906145],[-74.831488,10.905635],[-74.831937,10.905313],[-74.832129,10.905177],[-74.832129,10.90522],[-74.832424,10.905006],[-74.832824,10.904759],[-74.833312,10.904428],[-74.83332,10.904418],[-74.833416,10.904301],[-74.833427,10.904268],[-74.833473,10.904128],[-74.833505,10.904077],[-74.83357,10.903975],[-74.833826,10.903647],[-74.83405,10.903175],[-74.834191,10.902848],[-74.834346,10.90251],[-74.834379,10.902441],[-74.834419,10.902332],[-74.834492,10.902138],[-74.834511,10.90211],[-74.834672,10.901874],[-74.834741,10.901773],[-74.834999,10.901506],[-74.835164,10.901433],[-74.835443,10.901259],[-74.835651,10.901136],[-74.835914,10.900982],[-74.836029,10.900869],[-74.836055,10.900843],[-74.836076,10.900822],[-74.83612,10.900674],[-74.836182,10.900461],[-74.836307,10.899977],[-74.836343,10.89984],[-74.836459,10.899229],[-74.836462,10.899197],[-74.836511,10.898679],[-74.836514,10.898646],[-74.83652,10.898227],[-74.836518,10.898213],[-74.836486,10.898014],[-74.83639,10.89762],[-74.836379,10.897495],[-74.836359,10.897265],[-74.83636,10.897217],[-74.836365,10.897071],[-74.836366,10.89701],[-74.836368,10.896956],[-74.836376,10.896667],[-74.836416,10.89609],[-74.836453,10.895683],[-74.836554,10.895038],[-74.836591,10.894758],[-74.83666,10.894436],[-74.836673,10.894373],[-74.836675,10.894349],[-74.836684,10.894215],[-74.836748,10.89393],[-74.836819,10.893702],[-74.836928,10.893373],[-74.837124,10.892926],[-74.837349,10.892294],[-74.837507,10.891687],[-74.837509,10.891673],[-74.837531,10.891542],[-74.837537,10.891508],[-74.837574,10.891145],[-74.837573,10.891016],[-74.837573,10.890984],[-74.83758,10.890704],[-74.837625,10.890435],[-74.837673,10.890274],[-74.837707,10.890158],[-74.837869,10.889765],[-74.837935,10.889606],[-74.837967,10.889531],[-74.838095,10.889299],[-74.838362,10.888868],[-74.838415,10.888775],[-74.838517,10.888595],[-74.838678,10.888107],[-74.838705,10.888004],[-74.838752,10.887821],[-74.838782,10.887703],[-74.838966,10.887009],[-74.839017,10.886671],[-74.83906,10.886382],[-74.839111,10.885832],[-74.839116,10.885672],[-74.839118,10.885596]],[[-74.810922,10.927615],[-74.810855,10.927845],[-74.810857,10.927837],[-74.810922,10.927615]],[[-74.81086784904657,10.922494746480954],[-74.810862,10.922495],[-74.810858,10.92241],[-74.810856,10.922371],[-74.810853,10.922316],[-74.81085114514175,10.922288177126243],[-74.810854,10.922288],[-74.81086784904657,10.922494746480954]],[[-74.810855,10.927845],[-74.81075,10.928282],[-74.810838,10.927915],[-74.810855,10.927845]],[[-74.81075,10.928282],[-74.810695,10.928587],[-74.810715,10.928473],[-74.81075,10.928282]],[[-74.810695,10.928587],[-74.810671,10.92873],[-74.81069,10.928616],[-74.810695,10.928587]],[[-74.810452,10.925419],[-74.810345,10.925424],[-74.810248,10.925428],[-74.810452,10.925419]],[[-74.810051,10.925428],[-74.810003,10.925426],[-74.809909,10.925422],[-74.810051,10.925428]],[[-74.809909,10.925422],[-74.809849,10.925419],[-74.80981,10.925417],[-74.809909,10.925422]],[[-74.80970362090568,10.922260606222402],[-74.80943,10.92228],[-74.80942973961571,10.922271928086753],[-74.80970362090568,10.922260606222402]],[[-74.809573,10.922887],[-74.809511,10.922903],[-74.809499,10.922908],[-74.809418,10.922936],[-74.809369,10.922954],[-74.809324,10.922973],[-74.809304,10.922983],[-74.809235,10.923006],[-74.809093,10.923067],[-74.809068,10.923072],[-74.809052,10.923072],[-74.809024,10.923076],[-74.808983,10.923086],[-74.808926,10.923095],[-74.808784,10.923161],[-74.808634,10.923241],[-74.80852,10.923316],[-74.808471,10.923348],[-74.808467,10.923348],[-74.808423,10.923363],[-74.808382,10.923381],[-74.808321,10.923381],[-74.808288,10.923367],[-74.808199,10.923339],[-74.808126,10.923306],[-74.808102,10.923292],[-74.807907,10.923203],[-74.807679,10.923053],[-74.807598,10.922997],[-74.807588,10.922991],[-74.808361,10.922951],[-74.809573,10.922887]],[[-74.809415124533,10.921909957658777],[-74.809402,10.921891],[-74.809389,10.921872],[-74.809386,10.921867],[-74.809377,10.921858],[-74.80936603500955,10.921846656906427],[-74.809368,10.921847],[-74.809413,10.921855],[-74.809414,10.921867],[-74.809415,10.921907],[-74.809415124533,10.921909957658777]],[[-74.809216,10.925264],[-74.809212,10.925263],[-74.809187,10.925254],[-74.809216,10.925264]],[[-74.807125,10.9244],[-74.807074,10.924413],[-74.807053,10.924417],[-74.807125,10.9244]],[[-74.807053,10.924417],[-74.807001,10.924443],[-74.80699,10.924448],[-74.807053,10.924417]],[[-74.8069718307691,10.921837138461578],[-74.806969,10.921838],[-74.806938,10.92185],[-74.806916,10.921859],[-74.806899,10.921861],[-74.80687764258555,10.921863604562738],[-74.8069718307691,10.921837138461578]],[[-74.80686,10.923029],[-74.80268,10.923248],[-74.80353,10.923203],[-74.80686,10.923029]],[[-74.80602975188032,10.922118761715845],[-74.80566277542864,10.92224310197241],[-74.805714,10.922221],[-74.805718,10.922219],[-74.805896,10.922138],[-74.80602975188032,10.922118761715845]],[[-74.805722,10.934077],[-74.80551,10.934328],[-74.80572,10.934079],[-74.805722,10.934077]],[[-74.805202535,10.922425889000001],[-74.805199,10.922427],[-74.805162,10.922438],[-74.804969,10.922366],[-74.804831,10.922308],[-74.804821,10.922304],[-74.804698,10.922253],[-74.804513,10.922144],[-74.804337,10.92204],[-74.80433653333333,10.922039666666663],[-74.80457,10.922177],[-74.804609,10.9222],[-74.804701,10.922254],[-74.804891,10.922326],[-74.805202535,10.922425889000001]],[[-74.80458,10.935693],[-74.804563,10.935686],[-74.804566,10.935687],[-74.80458,10.935693]],[[-74.804491,10.935707],[-74.804471,10.935729],[-74.804477,10.935721],[-74.804491,10.935707]],[[-74.804471,10.935729],[-74.804444,10.93577],[-74.804461,10.935744],[-74.804471,10.935729]],[[-74.80429010096155,10.922027576923078],[-74.804287,10.922027],[-74.80428684455958,10.922026844559584],[-74.80429010096155,10.922027576923078]],[[-74.804289,10.935876],[-74.804278,10.935881],[-74.804279,10.93588],[-74.804289,10.935876]],[[-74.804011,10.935972],[-74.803998,10.936006],[-74.804004,10.935989],[-74.804011,10.935972]],[[-74.804,10.936042],[-74.803998,10.93601],[-74.803998,10.936006],[-74.804,10.936042]],[[-74.80275427272728,10.921744727272728],[-74.802735,10.921744],[-74.802616,10.921739],[-74.802569,10.921737],[-74.802416,10.921742],[-74.802203,10.92175],[-74.80218150000009,10.921750999999995],[-74.802394,10.921739],[-74.802423,10.921738],[-74.802601,10.921729],[-74.802617,10.921731],[-74.80275427272728,10.921744727272728]],[[-74.802713,10.937421],[-74.802691,10.93832],[-74.802711,10.937474],[-74.802713,10.937421]],[[-74.80211,10.923277],[-74.79724332605274,10.923532147940524],[-74.797239,10.923455],[-74.797239,10.923452],[-74.79729,10.92343],[-74.797451,10.923353],[-74.797551,10.923323],[-74.797606,10.923306],[-74.797706,10.923287],[-74.797791,10.923271],[-74.797882,10.923255],[-74.79795,10.923224],[-74.798031,10.923151],[-74.798072,10.923094],[-74.798107,10.923037],[-74.798125,10.922988],[-74.798138,10.92293],[-74.798155,10.922828],[-74.798166,10.922699],[-74.798179,10.922575],[-74.798202,10.922471],[-74.798212,10.922423],[-74.798224,10.922366],[-74.798227,10.922361],[-74.798258,10.922284],[-74.798289,10.922208],[-74.798369,10.922114],[-74.798407,10.922069],[-74.798552,10.921992],[-74.798758,10.921894],[-74.798864,10.921815],[-74.798945,10.921729],[-74.798964,10.921709],[-74.79901,10.92166],[-74.799039,10.921652],[-74.79907,10.921644],[-74.799084,10.92164],[-74.799113,10.921632],[-74.799127,10.921629],[-74.799129,10.921628],[-74.79913,10.921628],[-74.799141,10.921625],[-74.799143,10.921625],[-74.799139,10.921552],[-74.799174,10.921549],[-74.799201,10.921549],[-74.799244,10.921548],[-74.799297,10.921545],[-74.799293,10.921315],[-74.799366,10.921335],[-74.799372,10.921336],[-74.799394,10.921342],[-74.799631,10.921438],[-74.799668,10.921453],[-74.800084,10.921603],[-74.800402,10.921707],[-74.800625,10.92178],[-74.800877,10.921819],[-74.801074,10.921831],[-74.801172,10.921837],[-74.801235,10.921841],[-74.801254,10.921842],[-74.801261,10.921842],[-74.801398,10.921836],[-74.801561,10.92183],[-74.801726,10.921797],[-74.801736,10.921795],[-74.801739,10.921795],[-74.801969,10.921763],[-74.80210266023934,10.92175545212766],[-74.802038,10.921762],[-74.80211,10.923277]],[[-74.79886,10.935589],[-74.79886,10.9356],[-74.798859,10.935569],[-74.79886,10.935589]],[[-74.79886,10.9356],[-74.798859,10.935653],[-74.798858,10.935668],[-74.79886,10.9356]],[[-74.798434,10.935419],[-74.798359,10.935417],[-74.798369,10.935417],[-74.798434,10.935419]],[[-74.798337,10.935417],[-74.798285,10.935421],[-74.798308,10.935419],[-74.798337,10.935417]],[[-74.798285,10.935421],[-74.798234,10.935429],[-74.798261,10.935424],[-74.798285,10.935421]],[[-74.7982,10.937979],[-74.798117,10.937958],[-74.798127,10.93796],[-74.7982,10.937979]],[[-74.79818,10.935433],[-74.798061,10.935442],[-74.798087,10.93544],[-74.79818,10.935433]],[[-74.798061,10.935442],[-74.797964,10.935432],[-74.798024,10.935438],[-74.798061,10.935442]],[[-74.797947,10.932912],[-74.797936,10.932847],[-74.797916,10.932725],[-74.797947,10.932912]],[[-74.797916,10.932725],[-74.797911,10.932642],[-74.79791,10.932623],[-74.797916,10.932725]],[[-74.7978956701929,10.924451716863722],[-74.797894,10.924471],[-74.797889,10.924522],[-74.797879,10.924638],[-74.79787,10.924875],[-74.797861,10.924976],[-74.797857,10.925018],[-74.797846,10.925129],[-74.79784,10.925194],[-74.797837,10.925227],[-74.797837,10.925229],[-74.797835,10.925244],[-74.797825,10.925357],[-74.79782,10.925409],[-74.79782,10.925414],[-74.79781806,10.92543340000008],[-74.797819,10.925377],[-74.797821,10.925353],[-74.797829,10.925145],[-74.797841,10.925058],[-74.79784,10.925011],[-74.797839,10.924977],[-74.797838,10.92492],[-74.797837,10.924858],[-74.797837,10.92483],[-74.797885,10.924455],[-74.7978956701929,10.924451716863722]],[[-74.79788360305349,10.932431702290323],[-74.797867,10.932354],[-74.797816,10.932111],[-74.79788360305349,10.932431702290323]],[[-74.797818,10.925653],[-74.797818,10.925654],[-74.797817,10.925755],[-74.797815,10.925849],[-74.797805,10.925859],[-74.79778455360827,10.925880685566984],[-74.797801,10.925852],[-74.797806,10.925805],[-74.797811,10.92575],[-74.797812,10.925734],[-74.797814,10.925658],[-74.797814,10.925641],[-74.7978151948052,10.925580064934957],[-74.797818,10.925653]],[[-74.797816,10.932111],[-74.797814,10.932078],[-74.797788,10.931607],[-74.797816,10.932111]],[[-74.797753,10.935385],[-74.797699,10.935368],[-74.79775,10.935384],[-74.797753,10.935385]],[[-74.797699,10.935368],[-74.797681,10.935364],[-74.797697,10.935367],[-74.797699,10.935368]],[[-74.79765762328768,10.926388191780822],[-74.797493,10.926426],[-74.797447,10.926437],[-74.797412,10.926445],[-74.797136,10.926494],[-74.797010185567,10.926516367010308],[-74.79701,10.926512],[-74.797097,10.926495],[-74.797124,10.92649],[-74.797488,10.92642],[-74.797516,10.926415],[-74.797624,10.926395],[-74.797647,10.92639],[-74.79765762328768,10.926388191780822]],[[-74.797513,10.935296],[-74.797428,10.93526],[-74.797478,10.935281],[-74.797513,10.935296]],[[-74.79738349514562,10.92363999029126],[-74.797374,10.923639],[-74.797331,10.923637],[-74.797326,10.923636],[-74.797324,10.923636],[-74.797288,10.923634],[-74.797249,10.923635],[-74.797247,10.923609],[-74.797247,10.923606],[-74.797246,10.923591],[-74.79724589411765,10.923588352941175],[-74.797251,10.923592],[-74.797284,10.923609],[-74.79738349514562,10.92363999029126]],[[-74.797173,10.935204],[-74.797062,10.93518],[-74.797127,10.935194],[-74.797173,10.935204]],[[-74.796853,10.92743],[-74.796839,10.927478],[-74.79682168141593,10.927539070796454],[-74.796824,10.927524],[-74.796833,10.927446],[-74.79678226458616,10.927146037991882],[-74.796795,10.927196],[-74.796815,10.927277],[-74.79682,10.927296],[-74.796824,10.927313],[-74.796841,10.927383],[-74.796853,10.92743]],[[-74.796782,10.927144],[-74.796782,10.927144473684212],[-74.79678175229357,10.927143009174296],[-74.796782,10.927144]],[[-74.79668345360825,10.928058144329896],[-74.796652,10.928156],[-74.796647,10.92816],[-74.796644,10.928164],[-74.796618,10.928239],[-74.796618,10.928241],[-74.796612,10.928257],[-74.796569,10.928275],[-74.796494,10.928305],[-74.796414,10.928334],[-74.79639547368427,10.928340736842083],[-74.796422,10.92833],[-74.796432,10.928326],[-74.796438,10.928324],[-74.796442,10.928322],[-74.796443,10.928322],[-74.79645,10.928319],[-74.796456,10.928317],[-74.796468,10.928312],[-74.796474,10.928309],[-74.796486,10.928305],[-74.796502,10.928299],[-74.79651,10.928296],[-74.796509,10.928293],[-74.796508,10.928286],[-74.796507,10.928282],[-74.796495,10.928232],[-74.796494,10.928231],[-74.796479,10.928169],[-74.796497,10.928157],[-74.796532,10.928134],[-74.796604,10.928096],[-74.796643,10.928075],[-74.79668345360825,10.928058144329896]],[[-74.795222,10.935629],[-74.795216,10.935632],[-74.795217,10.935631],[-74.795222,10.935629]],[[-74.794545,10.935838],[-74.794534,10.935842],[-74.794535,10.935841],[-74.794545,10.935838]],[[-74.794534,10.935842],[-74.794508,10.935849],[-74.794532,10.935842],[-74.794534,10.935842]],[[-74.793691,10.936134],[-74.793477,10.936279],[-74.79351,10.936256],[-74.793691,10.936134]],[[-74.7934940962733,10.9309902795031],[-74.79346728617362,10.931005270096465],[-74.793478,10.930998],[-74.793482,10.930995],[-74.7934940962733,10.9309902795031]],[[-74.793477,10.936279],[-74.793428,10.936301],[-74.793465,10.936284],[-74.793477,10.936279]],[[-74.79321245402299,10.931158761813537],[-74.793181,10.93118],[-74.793072,10.93118],[-74.793064,10.931177],[-74.79306238370847,10.931176331189711],[-74.793138,10.931179],[-74.793152,10.931179],[-74.793188,10.931168],[-74.79321245402299,10.931158761813537]],[[-74.7931,10.936315],[-74.793017,10.936308],[-74.793034,10.936309],[-74.7931,10.936315]],[[-74.792954,10.936464],[-74.792934,10.936328],[-74.792932,10.93631],[-74.792954,10.936464]],[[-74.792692,10.931798],[-74.79268,10.931796],[-74.792682,10.931796],[-74.792692,10.931798]],[[-74.792692,10.931798],[-74.792612,10.932025],[-74.79251,10.932314],[-74.792692,10.931798]],[[-74.79251,10.932314],[-74.792505,10.932327],[-74.792501,10.932336],[-74.79251,10.932314]],[[-74.79244063538874,10.931080919571047],[-74.792425,10.931087],[-74.792391,10.931099],[-74.79234,10.931117],[-74.792301,10.93113],[-74.792224,10.931186],[-74.792224,10.931187],[-74.79219944444445,10.931204944444444],[-74.792213,10.931188],[-74.792214,10.931187],[-74.792215,10.931187],[-74.792217,10.931185],[-74.792235,10.931168],[-74.792236,10.931168],[-74.792246,10.931158],[-74.792258,10.931148],[-74.792278,10.931129],[-74.792316,10.931103],[-74.792374,10.931084],[-74.792426,10.931082],[-74.79243,10.931082],[-74.792439,10.931081],[-74.79244063538874,10.931080919571047]],[[-74.791487,10.937754],[-74.791367,10.937705],[-74.791394,10.937716],[-74.791487,10.937754]],[[-74.79142885000007,10.932058099999729],[-74.791404,10.932161],[-74.79139646835434,10.932194117089029],[-74.791411,10.932126],[-74.79142885000007,10.932058099999729]],[[-74.791367,10.937705],[-74.791155,10.937612],[-74.791261,10.937658],[-74.791367,10.937705]],[[-74.79119955772188,10.932811981529047],[-74.791198,10.932816],[-74.79119572307695,10.932819569230714],[-74.79119955772188,10.932811981529047]],[[-74.790821,10.937894],[-74.790699,10.938101],[-74.790772,10.937977],[-74.790821,10.937894]],[[-74.7905,10.933649],[-74.790198,10.933707],[-74.790115,10.933723],[-74.79011277168951,10.933723438356163],[-74.790163,10.933707],[-74.790263,10.933677],[-74.790329,10.93366],[-74.790438,10.933649],[-74.7905,10.933649]],[[-74.790235,10.93895],[-74.790218,10.938997],[-74.79023,10.938963],[-74.790235,10.93895]],[[-74.789947,10.941727],[-74.789927,10.941575],[-74.789923,10.94154],[-74.789947,10.941727]],[[-74.789923,10.94154],[-74.789912,10.941464],[-74.789882,10.941255],[-74.789923,10.94154]],[[-74.789786,10.940492],[-74.789779,10.940444],[-74.789779,10.940439],[-74.789786,10.940492]],[[-74.789779,10.940439],[-74.789775,10.940414],[-74.78976,10.940293],[-74.789779,10.940439]],[[-74.789722,10.93996],[-74.789712,10.939875],[-74.789685,10.939625],[-74.789722,10.93996]],[[-74.789646,10.939221],[-74.789638,10.939148],[-74.789637,10.939137],[-74.789646,10.939221]],[[-74.788948,10.941438],[-74.788878,10.9417],[-74.788849,10.941807],[-74.788948,10.941438]],[[-74.788928,10.942319],[-74.788702,10.942344],[-74.788747,10.942339],[-74.788928,10.942319]],[[-74.788814,10.941951],[-74.788795,10.942029],[-74.788788,10.942055],[-74.788814,10.941951]],[[-74.788755,10.942175],[-74.788739,10.94224],[-74.788737,10.942245],[-74.788755,10.942175]],[[-74.788737,10.942245],[-74.788737,10.942247],[-74.788722,10.942306],[-74.788737,10.942245]],[[-74.788016,10.938126],[-74.787932,10.938113],[-74.787943,10.938114],[-74.788016,10.938126]],[[-74.787845,10.938298],[-74.787807,10.938435],[-74.787831,10.938347],[-74.787845,10.938298]],[[-74.787381,10.941399],[-74.787072,10.941382],[-74.787292,10.941394],[-74.787381,10.941399]],[[-74.787072,10.941382],[-74.786831,10.941361],[-74.786993,10.941375],[-74.787072,10.941382]],[[-74.786649,10.941003],[-74.786598,10.941168],[-74.786572,10.941251],[-74.786649,10.941003]],[[-74.786572,10.941251],[-74.786551,10.941317],[-74.786549,10.941322],[-74.786572,10.941251]],[[-74.786069,10.943124],[-74.786005,10.943089],[-74.78604,10.943108],[-74.786069,10.943124]],[[-74.785783,10.941798],[-74.785775,10.941702],[-74.785729,10.941134],[-74.785783,10.941798]],[[-74.785562,10.94284],[-74.785539,10.94283],[-74.785547,10.942833],[-74.785562,10.94284]],[[-74.78507,10.947858],[-74.785053,10.947818],[-74.785045,10.947798],[-74.78507,10.947858]],[[-74.785045,10.947798],[-74.785027,10.947739],[-74.784815,10.947037],[-74.785045,10.947798]],[[-74.784815,10.947037],[-74.784811,10.947023],[-74.784782,10.946917],[-74.784815,10.947037]],[[-74.784749,10.946806],[-74.78439,10.945578],[-74.784298,10.945262],[-74.784749,10.946806]],[[-74.784076,10.948234],[-74.78363,10.948376],[-74.783792,10.948324],[-74.784076,10.948234]],[[-74.783791,10.943507],[-74.78379,10.943504],[-74.783766,10.943429],[-74.783791,10.943507]],[[-74.783158,10.948535],[-74.782494,10.948762],[-74.782711,10.948687],[-74.783158,10.948535]],[[-74.78181,10.943232],[-74.781634,10.943199],[-74.781534,10.94318],[-74.78181,10.943232]],[[-74.781275,10.944983],[-74.781122,10.945349],[-74.78084,10.94602],[-74.781275,10.944983]],[[-74.780791,10.947993],[-74.780748,10.947791],[-74.780785,10.947961],[-74.780791,10.947993]],[[-74.7807185552,10.934822201600001],[-74.780677,10.934828],[-74.780661,10.93483],[-74.780654,10.934831],[-74.780542,10.934847],[-74.780364,10.934872],[-74.780257,10.934887],[-74.780027,10.934965],[-74.779865,10.93502],[-74.779864,10.93502],[-74.779861,10.935021],[-74.779762,10.935055],[-74.779755,10.935057],[-74.779706,10.935074],[-74.779616,10.935297],[-74.779468,10.935662],[-74.779418,10.935788],[-74.77941,10.935807],[-74.779396,10.935842],[-74.779325,10.936018],[-74.77916,10.936426],[-74.779078,10.936629],[-74.779028,10.936753],[-74.778946,10.936949],[-74.778804,10.937286],[-74.778711,10.937507],[-74.778698,10.937537],[-74.778653,10.937645],[-74.77863109333333,10.937696115555552],[-74.77862,10.93769],[-74.778785,10.937289],[-74.778819,10.93716],[-74.778835,10.937122],[-74.778869,10.937041],[-74.778889,10.936993],[-74.778923,10.936913],[-74.779027,10.936665],[-74.779114,10.936453],[-74.779184,10.936283],[-74.779254,10.936112],[-74.779285,10.936039],[-74.779477,10.935589],[-74.779669,10.935148],[-74.779844,10.93474],[-74.779945,10.934482],[-74.779839,10.934275],[-74.779758,10.934107],[-74.779847,10.933579],[-74.779874,10.93343],[-74.779893,10.933321],[-74.779902,10.933271],[-74.779962,10.932921],[-74.780014,10.932737],[-74.780057,10.932675],[-74.780145,10.932616],[-74.780198,10.932609],[-74.780282,10.932612],[-74.780301,10.932612],[-74.780299,10.932627],[-74.780275,10.932789],[-74.78027,10.932822],[-74.780261,10.932877],[-74.780258,10.932898],[-74.780255,10.932916],[-74.780237,10.933027],[-74.780218,10.93315],[-74.780215,10.93317],[-74.780195,10.933332],[-74.780191,10.933362],[-74.78018,10.933451],[-74.780178,10.93347],[-74.780179,10.933531],[-74.780179,10.933604],[-74.78018,10.933624],[-74.780187,10.93374],[-74.780188,10.933763],[-74.780195,10.93381],[-74.780207,10.933895],[-74.780222,10.933956],[-74.780222,10.933958],[-74.780223,10.933959],[-74.780249,10.934061],[-74.780278,10.934143],[-74.780287,10.934168],[-74.780289,10.934175],[-74.780296,10.934195],[-74.780338,10.934289],[-74.780357,10.934332],[-74.780359,10.934338],[-74.780388,10.934402],[-74.780411,10.93444],[-74.780444,10.93449],[-74.780461,10.934511],[-74.780464,10.934514],[-74.780604,10.934683],[-74.78064,10.934727],[-74.780704,10.934804],[-74.780704,10.934805],[-74.7807185552,10.934822201600001]],[[-74.780536,10.946779],[-74.780515,10.946835],[-74.780507,10.946856],[-74.780536,10.946779]],[[-74.780479,10.946928],[-74.780475,10.946938],[-74.780451,10.946989],[-74.780479,10.946928]],[[-74.780112,10.947281],[-74.779912,10.94736],[-74.779896,10.947366],[-74.780112,10.947281]],[[-74.7782558181818,10.938739090909127],[-74.778237,10.938783],[-74.777961,10.939419],[-74.777906,10.939573],[-74.777871,10.939669],[-74.777815,10.939826],[-74.777771,10.939906],[-74.777727,10.939988],[-74.77765577470355,10.940119557312267],[-74.777704,10.940008],[-74.777752,10.939898],[-74.777763,10.939874],[-74.77784,10.93969],[-74.777841,10.939687],[-74.777842,10.939683],[-74.777892,10.939566],[-74.777974,10.939373],[-74.778015,10.939278],[-74.778023,10.939258],[-74.778024,10.939257],[-74.778029,10.939244],[-74.778035,10.939231],[-74.778071,10.93915],[-74.778101,10.939083],[-74.778154,10.938964],[-74.778183,10.9389],[-74.778223,10.938811],[-74.77825,10.93875],[-74.7782558181818,10.938739090909127]],[[-74.77763163829788,10.940206354609929],[-74.777631,10.940206],[-74.777621,10.9402],[-74.77762598790765,10.940188461707574],[-74.77763163829788,10.940206354609929]],[[-74.77694609803922,10.940912607843137],[-74.776931,10.940918],[-74.776894,10.940932],[-74.776844,10.94095],[-74.77667930708661,10.94103136614173],[-74.776682,10.941028],[-74.776693,10.941019],[-74.776731,10.940993],[-74.776779,10.940958],[-74.77682,10.940945],[-74.77694609803922,10.940912607843137]],[[-74.77666592982457,10.941048087719283],[-74.77658,10.941195],[-74.77650635157894,10.941285644210518],[-74.776535,10.941231],[-74.776552,10.941198],[-74.776606,10.941123],[-74.776616,10.94111],[-74.776624,10.941101],[-74.776634,10.941088],[-74.776636,10.941085],[-74.77665,10.941068],[-74.77666592982457,10.941048087719283]],[[-74.776441,10.942199],[-74.77643680199668,10.942207975041597],[-74.77643873699422,10.942183787572253],[-74.776441,10.942199]],[[-74.77625480912863,10.942509987551865],[-74.776246,10.942522],[-74.776165,10.942575],[-74.77616214634145,10.942576097560982],[-74.776188,10.942558],[-74.776228,10.94253],[-74.77625480912863,10.942509987551865]],[[-74.77595486587434,10.942684176570475],[-74.775841,10.942801],[-74.77578969678716,10.94285584136546],[-74.775799,10.942842],[-74.775848,10.942783],[-74.775919,10.94271],[-74.77595486587434,10.942684176570475]],[[-74.77567429144386,10.942979665775391],[-74.775655,10.943],[-74.7756342920354,10.943011681415921],[-74.775655,10.942995],[-74.77567429144386,10.942979665775391]],[[-74.77535242964353,10.943176403377105],[-74.77535,10.943178],[-74.775309,10.943206],[-74.775275,10.943229],[-74.775254,10.943243],[-74.775183,10.94329],[-74.775106,10.943341],[-74.775105,10.943342],[-74.77499174516595,10.943382029725832],[-74.775261,10.943229],[-74.77535242964353,10.943176403377105]],[[-74.77341330666667,10.944154426666667],[-74.773407,10.944155],[-74.77339436486486,10.944154554054053],[-74.773406,10.944154],[-74.77341330666667,10.944154426666667]],[[-74.773395,10.948332],[-74.772931,10.948357],[-74.773003,10.948353],[-74.773395,10.948332]],[[-74.77317548453618,10.944147005154642],[-74.773058,10.944143],[-74.77303716819573,10.94414156880734],[-74.773102,10.944144],[-74.773105,10.944144],[-74.77317548453618,10.944147005154642]],[[-74.77278468296832,10.944136841377844],[-74.772653,10.944165],[-74.772575,10.94419],[-74.772508,10.944211],[-74.77244615384615,10.944226019780222],[-74.772545,10.944191],[-74.77269,10.944147],[-74.772762,10.944137],[-74.77278468296832,10.944136841377844]],[[-74.77203382287823,10.944215211562115],[-74.771911,10.944177],[-74.771892,10.944171],[-74.771789,10.944153],[-74.77177614843744,10.944150919270824],[-74.77189,10.944167],[-74.771978,10.944187],[-74.77203382287823,10.944215211562115]],[[-74.77137528554361,10.944140195937875],[-74.771301,10.944167],[-74.770986,10.944239],[-74.770852,10.944274],[-74.770827,10.944281],[-74.77081,10.944286],[-74.770461,10.944378],[-74.770225,10.944441],[-74.770178,10.944453],[-74.769993,10.944506],[-74.76982,10.944568],[-74.769804,10.944583],[-74.769798,10.944589],[-74.769707,10.944677],[-74.769687,10.944718],[-74.7696541455817,10.944791101080753],[-74.769655,10.944778],[-74.769661,10.944739],[-74.769662,10.944728],[-74.769663,10.944724],[-74.769663,10.944722],[-74.769669,10.94471],[-74.769676,10.944696],[-74.769677,10.944694],[-74.76969,10.944672],[-74.769694,10.944665],[-74.769703,10.944648],[-74.769704,10.944647],[-74.769728,10.944626],[-74.769741,10.944614],[-74.769768,10.944591],[-74.769813,10.944569],[-74.769853,10.944549],[-74.770042,10.944486],[-74.770096,10.944468],[-74.770346,10.944406],[-74.770779,10.944288],[-74.770837,10.94427],[-74.770906,10.944249],[-74.770945,10.94424],[-74.771014,10.944223],[-74.771039,10.944217],[-74.771225,10.944169],[-74.771307,10.944148],[-74.77137528554361,10.944140195937875]],[[-74.76942167541357,10.94526392070736],[-74.769398,10.945276],[-74.769341,10.945273],[-74.76933222279793,10.945272601036269],[-74.769369,10.945266],[-74.76942167541357,10.94526392070736]],[[-74.76910636363637,10.945243919786098],[-74.769075,10.945239],[-74.768914,10.945195],[-74.768877,10.94519],[-74.768817,10.945182],[-74.76877316344725,10.94517701857355],[-74.768784,10.945175],[-74.768882,10.945186],[-74.768982,10.945211],[-74.76910636363637,10.945243919786098]],[[-74.76877254545454,10.94517713368984],[-74.768756,10.945182],[-74.768628,10.945226],[-74.768521,10.945279],[-74.768507,10.945285],[-74.76847865231427,10.9452980645856],[-74.768592,10.945238],[-74.768682,10.945194],[-74.76877254545454,10.94517713368984]],[[-74.768644,10.947061],[-74.768633,10.946913],[-74.768636,10.946953],[-74.768644,10.947061]],[[-74.768593,10.94633],[-74.768578,10.94607],[-74.768581,10.946118],[-74.768593,10.94633]],[[-74.768578,10.94607],[-74.768572,10.945989],[-74.768577,10.946055],[-74.768578,10.94607]],[[-74.7684731531842,10.945300598967282],[-74.768392,10.945338],[-74.76826,10.945347],[-74.768059,10.945322],[-74.76787,10.945288],[-74.767857,10.945286],[-74.767653,10.945254],[-74.76756489111749,10.945220871060174],[-74.767575,10.945224],[-74.767633,10.945236],[-74.767646,10.945239],[-74.767786,10.945268],[-74.768,10.945299],[-74.768185,10.945319],[-74.768259,10.945325],[-74.768316,10.945329],[-74.768343,10.945329],[-74.768385,10.945328],[-74.768438,10.945312],[-74.7684731531842,10.945300598967282]],[[-74.76675861786785,10.944296002252246],[-74.76672422096956,10.944278917700117],[-74.766742,10.944285],[-74.766749,10.944288],[-74.766752,10.94429],[-74.76675861786785,10.944296002252246]],[[-74.76649743894899,10.944272721792888],[-74.766465,10.9443],[-74.766449,10.944316],[-74.766349,10.944415],[-74.766264,10.944496],[-74.7662045357143,10.94450789285714],[-74.766273,10.94448],[-74.766336,10.944414],[-74.766374,10.944373],[-74.766413,10.944332],[-74.766448,10.944304],[-74.766483,10.944277],[-74.76649743894899,10.944272721792888]],[[-74.76608896,10.944508560000001],[-74.766066,10.944508],[-74.76602948993286,10.944493852348987],[-74.76608896,10.944508560000001]],[[-74.76595030107526,10.944463166666665],[-74.765906,10.944446],[-74.765872,10.944441],[-74.765857,10.94442],[-74.765844,10.944402],[-74.765814,10.944316],[-74.765803,10.944239],[-74.765819,10.944149],[-74.765835,10.94407],[-74.765829,10.943981],[-74.765799,10.943941],[-74.765724,10.943921],[-74.765537,10.943927],[-74.765512,10.943912],[-74.765476,10.943805],[-74.76543,10.943679],[-74.765394,10.943618],[-74.765389,10.943609],[-74.76536195436508,10.943619063492065],[-74.765385,10.943587],[-74.765412,10.943594],[-74.765456,10.943605],[-74.765527,10.943623],[-74.765601,10.943639],[-74.765635,10.943646],[-74.765635,10.94368],[-74.765636,10.943701],[-74.765636,10.943874],[-74.765638,10.943874],[-74.765671,10.943869],[-74.765696,10.943866],[-74.765729,10.943873],[-74.765746,10.943877],[-74.765762,10.943882],[-74.765795,10.943899],[-74.765808,10.94391],[-74.765825,10.943916],[-74.765837,10.943933],[-74.765843,10.943956],[-74.765846,10.944078],[-74.765845,10.94422],[-74.765853,10.944345],[-74.765857,10.944416],[-74.765895,10.94444],[-74.76595030107526,10.944463166666665]],[[-74.7649236397621,10.944167204757855],[-74.7649,10.944196],[-74.764672,10.944323],[-74.76463352284264,10.94434416243655],[-74.764652,10.94432],[-74.764696,10.944299],[-74.764752,10.94427],[-74.7649236397621,10.944167204757855]],[[-74.76443719999999,10.944589700000018],[-74.76439,10.944631],[-74.764352,10.944657],[-74.764244,10.944761],[-74.764211,10.944793],[-74.764048,10.945009],[-74.764025,10.945039],[-74.76398269915254,10.945073067796613],[-74.764057,10.944974],[-74.764165,10.944839],[-74.764181,10.944819],[-74.76424,10.944745],[-74.764335,10.94467],[-74.76443719999999,10.944589700000018]],[[-74.76389282258064,10.945145451612898],[-74.763876,10.945159],[-74.763874,10.94516],[-74.76385937816136,10.94516343235649],[-74.763871,10.94516],[-74.76389282258064,10.945145451612898]],[[-74.76242576338183,10.945373200658798],[-74.762416,10.945374],[-74.76239317073173,10.945366851441245],[-74.76242576338183,10.945373200658798]],[[-74.76178497744361,10.94512372932331],[-74.761781,10.945122],[-74.76176352345907,10.945104090156397],[-74.76177,10.94511],[-74.76178497744361,10.94512372932331]],[[-74.7615109805826,10.944844466019493],[-74.761354,10.944679],[-74.761344,10.944668],[-74.761085,10.944428],[-74.760845,10.944249],[-74.760673,10.944201],[-74.760543,10.944172],[-74.760471,10.944164],[-74.760451,10.944162],[-74.76036859237468,10.944154109908213],[-74.760513,10.944137],[-74.760713,10.94417],[-74.760861,10.944218],[-74.760998,10.944307],[-74.76107,10.944367],[-74.76108,10.944375],[-74.761105,10.944396],[-74.761195,10.94449],[-74.761304,10.944604],[-74.76141,10.944728],[-74.761439,10.944761],[-74.761469,10.944795],[-74.761497,10.944828],[-74.7615109805826,10.944844466019493]],[[-74.7602792818182,10.944164704545452],[-74.76025761214058,10.944167968051119],[-74.76026,10.944167],[-74.7602792818182,10.944164704545452]]],[[[-74.834487,10.935102],[-74.8344,10.935068],[-74.834402,10.935093],[-74.834409,10.935298],[-74.834487,10.935102]]],[[[-74.80144,10.846094],[-74.801413,10.845926],[-74.801348,10.845512],[-74.801279,10.84507],[-74.801222,10.844708],[-74.801151,10.844721],[-74.800683,10.844886],[-74.800439,10.844971],[-74.800181,10.845062],[-74.799626,10.845274],[-74.799175,10.845455],[-74.799148,10.845467],[-74.799515,10.846349],[-74.799785,10.846999],[-74.7999,10.847275],[-74.80005,10.847635],[-74.800475,10.848657],[-74.800617,10.849017],[-74.800889,10.849017],[-74.800934,10.848505],[-74.801036,10.847899],[-74.801128,10.847432],[-74.801214,10.847012],[-74.801342,10.84645],[-74.80144,10.846094]]]]}},{"type":"Feature","properties":{"zona":"SUR","color":"#10b981"},"geometry":{"type":"MultiPolygon","coordinates":[[[[-75.249527,10.722965],[-75.249516,10.722965],[-75.249368,10.72293],[-75.249235,10.722913],[-75.249031,10.722886],[-75.248603,10.722874],[-75.248486,10.722861],[-75.248427,10.722845],[-75.248373,10.722818],[-75.248331,10.722782],[-75.248288,10.722721],[-75.248267,10.722666],[-75.248255,10.722604],[-75.248251,10.722371],[-75.248236,10.722259],[-75.248214,10.722198],[-75.248119,10.722012],[-75.248084,10.721885],[-75.248076,10.721797],[-75.24808,10.721695],[-75.248093,10.721619],[-75.248117,10.721541],[-75.248191,10.721396],[-75.248254,10.721319],[-75.248257,10.721315],[-75.248278,10.72129],[-75.248365,10.721213],[-75.248708,10.720953],[-75.249081,10.720559],[-75.249114,10.720512],[-75.24914,10.720458],[-75.249161,10.720387],[-75.249173,10.720305],[-75.249181,10.720115],[-75.249166,10.720015],[-75.249145,10.719933],[-75.249091,10.719798],[-75.249077,10.71977],[-75.248935,10.719477],[-75.248858,10.719216],[-75.248838,10.719074],[-75.248801,10.718989],[-75.248746,10.718914],[-75.2487,10.71887],[-75.248691,10.718861],[-75.248628,10.718816],[-75.248539,10.718768],[-75.248459,10.718738],[-75.248308,10.718707],[-75.247974,10.718693],[-75.247859,10.718679],[-75.247737,10.718639],[-75.247621,10.718565],[-75.247566,10.718511],[-75.247517,10.718451],[-75.247451,10.718326],[-75.247402,10.718165],[-75.247327,10.717811],[-75.247275,10.717683],[-75.24722,10.717601],[-75.247154,10.717531],[-75.247058,10.717461],[-75.246955,10.717402],[-75.24692,10.71739],[-75.246859,10.717368],[-75.246746,10.717359],[-75.246634,10.71737],[-75.246353,10.717422],[-75.246266,10.717444],[-75.246198,10.717472],[-75.245987,10.717609],[-75.245872,10.717659],[-75.245764,10.717682],[-75.245574,10.717705],[-75.245489,10.717705],[-75.245407,10.717692],[-75.245179,10.717627],[-75.24508,10.717587],[-75.244964,10.717512],[-75.244861,10.717423],[-75.244761,10.717303],[-75.244679,10.717165],[-75.244626,10.717025],[-75.244591,10.716867],[-75.244572,10.71669],[-75.244575,10.716631],[-75.244588,10.716575],[-75.244622,10.71651],[-75.24463,10.716493],[-75.244802,10.716259],[-75.24493,10.716027],[-75.244941,10.716008],[-75.244958,10.715977],[-75.245008,10.715838],[-75.245057,10.715604],[-75.245089,10.715483],[-75.245132,10.715361],[-75.245176,10.715268],[-75.24522,10.715205],[-75.245258,10.71517],[-75.245446,10.715097],[-75.245512,10.715045],[-75.245522,10.715035],[-75.245576,10.714976],[-75.245626,10.714878],[-75.245686,10.71466],[-75.245747,10.71449],[-75.245785,10.714424],[-75.245888,10.7143],[-75.245924,10.71424],[-75.245941,10.714183],[-75.245959,10.714076],[-75.245984,10.714014],[-75.246027,10.713971],[-75.24618,10.713915],[-75.246268,10.713851],[-75.246407,10.713687],[-75.246444,10.713623],[-75.246451,10.713604],[-75.246462,10.713574],[-75.246467,10.713525],[-75.246462,10.713492],[-75.246425,10.713419],[-75.246375,10.713371],[-75.246244,10.713282],[-75.246158,10.713212],[-75.246069,10.71312],[-75.246031,10.713058],[-75.245972,10.712852],[-75.245908,10.712735],[-75.245881,10.712686],[-75.245853,10.712601],[-75.245839,10.712474],[-75.245839,10.712124],[-75.245847,10.712069],[-75.245859,10.712036],[-75.245882,10.712007],[-75.245906,10.711985],[-75.245964,10.711932],[-75.245986,10.711903],[-75.246008,10.711852],[-75.246019,10.711795],[-75.246019,10.711716],[-75.246009,10.711657],[-75.245939,10.711479],[-75.24592,10.711392],[-75.245919,10.711388],[-75.245919,10.711365],[-75.245914,10.711087],[-75.24593,10.710948],[-75.245958,10.710872],[-75.246057,10.710725],[-75.246133,10.710598],[-75.246155,10.710562],[-75.24619,10.710481],[-75.246212,10.71029],[-75.246236,10.710083],[-75.246254,10.710026],[-75.246321,10.709882],[-75.246344,10.709802],[-75.246362,10.709527],[-75.246372,10.709452],[-75.2464,10.709378],[-75.246494,10.70923],[-75.246508,10.70919],[-75.246524,10.709145],[-75.246532,10.708985],[-75.246537,10.708886],[-75.246555,10.708792],[-75.246563,10.708749],[-75.246597,10.708682],[-75.246738,10.708489],[-75.246744,10.708482],[-75.246911,10.708311],[-75.246941,10.708266],[-75.246961,10.708214],[-75.24697,10.708125],[-75.246994,10.708124],[-75.247012,10.708055],[-75.247143,10.707859],[-75.24734,10.707662],[-75.247405,10.707466],[-75.24747,10.70727],[-75.247601,10.707074],[-75.247863,10.706552],[-75.247928,10.706356],[-75.247928,10.70616],[-75.247993,10.705899],[-75.247992,10.705703],[-75.247991,10.705501],[-75.24913,10.704237],[-75.249286,10.703965],[-75.249037,10.703514],[-75.248747,10.703092],[-75.248704,10.703036],[-75.248655,10.702986],[-75.248516,10.702859],[-75.248369,10.702724],[-75.248148,10.702543],[-75.248076,10.702493],[-75.247978,10.702451],[-75.24767,10.70234],[-75.247509,10.702282],[-75.247318,10.7022],[-75.247244,10.702157],[-75.247078,10.702002],[-75.246983,10.701901],[-75.246934,10.701808],[-75.246879,10.701658],[-75.246873,10.701591],[-75.24689,10.701524],[-75.246895,10.701511],[-75.247001,10.701238],[-75.247137,10.700854],[-75.247543,10.699712],[-75.24757,10.699639],[-75.247829,10.698934],[-75.247843,10.698897],[-75.248046,10.698169],[-75.248079,10.69803],[-75.248124,10.697502],[-75.248141,10.697305],[-75.248143,10.697234],[-75.248141,10.697205],[-75.247429,10.695928],[-75.247122,10.695743],[-75.247087,10.695722],[-75.247088,10.695721],[-75.247078,10.6957],[-75.247057,10.695655],[-75.247049,10.695644],[-75.247026,10.695612],[-75.245402,10.693361],[-75.244697,10.692397],[-75.243455,10.690697],[-75.242603,10.68951],[-75.242513,10.68951],[-75.242417,10.689403],[-75.242401,10.689385],[-75.24229,10.689292],[-75.242185,10.689203],[-75.242138,10.689158],[-75.242024,10.68905],[-75.241977,10.689004],[-75.241966,10.688995],[-75.242174,10.686939],[-75.242179,10.686892],[-75.242312,10.685583],[-75.242445,10.684282],[-75.242848,10.680368],[-75.242842,10.680243],[-75.242822,10.679883],[-75.24282,10.67984],[-75.242817,10.67876],[-75.242822,10.678677],[-75.242887,10.678165],[-75.242976,10.677456],[-75.24298,10.677428],[-75.243145,10.675963],[-75.243253,10.674843],[-75.243468,10.672654],[-75.243533,10.672043],[-75.243597,10.671454],[-75.243644,10.670892],[-75.243667,10.670624],[-75.243669,10.670593],[-75.243692,10.67039],[-75.243726,10.670077],[-75.243755,10.669818],[-75.24376,10.669747],[-75.243773,10.669544],[-75.243773,10.669538],[-75.243775,10.669517],[-75.243795,10.669337],[-75.243819,10.669127],[-75.243832,10.669014],[-75.243846,10.668896],[-75.243858,10.668792],[-75.24386,10.668772],[-75.243882,10.668545],[-75.243882,10.668533],[-75.243887,10.668442],[-75.243894,10.668335],[-75.243911,10.668137],[-75.24392,10.668007],[-75.243922,10.667991],[-75.243932,10.667894],[-75.243937,10.667874],[-75.24395,10.667817],[-75.243952,10.667809],[-75.24399,10.667416],[-75.243994,10.66737],[-75.24403,10.666953],[-75.244146,10.665776],[-75.244148,10.665765],[-75.244164,10.665608],[-75.244182,10.665443],[-75.244224,10.665092],[-75.244224,10.665089],[-75.244242,10.664809],[-75.24425,10.664715],[-75.244246,10.664629],[-75.244245,10.664605],[-75.244241,10.664552],[-75.244179,10.664287],[-75.244162,10.664215],[-75.244068,10.663819],[-75.24403,10.663639],[-75.244026,10.663617],[-75.244022,10.6636],[-75.24402,10.663588],[-75.244015,10.663562],[-75.243988,10.663422],[-75.243976,10.663362],[-75.243951,10.663242],[-75.243937,10.663181],[-75.243928,10.663144],[-75.243905,10.663049],[-75.243893,10.663002],[-75.243868,10.662899],[-75.243833,10.662754],[-75.243804,10.662631],[-75.243795,10.662598],[-75.243778,10.662532],[-75.243773,10.662503],[-75.243754,10.662401],[-75.243744,10.662344],[-75.243735,10.662297],[-75.243723,10.662231],[-75.243717,10.662196],[-75.243714,10.662182],[-75.243695,10.662076],[-75.243691,10.662059],[-75.243649,10.661896],[-75.24364,10.661861],[-75.243617,10.661773],[-75.243611,10.661749],[-75.243588,10.661648],[-75.24356,10.661523],[-75.243516,10.661322],[-75.24351,10.661298],[-75.243482,10.661173],[-75.243443,10.660994],[-75.24341,10.660845],[-75.243371,10.66068],[-75.243318,10.660441],[-75.243307,10.660388],[-75.243294,10.660329],[-75.243284,10.660285],[-75.243257,10.660158],[-75.243242,10.66009],[-75.243233,10.660052],[-75.243219,10.65999],[-75.243203,10.659921],[-75.243178,10.659813],[-75.243168,10.659773],[-75.243145,10.659676],[-75.243138,10.659644],[-75.243128,10.6596],[-75.243119,10.659563],[-75.243105,10.659506],[-75.243085,10.659421],[-75.243066,10.659338],[-75.243055,10.659286],[-75.243043,10.659221],[-75.243028,10.659152],[-75.24301,10.659057],[-75.243005,10.65903],[-75.243001,10.65901],[-75.242982,10.658918],[-75.242981,10.658916],[-75.242978,10.658902],[-75.242946,10.658769],[-75.242925,10.658678],[-75.242916,10.658638],[-75.242909,10.658604],[-75.242897,10.658547],[-75.242873,10.658435],[-75.242844,10.658295],[-75.242842,10.658286],[-75.242832,10.658235],[-75.242817,10.658168],[-75.242784,10.658016],[-75.242774,10.657945],[-75.242754,10.657797],[-75.242701,10.657483],[-75.242643,10.657136],[-75.242598,10.656979],[-75.242576,10.656906],[-75.242513,10.65669],[-75.24247,10.656529],[-75.242406,10.656297],[-75.242403,10.656284],[-75.242388,10.656243],[-75.242376,10.656209],[-75.242338,10.656074],[-75.242314,10.655963],[-75.242304,10.655915],[-75.242254,10.655707],[-75.242262,10.655696],[-75.241959,10.654442],[-75.241938,10.654416],[-75.241805,10.65425],[-75.241753,10.654132],[-75.239496,10.652195],[-75.238814,10.651589],[-75.237363,10.650299],[-75.237028,10.649942],[-75.236777,10.649761],[-75.236699,10.649726],[-75.236608,10.649685],[-75.236463,10.649634],[-75.236172,10.649528],[-75.235885,10.649382],[-75.235575,10.649204],[-75.235332,10.649054],[-75.235113,10.648822],[-75.235084,10.648787],[-75.234943,10.648618],[-75.234753,10.648442],[-75.234405,10.648165],[-75.234237,10.648039],[-75.234107,10.647958],[-75.234044,10.647918],[-75.233754,10.647675],[-75.233458,10.647426],[-75.233162,10.647243],[-75.232783,10.647033],[-75.232178,10.646697],[-75.232047,10.646624],[-75.231945,10.646568],[-75.231697,10.646425],[-75.231277,10.646241],[-75.230956,10.646113],[-75.230935,10.646105],[-75.230607,10.645963],[-75.23058,10.645947],[-75.230409,10.645842],[-75.230196,10.645654],[-75.229819,10.645281],[-75.229302,10.644839],[-75.228796,10.64456],[-75.228702,10.644461],[-75.228621,10.644375],[-75.22856,10.644053],[-75.228586,10.643831],[-75.228587,10.643821],[-75.228587,10.64352],[-75.228575,10.643099],[-75.22852,10.642784],[-75.228493,10.642518],[-75.228471,10.641965],[-75.228497,10.641744],[-75.228532,10.64138],[-75.228531,10.641194],[-75.228428,10.640852],[-75.228317,10.640521],[-75.228235,10.640048],[-75.228199,10.639614],[-75.228126,10.639184],[-75.228051,10.638898],[-75.22799,10.638634],[-75.227986,10.63862],[-75.227977,10.638581],[-75.227881,10.638228],[-75.227774,10.637953],[-75.227656,10.637754],[-75.227313,10.637339],[-75.227027,10.636952],[-75.226786,10.636549],[-75.226539,10.636134],[-75.226332,10.63559],[-75.226284,10.63536],[-75.226185,10.635062],[-75.226132,10.63482],[-75.226034,10.634544],[-75.225911,10.634197],[-75.225844,10.633978],[-75.225634,10.633483],[-75.225501,10.633224],[-75.225372,10.633026],[-75.225199,10.632779],[-75.225119,10.632657],[-75.225053,10.632556],[-75.224963,10.632422],[-75.224838,10.632234],[-75.224595,10.631929],[-75.224452,10.631761],[-75.224327,10.631663],[-75.224205,10.631569],[-75.223921,10.631375],[-75.223777,10.631193],[-75.223732,10.631136],[-75.223684,10.630992],[-75.223679,10.630978],[-75.223675,10.630965],[-75.223641,10.630861],[-75.223631,10.630833],[-75.223628,10.630821],[-75.223624,10.63081],[-75.223648,10.63077],[-75.223651,10.630747],[-75.22366,10.630716],[-75.223671,10.630685],[-75.223676,10.63068],[-75.223728,10.630625],[-75.223788,10.630533],[-75.223819,10.630487],[-75.223822,10.63048],[-75.223826,10.630472],[-75.223836,10.630453],[-75.223854,10.630416],[-75.223884,10.630358],[-75.223891,10.630361],[-75.223906,10.630367],[-75.223915,10.630373],[-75.223998,10.630422],[-75.224034,10.630443],[-75.224108,10.630402],[-75.224199,10.630295],[-75.22431,10.630163],[-75.224383,10.630076],[-75.224472,10.629891],[-75.224485,10.629861],[-75.224566,10.629714],[-75.224585,10.62968],[-75.224615,10.629624],[-75.224576,10.629592],[-75.224569,10.629547],[-75.224663,10.629385],[-75.224739,10.629199],[-75.224813,10.629081],[-75.224801,10.629067],[-75.225067,10.628707],[-75.225213,10.628509],[-75.225294,10.628399],[-75.225382,10.628279],[-75.225497,10.628204],[-75.226144,10.627756],[-75.226175,10.627599],[-75.226183,10.627576],[-75.22631,10.627189],[-75.226513,10.62653],[-75.226776,10.625716],[-75.227245,10.62486],[-75.228073,10.623291],[-75.228505,10.622261],[-75.228916,10.621224],[-75.228922,10.621207],[-75.229068,10.62084],[-75.22946,10.618902],[-75.229228,10.618532],[-75.228775,10.618106],[-75.228489,10.617838],[-75.228835,10.616995],[-75.228445,10.616468],[-75.227655,10.6154],[-75.227889,10.614702],[-75.227903,10.614666],[-75.227903,10.613827],[-75.22781,10.612802],[-75.2278,10.612789],[-75.227158,10.611963],[-75.226599,10.610565],[-75.226412,10.609354],[-75.226971,10.608235],[-75.227251,10.606931],[-75.226785,10.605253],[-75.226785,10.602364],[-75.227717,10.601059],[-75.228276,10.599102],[-75.228276,10.596586],[-75.22809,10.59379],[-75.22809,10.592547],[-75.227344,10.590715],[-75.226785,10.589876],[-75.226878,10.587639],[-75.227152,10.586546],[-75.227437,10.585403],[-75.228183,10.583539],[-75.229394,10.580836],[-75.230803,10.579303],[-75.232563,10.577388],[-75.234893,10.57422],[-75.23617,10.571694],[-75.237045,10.569719],[-75.23666,10.56794],[-75.233549,10.564589],[-75.230983,10.561589],[-75.228991,10.559167],[-75.228912,10.55917],[-75.228425,10.559035],[-75.228211,10.559025],[-75.227887,10.559145],[-75.227691,10.559388],[-75.227561,10.559408],[-75.227289,10.5593],[-75.227171,10.559286],[-75.226776,10.559507],[-75.226329,10.559458],[-75.226079,10.559551],[-75.225914,10.559687],[-75.225802,10.559891],[-75.225689,10.560301],[-75.2253,10.559984],[-75.224977,10.559663],[-75.224719,10.559336],[-75.224526,10.559004],[-75.224375,10.558577],[-75.224327,10.558143],[-75.224366,10.55778],[-75.224543,10.557346],[-75.224544,10.557167],[-75.224478,10.557084],[-75.224484,10.557087],[-75.224649,10.556737],[-75.224726,10.556405],[-75.224697,10.556167],[-75.224325,10.55557],[-75.22416,10.55535],[-75.224144,10.555328],[-75.223841,10.554924],[-75.223775,10.554741],[-75.223768,10.554722],[-75.22366,10.554426],[-75.223564,10.554073],[-75.223504,10.55385],[-75.223499,10.553833],[-75.223485,10.553781],[-75.22344,10.553613],[-75.223292,10.553372],[-75.222964,10.552838],[-75.223206,10.55285],[-75.223254,10.552852],[-75.223263,10.552852],[-75.22328,10.552853],[-75.223372,10.552858],[-75.223923,10.552756],[-75.224221,10.552612],[-75.224239,10.552603],[-75.22445,10.5525],[-75.224468,10.552491],[-75.224495,10.552478],[-75.225113,10.552058],[-75.225217,10.551987],[-75.225662,10.551663],[-75.225784,10.551527],[-75.225838,10.551467],[-75.225926,10.551369],[-75.226016,10.551268],[-75.226204,10.551059],[-75.226532,10.550541],[-75.226874,10.550178],[-75.227459,10.549624],[-75.227838,10.549124],[-75.228015,10.548648],[-75.228106,10.547972],[-75.228149,10.547648],[-75.228157,10.547591],[-75.228169,10.547498],[-75.22808,10.546649],[-75.228065,10.546499],[-75.228082,10.545437],[-75.22816,10.545],[-75.228295,10.544518],[-75.228608,10.54395],[-75.229,10.543403],[-75.229627,10.542686],[-75.229906,10.542522],[-75.230523,10.542263],[-75.230603,10.542238],[-75.230701,10.542207],[-75.230734,10.542197],[-75.23078,10.542183],[-75.231117,10.542077],[-75.231119,10.542076],[-75.231528,10.542005],[-75.231696,10.541975],[-75.232082,10.541705],[-75.232246,10.541471],[-75.23236,10.541126],[-75.232438,10.540764],[-75.232565,10.540324],[-75.232863,10.539665],[-75.233063,10.539402],[-75.233227,10.539139],[-75.233227,10.539134],[-75.23324,10.538912],[-75.233317,10.538374],[-75.233459,10.537991],[-75.233645,10.537667],[-75.23398,10.537304],[-75.234402,10.536991],[-75.234677,10.536851],[-75.234738,10.53682],[-75.235166,10.53657],[-75.235654,10.536427],[-75.2357,10.536414],[-75.235834,10.536375],[-75.23581,10.536329],[-75.235811,10.536328],[-75.235602,10.535978],[-75.235531,10.535823],[-75.235474,10.53571],[-75.235396,10.53553],[-75.235272,10.535263],[-75.235141,10.534998],[-75.234668,10.534048],[-75.23442,10.53355],[-75.234611,10.53351],[-75.234727,10.533467],[-75.234871,10.533405],[-75.234999,10.533349],[-75.235125,10.533287],[-75.235175,10.53326],[-75.235264,10.53321],[-75.235395,10.533128],[-75.235516,10.533037],[-75.235668,10.532906],[-75.235861,10.532735],[-75.236064,10.532513],[-75.236232,10.532333],[-75.236426,10.532095],[-75.236574,10.531912],[-75.236606,10.531869],[-75.236742,10.531692],[-75.236917,10.531458],[-75.236958,10.5314],[-75.237095,10.531202],[-75.237243,10.530957],[-75.237022,10.530553],[-75.237509,10.530301],[-75.237709,10.530191],[-75.237902,10.530075],[-75.238091,10.529952],[-75.238247,10.529852],[-75.238359,10.529772],[-75.238468,10.529695],[-75.238554,10.529628],[-75.238643,10.529553],[-75.23872,10.529475],[-75.238809,10.529379],[-75.238909,10.529272],[-75.239014,10.5291],[-75.239901,10.52495],[-75.240012,10.524432],[-75.240182,10.523633],[-75.240698,10.521217],[-75.240751,10.520996],[-75.240791,10.52084],[-75.241111,10.519773],[-75.241176,10.519557],[-75.241219,10.519548],[-75.240738,10.518978],[-75.239739,10.517638],[-75.239482,10.517149],[-75.239174,10.516613],[-75.23892,10.515854],[-75.238683,10.515202],[-75.238682,10.515201],[-75.238663,10.515152],[-75.23866,10.515144],[-75.23844,10.514596],[-75.238219,10.51406],[-75.238161,10.513943],[-75.238106,10.513836],[-75.238013,10.513644],[-75.237939,10.513492],[-75.237886,10.513409],[-75.237822,10.513314],[-75.237778,10.513254],[-75.237775,10.513251],[-75.237718,10.513196],[-75.237647,10.513129],[-75.237608,10.513097],[-75.237541,10.513041],[-75.237467,10.512969],[-75.237379,10.512879],[-75.237294,10.512782],[-75.237226,10.512704],[-75.237169,10.512687],[-75.237067,10.512649],[-75.236968,10.512605],[-75.236732,10.512498],[-75.236637,10.512463],[-75.236563,10.512441],[-75.236496,10.51243],[-75.236424,10.512415],[-75.236355,10.512413],[-75.236282,10.512435],[-75.236236,10.512448],[-75.236204,10.512457],[-75.236286,10.511643],[-75.236314,10.511365],[-75.236313,10.511364],[-75.236453,10.511265],[-75.236504,10.511196],[-75.23659,10.511115],[-75.236811,10.511016],[-75.236958,10.510992],[-75.237003,10.510985],[-75.237217,10.510919],[-75.237445,10.510776],[-75.237706,10.510615],[-75.237772,10.510534],[-75.237823,10.51047],[-75.238022,10.510129],[-75.238178,10.509779],[-75.238319,10.509269],[-75.238452,10.508896],[-75.238535,10.508615],[-75.238565,10.508563],[-75.238606,10.508511],[-75.238669,10.508457],[-75.238902,10.508228],[-75.239108,10.507983],[-75.239193,10.507829],[-75.239346,10.507567],[-75.239525,10.507212],[-75.239639,10.506941],[-75.239716,10.506831],[-75.239876,10.506655],[-75.240057,10.506383],[-75.240138,10.506238],[-75.240218,10.506141],[-75.240358,10.505917],[-75.240513,10.505718],[-75.240585,10.505665],[-75.240837,10.505508],[-75.240849,10.505501],[-75.240992,10.505392],[-75.241118,10.505253],[-75.241148,10.50522],[-75.24127,10.505041],[-75.241379,10.504848],[-75.241562,10.504389],[-75.241641,10.50416],[-75.241718,10.503935],[-75.24185,10.50357],[-75.241967,10.503159],[-75.242011,10.502674],[-75.24203,10.502234],[-75.242038,10.502054],[-75.242146,10.501726],[-75.242149,10.501718],[-75.242149,10.501716],[-75.242144,10.501284],[-75.242144,10.501142],[-75.242143,10.501139],[-75.242141,10.501137],[-75.242137,10.501131],[-75.242125,10.501116],[-75.242081,10.501068],[-75.242044,10.501026],[-75.241993,10.50098],[-75.241938,10.500934],[-75.241887,10.500897],[-75.2417,10.500801],[-75.24163,10.500769],[-75.24157,10.500731],[-75.24154,10.500701],[-75.241494,10.50065],[-75.241437,10.500567],[-75.241375,10.500482],[-75.241301,10.500364],[-75.24126,10.500276],[-75.241228,10.500193],[-75.241191,10.500105],[-75.241159,10.50002],[-75.241144,10.499918],[-75.241135,10.499826],[-75.241133,10.499743],[-75.241127,10.49963],[-75.24112,10.499545],[-75.241114,10.499462],[-75.241101,10.499386],[-75.241046,10.499211],[-75.240994,10.49904],[-75.240951,10.49886],[-75.240916,10.498485],[-75.240921,10.498333],[-75.240936,10.498192],[-75.240942,10.498082],[-75.240954,10.497941],[-75.240967,10.497771],[-75.240979,10.497608],[-75.240978,10.49744],[-75.240977,10.497251],[-75.240978,10.497034],[-75.240921,10.496518],[-75.240904,10.496329],[-75.240893,10.496195],[-75.240882,10.49608],[-75.240841,10.495942],[-75.240798,10.495815],[-75.240761,10.49573],[-75.240718,10.495635],[-75.240705,10.495607],[-75.240686,10.495563],[-75.24063,10.495485],[-75.24057,10.495413],[-75.240511,10.495348],[-75.240451,10.495288],[-75.240395,10.495237],[-75.240312,10.495184],[-75.240206,10.495125],[-75.240086,10.495067],[-75.239972,10.49502],[-75.239849,10.494981],[-75.239713,10.49495],[-75.239567,10.494915],[-75.239453,10.494889],[-75.239345,10.494851],[-75.239234,10.494802],[-75.239137,10.494746],[-75.239058,10.4947],[-75.238959,10.494637],[-75.238875,10.494584],[-75.238778,10.494523],[-75.23867,10.494456],[-75.238453,10.494296],[-75.238388,10.494245],[-75.238351,10.494205],[-75.238322,10.494138],[-75.238301,10.494078],[-75.238288,10.493982],[-75.238288,10.493922],[-75.238298,10.493857],[-75.238301,10.493834],[-75.238315,10.493749],[-75.238329,10.493659],[-75.238341,10.493593],[-75.238332,10.493542],[-75.238319,10.493484],[-75.238296,10.493408],[-75.238259,10.493311],[-75.238225,10.493221],[-75.238166,10.493087],[-75.238088,10.492919],[-75.238035,10.492803],[-75.237957,10.492663],[-75.237842,10.492459],[-75.23776,10.492332],[-75.237711,10.492277],[-75.237668,10.492223],[-75.237601,10.492156],[-75.237432,10.492038],[-75.237307,10.491952],[-75.237224,10.491871],[-75.237158,10.491804],[-75.237112,10.491744],[-75.237056,10.491676],[-75.236999,10.491589],[-75.236951,10.491496],[-75.2369,10.491406],[-75.236859,10.491325],[-75.236811,10.491221],[-75.236738,10.491071],[-75.23672,10.491034],[-75.236687,10.490965],[-75.236625,10.490843],[-75.236577,10.490755],[-75.236531,10.49066],[-75.236421,10.49045],[-75.23632,10.490304],[-75.236267,10.490237],[-75.236264,10.490233],[-75.236224,10.490189],[-75.236166,10.490133],[-75.236124,10.490098],[-75.235792,10.489903],[-75.235753,10.489879],[-75.235639,10.48986],[-75.235538,10.489653],[-75.235425,10.48942],[-75.23521,10.488922],[-75.235053,10.488405],[-75.235001,10.488204],[-75.234915,10.487869],[-75.234727,10.487303],[-75.23468,10.487161],[-75.234465,10.486663],[-75.234309,10.486185],[-75.234075,10.48586],[-75.233841,10.485477],[-75.233665,10.485114],[-75.233567,10.484731],[-75.233585,10.484366],[-75.233757,10.483695],[-75.233948,10.483004],[-75.234101,10.482467],[-75.234119,10.482083],[-75.23404,10.481585],[-75.234019,10.481202],[-75.233843,10.480685],[-75.233746,10.479514],[-75.233568,10.479285],[-75.232191,10.479234],[-75.231125,10.478932],[-75.230368,10.478666],[-75.229631,10.478266],[-75.229333,10.477906],[-75.229203,10.47775],[-75.229026,10.477118],[-75.229024,10.476409],[-75.228986,10.4762],[-75.228981,10.476166],[-75.228973,10.476087],[-75.227158,10.476087],[-75.226946,10.476458],[-75.226785,10.476739],[-75.22604,10.477764],[-75.224362,10.478976],[-75.22359,10.479555],[-75.223587,10.479555],[-75.22299,10.479602],[-75.222642,10.479653],[-75.222537,10.479673],[-75.222428,10.479693],[-75.222298,10.479711],[-75.222189,10.479721],[-75.222159,10.479724],[-75.221985,10.479753],[-75.221846,10.479777],[-75.221723,10.479797],[-75.221574,10.479808],[-75.221557,10.479809],[-75.221409,10.479823],[-75.221279,10.479836],[-75.221239,10.479839],[-75.22119,10.47984],[-75.221129,10.479729],[-75.221009,10.479528],[-75.220818,10.479205],[-75.220703,10.478956],[-75.220613,10.478758],[-75.220536,10.478644],[-75.220342,10.478405],[-75.220162,10.47824],[-75.220017,10.47812],[-75.219871,10.478024],[-75.219726,10.477952],[-75.219409,10.477835],[-75.218984,10.477672],[-75.218542,10.477496],[-75.218217,10.477396],[-75.217891,10.477329],[-75.217671,10.477228],[-75.217455,10.477036],[-75.217357,10.476916],[-75.217223,10.476711],[-75.217019,10.476413],[-75.216875,10.476203],[-75.216833,10.476141],[-75.216761,10.476036],[-75.21656,10.475772],[-75.216291,10.475425],[-75.216088,10.475163],[-75.215912,10.474992],[-75.215684,10.474827],[-75.215302,10.474618],[-75.214901,10.474413],[-75.214485,10.474261],[-75.21436,10.47422],[-75.213817,10.47409],[-75.213482,10.474003],[-75.213026,10.473945],[-75.212623,10.473988],[-75.212137,10.474041],[-75.211661,10.474173],[-75.211086,10.474359],[-75.210581,10.474501],[-75.209931,10.474661],[-75.209615,10.474739],[-75.209451,10.474756],[-75.209326,10.474754],[-75.208807,10.474647],[-75.208395,10.474563],[-75.208185,10.474498],[-75.207917,10.474386],[-75.207625,10.474229],[-75.207542,10.474185],[-75.207296,10.474034],[-75.207198,10.473991],[-75.207026,10.473931],[-75.206762,10.473748],[-75.206738,10.473694],[-75.206706,10.473574],[-75.20668,10.473427],[-75.20664,10.47307],[-75.206594,10.472708],[-75.206506,10.472223],[-75.206406,10.471868],[-75.206228,10.471531],[-75.206088,10.471381],[-75.205941,10.471273],[-75.205772,10.471178],[-75.20552,10.471078],[-75.205269,10.47103],[-75.205142,10.471021],[-75.20514,10.471021],[-75.204974,10.47102],[-75.204827,10.471033],[-75.204608,10.471087],[-75.204384,10.471116],[-75.204261,10.471119],[-75.204033,10.471092],[-75.203825,10.471049],[-75.203723,10.470989],[-75.203589,10.47084],[-75.203478,10.47077],[-75.203338,10.470708],[-75.203198,10.470697],[-75.203092,10.470713],[-75.202775,10.47078],[-75.202606,10.470774],[-75.202325,10.470706],[-75.20221,10.47069],[-75.202128,10.47069],[-75.20198,10.470714],[-75.201765,10.470799],[-75.201608,10.470819],[-75.201406,10.470885],[-75.201357,10.470883],[-75.20119,10.470768],[-75.201086,10.470714],[-75.200975,10.470679],[-75.200836,10.470661],[-75.200504,10.47064],[-75.200438,10.470628],[-75.20034,10.470612],[-75.200336,10.470611],[-75.200317,10.470605],[-75.200229,10.470586],[-75.200209,10.470582],[-75.200146,10.470579],[-75.200059,10.470599],[-75.19983,10.470652],[-75.199707,10.47068],[-75.19947,10.470707],[-75.199284,10.470713],[-75.199262,10.470714],[-75.199208,10.470712],[-75.199178,10.470711],[-75.198887,10.470509],[-75.198791,10.47044],[-75.198608,10.47031],[-75.19855,10.470268],[-75.198323,10.470139],[-75.198105,10.470032],[-75.197958,10.47001],[-75.197837,10.470037],[-75.197744,10.47011],[-75.197702,10.470142],[-75.197624,10.47016],[-75.19761,10.470163],[-75.197484,10.470191],[-75.19737,10.470107],[-75.197317,10.470067],[-75.197234,10.469991],[-75.197072,10.469845],[-75.196975,10.469816],[-75.196892,10.469828],[-75.196713,10.469856],[-75.196709,10.469856],[-75.196564,10.469901],[-75.196534,10.46991],[-75.196377,10.469811],[-75.196187,10.4697],[-75.195833,10.469533],[-75.195658,10.469437],[-75.195459,10.469217],[-75.195282,10.46913],[-75.194999,10.469023],[-75.194985,10.469018],[-75.194638,10.468893],[-75.194385,10.468766],[-75.19399,10.468452],[-75.193731,10.468235],[-75.193634,10.468206],[-75.193514,10.468192],[-75.193376,10.468219],[-75.193075,10.468276],[-75.192781,10.468303],[-75.192318,10.46829],[-75.191959,10.468272],[-75.191698,10.468264],[-75.19149,10.468212],[-75.191248,10.468038],[-75.191032,10.467893],[-75.190863,10.467864],[-75.190684,10.467857],[-75.190416,10.467893],[-75.190413,10.467893],[-75.19039,10.467843],[-75.19027,10.467761],[-75.190063,10.467642],[-75.189901,10.467502],[-75.189824,10.467321],[-75.189705,10.466945],[-75.189644,10.466674],[-75.189561,10.466425],[-75.18947,10.466277],[-75.189417,10.466224],[-75.189256,10.466148],[-75.189042,10.466056],[-75.188858,10.46594],[-75.188715,10.465788],[-75.188597,10.465576],[-75.188513,10.46544],[-75.188423,10.465162],[-75.188331,10.464926],[-75.188196,10.464674],[-75.188012,10.464382],[-75.187697,10.463949],[-75.187357,10.463556],[-75.187122,10.463305],[-75.186976,10.463212],[-75.186775,10.463139],[-75.18659,10.463089],[-75.186348,10.463009],[-75.185891,10.462779],[-75.185351,10.462541],[-75.185219,10.46244],[-75.184973,10.462202],[-75.184778,10.461991],[-75.184659,10.461872],[-75.184289,10.461638],[-75.183809,10.461371],[-75.183238,10.46104],[-75.183004,10.460883],[-75.182894,10.460707],[-75.182722,10.460401],[-75.182508,10.459966],[-75.182303,10.459586],[-75.182127,10.459353],[-75.181857,10.459036],[-75.181477,10.458709],[-75.181277,10.45853],[-75.180906,10.458342],[-75.180218,10.458087],[-75.179691,10.457803],[-75.179465,10.457652],[-75.179145,10.457456],[-75.178583,10.457172],[-75.17812,10.456909],[-75.177894,10.456766],[-75.177721,10.456611],[-75.177628,10.456472],[-75.177483,10.456156],[-75.177339,10.455916],[-75.176977,10.455664],[-75.176729,10.455514],[-75.176297,10.455211],[-75.176178,10.455215],[-75.175881,10.455226],[-75.175562,10.455244],[-75.175427,10.455223],[-75.17523,10.455193],[-75.175142,10.45518],[-75.174805,10.45511],[-75.174428,10.455025],[-75.174234,10.454939],[-75.174058,10.454827],[-75.173856,10.454647],[-75.173508,10.454331],[-75.173503,10.454331],[-75.173235,10.454146],[-75.173021,10.454029],[-75.172704,10.453971],[-75.172308,10.453874],[-75.171654,10.453612],[-75.171218,10.453447],[-75.170673,10.453184],[-75.16984,10.452698],[-75.169077,10.45225],[-75.168511,10.451938],[-75.168283,10.451792],[-75.168164,10.451636],[-75.168055,10.451499],[-75.167856,10.451127],[-75.167759,10.450931],[-75.167643,10.450695],[-75.167576,10.45056],[-75.167507,10.450394],[-75.167397,10.450208],[-75.167308,10.450111],[-75.167149,10.45005],[-75.16708,10.450023],[-75.166921,10.449887],[-75.166851,10.449789],[-75.166835,10.449742],[-75.166835,10.449741],[-75.166811,10.449672],[-75.166795,10.449297],[-75.166813,10.448988],[-75.166812,10.44864],[-75.166596,10.448215],[-75.166595,10.448215],[-75.166201,10.447827],[-75.166066,10.447695],[-75.165753,10.447406],[-75.165455,10.447293],[-75.165401,10.447272],[-75.165049,10.447119],[-75.164618,10.446908],[-75.164618,10.446907],[-75.164246,10.446542],[-75.163913,10.446311],[-75.163522,10.446119],[-75.163189,10.445869],[-75.162817,10.445638],[-75.162641,10.445526],[-75.162639,10.445525],[-75.162485,10.445426],[-75.16223,10.445215],[-75.161976,10.44508],[-75.16178,10.444907],[-75.161779,10.444907],[-75.161602,10.444712],[-75.161539,10.44467],[-75.161448,10.444628],[-75.161334,10.444611],[-75.161202,10.444565],[-75.161136,10.444528],[-75.161008,10.444459],[-75.160755,10.444342],[-75.160645,10.444275],[-75.160572,10.444226],[-75.160524,10.444199],[-75.160452,10.444168],[-75.160399,10.444148],[-75.160358,10.444132],[-75.160311,10.444123],[-75.160275,10.444113],[-75.160026,10.444045],[-75.159991,10.444041],[-75.159938,10.444038],[-75.159831,10.444032],[-75.159766,10.444018],[-75.159662,10.443954],[-75.159566,10.443912],[-75.159488,10.443892],[-75.15947,10.443888],[-75.159369,10.443853],[-75.15929,10.44381],[-75.159168,10.443735],[-75.15907,10.443659],[-75.158996,10.443604],[-75.158947,10.443566],[-75.158891,10.443522],[-75.158869,10.443499],[-75.158848,10.443478],[-75.158804,10.443428],[-75.158766,10.443371],[-75.158734,10.443315],[-75.1587,10.443241],[-75.158656,10.443179],[-75.15858,10.443095],[-75.158509,10.443064],[-75.15845,10.44305],[-75.158353,10.443002],[-75.158352,10.443002],[-75.158296,10.442941],[-75.158225,10.442817],[-75.158184,10.44272],[-75.158138,10.442623],[-75.158071,10.442487],[-75.158008,10.442408],[-75.157976,10.442352],[-75.157965,10.442331],[-75.15791,10.442227],[-75.157863,10.442124],[-75.157822,10.442021],[-75.157784,10.441971],[-75.157752,10.441932],[-75.157726,10.441881],[-75.157721,10.441859],[-75.157786,10.441831],[-75.157802,10.441825],[-75.157858,10.44188],[-75.15791,10.441883],[-75.15794,10.441852],[-75.157869,10.441723],[-75.157837,10.441692],[-75.157778,10.441677],[-75.157726,10.441593],[-75.157643,10.441469],[-75.157603,10.441402],[-75.157579,10.441363],[-75.157524,10.441325],[-75.157518,10.441234],[-75.157502,10.441132],[-75.157465,10.441093],[-75.157451,10.441047],[-75.157492,10.440954],[-75.157501,10.440896],[-75.157484,10.440798],[-75.157454,10.440672],[-75.157439,10.440609],[-75.157444,10.440557],[-75.157491,10.440446],[-75.15752,10.440369],[-75.157534,10.440256],[-75.157535,10.440247],[-75.157573,10.440099],[-75.157626,10.440049],[-75.157678,10.440035],[-75.157727,10.439897],[-75.157782,10.439755],[-75.1578,10.439614],[-75.157775,10.43947],[-75.157752,10.439321],[-75.157738,10.439159],[-75.157732,10.439],[-75.157671,10.438739],[-75.157621,10.438623],[-75.157572,10.438546],[-75.157538,10.438449],[-75.157424,10.438255],[-75.15742,10.438249],[-75.15736,10.438163],[-75.157263,10.438024],[-75.157072,10.437779],[-75.156974,10.437661],[-75.156959,10.437628],[-75.15688,10.43746],[-75.156816,10.43727],[-75.156757,10.437166],[-75.156625,10.436976],[-75.156551,10.436906],[-75.156439,10.436822],[-75.156372,10.436768],[-75.156177,10.43669],[-75.156047,10.436653],[-75.156036,10.436649],[-75.155914,10.436563],[-75.155828,10.436486],[-75.155673,10.436362],[-75.155672,10.436362],[-75.155544,10.436196],[-75.155526,10.436173],[-75.155371,10.435914],[-75.155258,10.435695],[-75.155192,10.435559],[-75.155191,10.435559],[-75.155106,10.4355],[-75.154943,10.435477],[-75.154788,10.435427],[-75.154575,10.435371],[-75.15438,10.435335],[-75.154214,10.435313],[-75.154207,10.435312],[-75.154036,10.435304],[-75.153917,10.435258],[-75.15374,10.435147],[-75.153637,10.435094],[-75.153524,10.435033],[-75.153378,10.434925],[-75.153262,10.434795],[-75.153185,10.434689],[-75.153134,10.434598],[-75.153121,10.434495],[-75.153119,10.434437],[-75.153114,10.434326],[-75.153122,10.434158],[-75.153135,10.434076],[-75.15318,10.433989],[-75.153207,10.433837],[-75.153223,10.43364],[-75.153199,10.433396],[-75.153217,10.433247],[-75.1532,10.433046],[-75.153222,10.432837],[-75.153226,10.432704],[-75.15318,10.432487],[-75.153143,10.43238],[-75.153114,10.432307],[-75.153021,10.432183],[-75.15302,10.432183],[-75.152938,10.432097],[-75.15285,10.432027],[-75.152819,10.432002],[-75.152716,10.431947],[-75.152699,10.431938],[-75.152687,10.431943],[-75.152646,10.43196],[-75.152561,10.432002],[-75.152499,10.431891],[-75.152335,10.431594],[-75.152618,10.431054],[-75.153015,10.43049],[-75.153012,10.430443],[-75.15302,10.430244],[-75.15304,10.429902],[-75.153034,10.429626],[-75.153033,10.429497],[-75.153053,10.429438],[-75.153122,10.429362],[-75.153166,10.429313],[-75.153175,10.429261],[-75.153137,10.429204],[-75.153137,10.429203],[-75.153047,10.429124],[-75.153012,10.429022],[-75.152981,10.428853],[-75.152936,10.428766],[-75.152797,10.428643],[-75.152764,10.428563],[-75.152744,10.4284],[-75.152702,10.428267],[-75.152709,10.428142],[-75.152743,10.428006],[-75.152889,10.427666],[-75.152951,10.427468],[-75.152958,10.427263],[-75.152984,10.427074],[-75.153028,10.426871],[-75.153101,10.426672],[-75.153181,10.426492],[-75.15328,10.426333],[-75.153359,10.42619],[-75.153395,10.426057],[-75.153392,10.426026],[-75.153373,10.425861],[-75.15334,10.425688],[-75.153253,10.425591],[-75.153148,10.425472],[-75.153067,10.425291],[-75.153027,10.425046],[-75.153022,10.42496],[-75.15301,10.42473],[-75.153002,10.424579],[-75.152942,10.423892],[-75.152819,10.423326],[-75.152689,10.423111],[-75.152406,10.422881],[-75.152104,10.422694],[-75.15177,10.422594],[-75.151156,10.422516],[-75.150728,10.422419],[-75.1505,10.422298],[-75.150118,10.42198],[-75.149653,10.4216],[-75.149269,10.421258],[-75.149004,10.421109],[-75.148988,10.4211],[-75.148739,10.421052],[-75.148643,10.421023],[-75.148588,10.420985],[-75.148565,10.42097],[-75.148511,10.420931],[-75.148437,10.420869],[-75.148219,10.420744],[-75.147488,10.420414],[-75.147112,10.420235],[-75.147081,10.420208],[-75.146983,10.420123],[-75.146816,10.419982],[-75.146515,10.419846],[-75.146479,10.419832],[-75.146099,10.419682],[-75.145615,10.419546],[-75.145333,10.419456],[-75.145231,10.419424],[-75.145151,10.419382],[-75.144971,10.419287],[-75.144804,10.419108],[-75.144505,10.418705],[-75.144256,10.418363],[-75.144255,10.418363],[-75.144111,10.418215],[-75.143792,10.417972],[-75.143791,10.417972],[-75.143525,10.417723],[-75.143525,10.417722],[-75.143458,10.417651],[-75.143263,10.41744],[-75.14314,10.417256],[-75.143037,10.416992],[-75.143015,10.416822],[-75.143006,10.416754],[-75.143005,10.416515],[-75.14278,10.41585],[-75.142579,10.415187],[-75.142463,10.414789],[-75.142406,10.414395],[-75.142349,10.414],[-75.142339,10.413832],[-75.142328,10.413628],[-75.142329,10.413435],[-75.142348,10.413148],[-75.142296,10.413064],[-75.14226,10.413007],[-75.142259,10.413007],[-75.142037,10.412827],[-75.142027,10.412818],[-75.141806,10.412921],[-75.141787,10.41293],[-75.141771,10.412937],[-75.141671,10.412984],[-75.141596,10.413019],[-75.141445,10.413089],[-75.1414,10.413105],[-75.141346,10.413125],[-75.141258,10.413156],[-75.141251,10.413159],[-75.141238,10.413155],[-75.141207,10.413152],[-75.141192,10.41315],[-75.14111,10.413142],[-75.141016,10.413128],[-75.140973,10.413122],[-75.140901,10.413102],[-75.140872,10.413094],[-75.14081,10.413076],[-75.140786,10.41307],[-75.140746,10.41307],[-75.140593,10.413001],[-75.140204,10.412827],[-75.140011,10.41274],[-75.139941,10.412709],[-75.13994,10.412708],[-75.139997,10.41252],[-75.140032,10.41248],[-75.140133,10.412365],[-75.140309,10.412165],[-75.140308,10.412163],[-75.140264,10.412055],[-75.140194,10.411884],[-75.139668,10.410617],[-75.139472,10.410515],[-75.139424,10.41049],[-75.139336,10.410525],[-75.139221,10.410571],[-75.139023,10.410654],[-75.138982,10.410672],[-75.138963,10.41068],[-75.138956,10.410682],[-75.138845,10.410719],[-75.138631,10.41079],[-75.138604,10.410799],[-75.138458,10.410848],[-75.138181,10.410772],[-75.138133,10.410759],[-75.138042,10.410734],[-75.138046,10.410663],[-75.138051,10.410569],[-75.13792,10.410492],[-75.137765,10.4104],[-75.137761,10.410399],[-75.137634,10.410361],[-75.137324,10.41027],[-75.137204,10.410192],[-75.137192,10.410185],[-75.136968,10.41004],[-75.136837,10.409897],[-75.136567,10.4096],[-75.136615,10.409509],[-75.136773,10.409212],[-75.136762,10.409197],[-75.136552,10.408922],[-75.136502,10.408857],[-75.136494,10.408852],[-75.132179,10.406612],[-75.132315,10.406544],[-75.1324,10.406502],[-75.132481,10.406461],[-75.13252,10.406436],[-75.132794,10.406257],[-75.132954,10.406152],[-75.133022,10.406073],[-75.133031,10.406062],[-75.133137,10.405939],[-75.133309,10.405642],[-75.133363,10.405351],[-75.133398,10.405167],[-75.133425,10.405023],[-75.133425,10.405021],[-75.133387,10.404721],[-75.133386,10.40472],[-75.132351,10.403774],[-75.132345,10.403768],[-75.13217,10.403608],[-75.131899,10.40336],[-75.131492,10.402998],[-75.131247,10.402781],[-75.13039,10.402004],[-75.130063,10.401709],[-75.128994,10.400741],[-75.12695,10.398896],[-75.127278,10.398797],[-75.127591,10.398675],[-75.128085,10.398462],[-75.128512,10.39827],[-75.128972,10.398071],[-75.129259,10.397954],[-75.129524,10.397854],[-75.129903,10.397652],[-75.130029,10.397588],[-75.130029,10.397587],[-75.129254,10.397311],[-75.128926,10.397478],[-75.126951,10.39849],[-75.12668,10.39861],[-75.125928,10.398945],[-75.124816,10.399439],[-75.124316,10.399715],[-75.122386,10.40078],[-75.120363,10.401759],[-75.119423,10.402214],[-75.11776,10.402487],[-75.114865,10.402795],[-75.114096,10.402877],[-75.109983,10.403336],[-75.107152,10.403946],[-75.104726,10.404888],[-75.102278,10.40593],[-75.101426,10.40617],[-75.098122,10.407332],[-75.09611,10.408067],[-75.094774,10.408554],[-75.091769,10.409694],[-75.091125,10.409938],[-75.089398,10.410534],[-75.084857,10.41197],[-75.082351,10.411966],[-75.079636,10.411255],[-75.076957,10.410431],[-75.075978,10.410027],[-75.075951,10.410016],[-75.075907,10.409998],[-75.075904,10.410003],[-75.075877,10.409993],[-75.075839,10.409979],[-75.075694,10.409926],[-75.075427,10.409829],[-75.075419,10.409826],[-75.075361,10.409803],[-75.074836,10.409594],[-75.074814,10.409585],[-75.074435,10.409422],[-75.074325,10.409374],[-75.074279,10.409354],[-75.074251,10.409333],[-75.074193,10.40929],[-75.074067,10.409197],[-75.074044,10.409181],[-75.07397,10.409126],[-75.073756,10.408968],[-75.073572,10.408832],[-75.073539,10.408808],[-75.072908,10.408343],[-75.072923,10.408319],[-75.072942,10.408291],[-75.072892,10.408248],[-75.072593,10.407989],[-75.072173,10.407626],[-75.070576,10.406138],[-75.070266,10.40585],[-75.067655,10.402505],[-75.0642,10.397616],[-75.060725,10.392555],[-75.060668,10.392472],[-75.060065,10.391587],[-75.060054,10.391571],[-75.058284,10.388975],[-75.057319,10.387559],[-75.055658,10.385123],[-75.054472,10.383695],[-75.052984,10.381902],[-75.050172,10.379592],[-75.050022,10.379469],[-75.047977,10.377938],[-75.045962,10.376285],[-75.045576,10.376008],[-75.043558,10.374557],[-75.041323,10.373297],[-75.039004,10.372062],[-75.037189,10.371095],[-75.036083,10.370506],[-75.034254,10.369499],[-75.033439,10.368851],[-75.032665,10.368237],[-75.030898,10.366834],[-75.030245,10.366316],[-75.030095,10.366196],[-75.029494,10.365817],[-75.02773,10.364703],[-75.025776,10.36393],[-75.025553,10.363889],[-75.024092,10.363621],[-75.021582,10.363375],[-75.017601,10.363215],[-75.012826,10.362217],[-75.011541,10.361948],[-75.00496,10.360253],[-75.004258,10.35988],[-75.00288,10.359146],[-75.002588,10.358904],[-75.000191,10.356926],[-74.992469,10.349666],[-74.98978,10.347104],[-74.987092,10.345226],[-74.986577,10.345024],[-74.985877,10.344749],[-74.985865,10.344744],[-74.984494,10.344206],[-74.983193,10.343353],[-74.979548,10.339508],[-74.978852,10.338718],[-74.978538,10.338363],[-74.977986,10.337738],[-74.976331,10.335862],[-74.974948,10.334295],[-74.973727,10.33307],[-74.97035,10.329681],[-74.970178,10.329555],[-74.968531,10.328345],[-74.96782,10.327822],[-74.967778,10.327791],[-74.967248,10.327402],[-74.967284,10.327338],[-74.966893,10.327103],[-74.966612,10.326934],[-74.965252,10.326115],[-74.964595,10.325544],[-74.964408,10.325314],[-74.964172,10.325024],[-74.964139,10.324983],[-74.963515,10.324217],[-74.963442,10.324101],[-74.962754,10.323013],[-74.962287,10.322275],[-74.960926,10.320195],[-74.95976,10.318796],[-74.959299,10.318138],[-74.957881,10.316112],[-74.957728,10.316308],[-74.957387,10.315863],[-74.957349,10.315814],[-74.956702,10.31497],[-74.956057,10.31413],[-74.956014,10.314074],[-74.955597,10.31353],[-74.955272,10.313109],[-74.950687,10.307164],[-74.950387,10.306776],[-74.950145,10.306463],[-74.94974,10.305941],[-74.947892,10.303556],[-74.947803,10.303442],[-74.947154,10.302604],[-74.946755,10.302089],[-74.946299,10.301501],[-74.945749,10.300791],[-74.945667,10.300685],[-74.945614,10.300617],[-74.945352,10.300278],[-74.945164,10.300029],[-74.945033,10.299855],[-74.944875,10.299644],[-74.944686,10.299393],[-74.944455,10.299086],[-74.943641,10.298004],[-74.943316,10.297572],[-74.942769,10.296845],[-74.942632,10.296662],[-74.942396,10.296349],[-74.942324,10.296253],[-74.941879,10.295662],[-74.941839,10.295609],[-74.941391,10.295015],[-74.940901,10.294363],[-74.940774,10.294195],[-74.937954,10.290452],[-74.937943,10.290437],[-74.937885,10.290361],[-74.937566,10.289856],[-74.937327,10.289478],[-74.93426,10.285385],[-74.93312,10.283863],[-74.932123,10.282532],[-74.930456,10.280307],[-74.929772,10.279192],[-74.927356,10.276275],[-74.925017,10.272935],[-74.923173,10.270743],[-74.921431,10.268212],[-74.921203,10.267881],[-74.920372,10.266675],[-74.919871,10.265947],[-74.919021,10.265087],[-74.91872,10.264757],[-74.918716,10.264753],[-74.918655,10.26468],[-74.918589,10.2646],[-74.918564,10.264567],[-74.918527,10.264516],[-74.918251,10.264144],[-74.918166,10.26403],[-74.918153,10.264013],[-74.917977,10.263762],[-74.917936,10.263704],[-74.917934,10.2637],[-74.91793,10.263694],[-74.917805,10.263516],[-74.917801,10.26352],[-74.9178,10.263521],[-74.917761,10.263477],[-74.91761,10.26331],[-74.917495,10.263182],[-74.917464,10.263148],[-74.917432,10.263112],[-74.917428,10.263107],[-74.917311,10.262977],[-74.917194,10.262847],[-74.91706,10.262698],[-74.916988,10.262618],[-74.916733,10.262334],[-74.916668,10.262262],[-74.916509,10.262085],[-74.916439,10.262007],[-74.916412,10.261977],[-74.916404,10.261969],[-74.916385,10.261948],[-74.916367,10.261928],[-74.916367,10.261927],[-74.916362,10.261921],[-74.91631,10.261864],[-74.916253,10.2618],[-74.916247,10.261793],[-74.91622,10.261763],[-74.916151,10.261686],[-74.916103,10.261633],[-74.91606,10.261585],[-74.915911,10.261418],[-74.915154,10.260574],[-74.915126,10.260543],[-74.914901,10.260285],[-74.914899,10.260284],[-74.914844,10.260221],[-74.914838,10.260214],[-74.914175,10.259457],[-74.9141,10.259372],[-74.913807,10.259038],[-74.913506,10.258694],[-74.913474,10.258658],[-74.913448,10.258629],[-74.913095,10.258226],[-74.913092,10.258222],[-74.913072,10.258195],[-74.912815,10.257849],[-74.912443,10.25735],[-74.912407,10.2573],[-74.912014,10.256772],[-74.911938,10.256687],[-74.911849,10.256587],[-74.911558,10.25626],[-74.911487,10.256164],[-74.911354,10.255983],[-74.911209,10.255786],[-74.910954,10.25542],[-74.910919,10.255134],[-74.91082,10.254742],[-74.910746,10.254449],[-74.910797,10.254181],[-74.91077,10.254176],[-74.910274,10.254086],[-74.909382,10.253908],[-74.908625,10.25368],[-74.908334,10.253452],[-74.908124,10.253286],[-74.90812,10.253878],[-74.907807,10.256505],[-74.907294,10.258277],[-74.907164,10.258725],[-74.907104,10.258995],[-74.906333,10.262486],[-74.905378,10.266813],[-74.90399,10.27187],[-74.903789,10.272631],[-74.903098,10.275241],[-74.902303,10.277324],[-74.901337,10.279819],[-74.900962,10.280919],[-74.898617,10.287801],[-74.895316,10.295443],[-74.891537,10.301676],[-74.887992,10.306618],[-74.884449,10.312146],[-74.882164,10.315558],[-74.880196,10.318498],[-74.877616,10.323332],[-74.875238,10.327788],[-74.871407,10.335222],[-74.868687,10.340136],[-74.868418,10.340623],[-74.868193,10.341028],[-74.867677,10.341961],[-74.867403,10.342456],[-74.867075,10.342963],[-74.861813,10.351083],[-74.861228,10.352654],[-74.861031,10.353844],[-74.861233,10.354735],[-74.861385,10.355627],[-74.861588,10.356717],[-74.861656,10.357367],[-74.861742,10.358203],[-74.86215,10.360978],[-74.862607,10.363851],[-74.863245,10.366223],[-74.863509,10.366743],[-74.863512,10.366748],[-74.863513,10.366749],[-74.863849,10.367411],[-74.864566,10.368821],[-74.865132,10.369972],[-74.865661,10.371235],[-74.865813,10.372015],[-74.86589,10.373093],[-74.865743,10.374134],[-74.865531,10.374946],[-74.86552,10.37499],[-74.865109,10.375883],[-74.864925,10.377296],[-74.864704,10.378932],[-74.863475,10.382987],[-74.861907,10.386522],[-74.860711,10.388755],[-74.859739,10.390467],[-74.858766,10.391956],[-74.858018,10.392962],[-74.856333,10.394862],[-74.855097,10.396129],[-74.853561,10.397619],[-74.852137,10.398887],[-74.850938,10.399856],[-74.849103,10.401533],[-74.848241,10.402241],[-74.847267,10.403099],[-74.846142,10.403845],[-74.84423,10.405002],[-74.842955,10.405748],[-74.842592,10.406026],[-74.841981,10.406494],[-74.84081,10.407303],[-74.840631,10.407426],[-74.839619,10.408172],[-74.838232,10.409068],[-74.837145,10.409739],[-74.835982,10.410263],[-74.835292,10.410467],[-74.834969,10.410562],[-74.834143,10.41075],[-74.833393,10.411012],[-74.832304,10.411275],[-74.831216,10.411463],[-74.829514,10.411391],[-74.828673,10.41131],[-74.828179,10.411262],[-74.827177,10.411198],[-74.825318,10.4153],[-74.82472,10.416491],[-74.822259,10.420131],[-74.820528,10.422118],[-74.820316,10.422362],[-74.819263,10.423574],[-74.818064,10.424833],[-74.8172,10.426355],[-74.816138,10.429],[-74.814876,10.431713],[-74.814014,10.434358],[-74.813155,10.437929],[-74.812692,10.43978],[-74.81223,10.442226],[-74.812034,10.444143],[-74.811939,10.446181],[-74.811907,10.446853],[-74.812026,10.449256],[-74.812047,10.449694],[-74.811988,10.450804],[-74.811982,10.450921],[-74.81192,10.452073],[-74.811859,10.454519],[-74.811666,10.457889],[-74.811473,10.46093],[-74.811282,10.464697],[-74.810956,10.468266],[-74.810256,10.473243],[-74.809971,10.475273],[-74.808423,10.479015],[-74.806872,10.482233],[-74.806533,10.482936],[-74.804322,10.485134],[-74.802657,10.487204],[-74.802429,10.487488],[-74.80198,10.488177],[-74.802592,10.488599],[-74.802349,10.489015],[-74.801505,10.490462],[-74.801208,10.490973],[-74.800676,10.491884],[-74.800304,10.492524],[-74.80015,10.492786],[-74.799874,10.493321],[-74.799045,10.494924],[-74.798834,10.495333],[-74.798399,10.496175],[-74.798305,10.496291],[-74.797238,10.497602],[-74.79649,10.498387],[-74.795277,10.499658],[-74.794838,10.499379],[-74.794701,10.499567],[-74.794435,10.499927],[-74.792965,10.50192],[-74.791071,10.504274],[-74.788704,10.507256],[-74.786811,10.51008],[-74.785075,10.51212],[-74.782391,10.515259],[-74.780653,10.516829],[-74.777651,10.519342],[-74.777535,10.519437],[-74.774965,10.521541],[-74.770857,10.524526],[-74.767066,10.528137],[-74.766201,10.528553],[-74.765186,10.529042],[-74.765097,10.529085],[-74.762698,10.53024],[-74.762164,10.530498],[-74.760604,10.531298],[-74.757262,10.533014],[-74.752516,10.534591],[-74.748721,10.536165],[-74.744451,10.538211],[-74.74129,10.540411],[-74.741138,10.540531],[-74.738919,10.542295],[-74.737658,10.544648],[-74.736242,10.548723],[-74.735929,10.550604],[-74.735875,10.551835],[-74.735778,10.55405],[-74.735784,10.556556],[-74.73595,10.560316],[-74.73625,10.56194],[-74.736538,10.563255],[-74.73744,10.568381],[-74.737529,10.569452],[-74.737963,10.574694],[-74.738012,10.575293],[-74.738065,10.575923],[-74.738302,10.578792],[-74.738441,10.580022],[-74.738396,10.581049],[-74.73821,10.582076],[-74.737834,10.58287],[-74.737269,10.583291],[-74.73636,10.583539],[-74.735988,10.584061],[-74.735782,10.584348],[-74.734819,10.587648],[-74.734546,10.58927],[-74.734313,10.590531],[-74.734032,10.591604],[-74.733751,10.592398],[-74.733093,10.59366],[-74.732342,10.594968],[-74.731448,10.596276],[-74.730555,10.597585],[-74.729991,10.598473],[-74.729642,10.598905],[-74.729426,10.599174],[-74.728484,10.599969],[-74.727872,10.600484],[-74.727072,10.601138],[-74.726565,10.601191],[-74.726148,10.601234],[-74.725002,10.603616],[-74.724628,10.605297],[-74.724395,10.60679],[-74.724211,10.608704],[-74.724213,10.609964],[-74.724218,10.612111],[-74.72422,10.61337],[-74.724411,10.61449],[-74.724508,10.61575],[-74.724937,10.617755],[-74.725036,10.619733],[-74.725211,10.620378],[-74.725567,10.62108],[-74.725584,10.621113],[-74.726117,10.622161],[-74.726357,10.622896],[-74.726651,10.623683],[-74.727103,10.624417],[-74.727423,10.625046],[-74.727769,10.625597],[-74.728062,10.626042],[-74.728568,10.627012],[-74.729193,10.627854],[-74.729643,10.628721],[-74.730219,10.629513],[-74.730524,10.629769],[-74.73083,10.630026],[-74.731442,10.630602],[-74.731984,10.63126],[-74.732375,10.63157],[-74.732867,10.631941],[-74.733243,10.632311],[-74.73359,10.632596],[-74.733966,10.632824],[-74.734544,10.632994],[-74.735151,10.63305],[-74.735584,10.633049],[-74.736133,10.63302],[-74.736595,10.632933],[-74.737144,10.632932],[-74.737809,10.633016],[-74.738387,10.633272],[-74.738994,10.633614],[-74.739457,10.63407],[-74.739805,10.634469],[-74.740153,10.635097],[-74.740385,10.635383],[-74.740646,10.636039],[-74.741052,10.636838],[-74.741545,10.63758],[-74.741922,10.63818],[-74.742327,10.638693],[-74.742791,10.639292],[-74.743138,10.639749],[-74.743631,10.640405],[-74.744123,10.64109],[-74.7445,10.641575],[-74.744906,10.642174],[-74.74534,10.642716],[-74.745659,10.643258],[-74.746094,10.643857],[-74.746413,10.644485],[-74.746494,10.644684],[-74.746527,10.644766],[-74.746587,10.644914],[-74.746791,10.645485],[-74.747023,10.646256],[-74.747054,10.64697],[-74.747056,10.647884],[-74.747057,10.648542],[-74.747059,10.649199],[-74.746945,10.649885],[-74.746657,10.650686],[-74.74653,10.650929],[-74.746438,10.651105],[-74.746417,10.651145],[-74.746284,10.651401],[-74.745678,10.652145],[-74.745218,10.652746],[-74.744843,10.653376],[-74.744267,10.654005],[-74.743748,10.65455],[-74.743142,10.65504],[-74.743066,10.655102],[-74.74297,10.65518],[-74.742508,10.655552],[-74.741902,10.656011],[-74.741355,10.656469],[-74.740753,10.656875],[-74.740547,10.657014],[-74.740056,10.657358],[-74.73922,10.657988],[-74.73847,10.658533],[-74.73798,10.658848],[-74.737374,10.659221],[-74.736941,10.659565],[-74.736336,10.660023],[-74.735499,10.660596],[-74.734662,10.661141],[-74.733681,10.661686],[-74.732556,10.66246],[-74.731373,10.662977],[-74.73068,10.663264],[-74.730045,10.663637],[-74.729526,10.663952],[-74.729007,10.664296],[-74.728228,10.664726],[-74.727275,10.665186],[-74.726467,10.665673],[-74.725082,10.666305],[-74.724183,10.666734],[-74.723639,10.666993],[-74.723588,10.66724],[-74.723303,10.668615],[-74.723253,10.669047],[-74.722842,10.672576],[-74.72287,10.677056],[-74.723779,10.680308],[-74.724048,10.683263],[-74.724349,10.684343],[-74.724711,10.685641],[-74.725188,10.688615],[-74.725193,10.691125],[-74.725208,10.698418],[-74.725209,10.698803],[-74.725236,10.702428],[-74.725429,10.70477],[-74.725921,10.706666],[-74.725924,10.707874],[-74.725928,10.709838],[-74.72593,10.710848],[-74.725926,10.714103],[-74.725926,10.718934],[-74.725959,10.724591],[-74.725958,10.727595],[-74.725958,10.727769],[-74.725953,10.728253],[-74.725934,10.730374],[-74.725968,10.734014],[-74.725986,10.736007],[-74.726215,10.737833],[-74.726669,10.738739],[-74.726925,10.740105],[-74.727604,10.742167],[-74.727622,10.743004],[-74.727646,10.744072],[-74.727636,10.748047],[-74.727745,10.748895],[-74.727746,10.749372],[-74.727746,10.7494],[-74.727755,10.753242],[-74.72776,10.755839],[-74.72743,10.760292],[-74.726844,10.762078],[-74.726027,10.764341],[-74.725778,10.765353],[-74.725488,10.766531],[-74.725344,10.767116],[-74.725266,10.767434],[-74.725154,10.770601],[-74.725151,10.770675],[-74.725151,10.770678],[-74.725114,10.771726],[-74.725114,10.771728],[-74.72555,10.775119],[-74.725864,10.776185],[-74.72597,10.776547],[-74.726018,10.776709],[-74.726882,10.779357],[-74.727368,10.781123],[-74.727468,10.781324],[-74.72881,10.784016],[-74.729145,10.784688],[-74.730191,10.786944],[-74.730638,10.787908],[-74.731125,10.788959],[-74.731281,10.789295],[-74.731304,10.789339],[-74.731433,10.789583],[-74.733335,10.793176],[-74.734008,10.794448],[-74.734072,10.794617],[-74.734336,10.795312],[-74.734925,10.796867],[-74.736237,10.800168],[-74.736797,10.803029],[-74.737718,10.807621],[-74.737884,10.809617],[-74.738068,10.812178],[-74.738325,10.815128],[-74.73847,10.816347],[-74.738593,10.817278],[-74.739088,10.821028],[-74.739401,10.825356],[-74.739639,10.827953],[-74.740146,10.830531],[-74.74029,10.831414],[-74.740726,10.834452],[-74.740726,10.834453],[-74.740736,10.834542],[-74.740749,10.834633],[-74.740765,10.834727],[-74.740784,10.834823],[-74.740806,10.834921],[-74.740831,10.835023],[-74.74086,10.835128],[-74.740892,10.835237],[-74.740951,10.835422],[-74.741022,10.83563],[-74.741094,10.835828],[-74.741272,10.836305],[-74.741359,10.83655],[-74.7414,10.836672],[-74.741436,10.836786],[-74.741469,10.836895],[-74.741499,10.837],[-74.741527,10.837108],[-74.741551,10.837212],[-74.741572,10.837314],[-74.741589,10.837412],[-74.741603,10.837509],[-74.741614,10.837603],[-74.741622,10.837696],[-74.741627,10.837787],[-74.741639,10.838232],[-74.741642,10.838378],[-74.741648,10.838676],[-74.74165,10.83885],[-74.741653,10.839121],[-74.741654,10.839304],[-74.741655,10.839566],[-74.741655,10.83975],[-74.741653,10.840012],[-74.741652,10.840194],[-74.741648,10.840461],[-74.741645,10.840635],[-74.741639,10.840923],[-74.741635,10.841074],[-74.741623,10.841459],[-74.741621,10.841512],[-74.741604,10.841948],[-74.741598,10.842083],[-74.741583,10.842383],[-74.741574,10.84255],[-74.741559,10.842818],[-74.741548,10.842995],[-74.741531,10.843253],[-74.741518,10.843432],[-74.741499,10.843689],[-74.741485,10.843865],[-74.741463,10.844128],[-74.741449,10.844295],[-74.741423,10.84458],[-74.741409,10.844723],[-74.741369,10.845117],[-74.741366,10.845151],[-74.741319,10.845572],[-74.741304,10.845705],[-74.741269,10.845995],[-74.741249,10.846156],[-74.741215,10.846416],[-74.741192,10.846586],[-74.741158,10.846836],[-74.741133,10.847009],[-74.741096,10.847256],[-74.741071,10.847427],[-74.741031,10.84768],[-74.741005,10.847841],[-74.740959,10.848116],[-74.740936,10.848252],[-74.740867,10.848645],[-74.740864,10.848663],[-74.740788,10.849068],[-74.740763,10.849197],[-74.740709,10.849472],[-74.740677,10.849628],[-74.740626,10.849876],[-74.740591,10.850039],[-74.74054,10.850277],[-74.740503,10.850443],[-74.740449,10.850679],[-74.740412,10.850841],[-74.740354,10.851084],[-74.740318,10.851236],[-74.740252,10.8515],[-74.74022,10.851628],[-74.74012,10.852017],[-74.740033,10.852332],[-74.739937,10.852658],[-74.73983,10.852998],[-74.739712,10.853356],[-74.739581,10.853736],[-74.739432,10.854154],[-74.73927,10.854594],[-74.738811,10.85583],[-74.738672,10.856214],[-74.73855,10.856558],[-74.738415,10.856957],[-74.738294,10.85733],[-74.738186,10.857686],[-74.738089,10.858027],[-74.738042,10.858202],[-74.738027,10.858261],[-74.737997,10.858378],[-74.73798,10.858449],[-74.737975,10.858466],[-74.737954,10.858555],[-74.737935,10.858631],[-74.737911,10.858733],[-74.737893,10.858812],[-74.737871,10.858912],[-74.737853,10.858994],[-74.737831,10.859093],[-74.737814,10.859175],[-74.737793,10.859275],[-74.737777,10.859358],[-74.737757,10.859458],[-74.737741,10.859542],[-74.737722,10.859643],[-74.737707,10.859727],[-74.737689,10.85983],[-74.737674,10.859913],[-74.737656,10.860019],[-74.737643,10.8601],[-74.737625,10.860212],[-74.737613,10.860288],[-74.737594,10.860415],[-74.737585,10.860478],[-74.737558,10.860667],[-74.737558,10.86067],[-74.737533,10.860861],[-74.737524,10.860932],[-74.737509,10.861055],[-74.7375,10.861136],[-74.737487,10.86125],[-74.737477,10.861336],[-74.737465,10.861447],[-74.737457,10.861535],[-74.737447,10.861629],[-74.737417,10.861966],[-74.737413,10.862021],[-74.737388,10.862363],[-74.737384,10.862417],[-74.737363,10.862769],[-74.737361,10.862815],[-74.737344,10.863179],[-74.73733,10.863608],[-74.737329,10.863659],[-74.737321,10.864059],[-74.737321,10.864069],[-74.737319,10.864331],[-74.737318,10.86457],[-74.737319,10.864771],[-74.737321,10.864958],[-74.737324,10.86517],[-74.737327,10.865359],[-74.737333,10.865578],[-74.737338,10.86577],[-74.737345,10.865997],[-74.737352,10.866192],[-74.737362,10.866427],[-74.737371,10.866626],[-74.737383,10.866872],[-74.737394,10.867073],[-74.737409,10.867332],[-74.737421,10.867536],[-74.737439,10.867811],[-74.737452,10.868014],[-74.73749,10.868522],[-74.737513,10.868841],[-74.737534,10.869085],[-74.737565,10.869467],[-74.737589,10.869759],[-74.737651,10.870466],[-74.737859,10.872751],[-74.737951,10.873825],[-74.737974,10.874113],[-74.737993,10.874358],[-74.738031,10.874859],[-74.738064,10.875336],[-74.738092,10.875793],[-74.738104,10.876],[-74.738104,10.876001],[-74.738777,10.877506],[-74.738831,10.877674],[-74.738886,10.877907],[-74.738977,10.878194],[-74.73905,10.878415],[-74.739141,10.878678],[-74.739366,10.879138],[-74.739542,10.879472],[-74.739749,10.879765],[-74.739846,10.879962],[-74.739949,10.880189],[-74.740035,10.880323],[-74.740083,10.880398],[-74.740198,10.880523],[-74.740319,10.880714],[-74.740453,10.8809],[-74.740599,10.881138],[-74.740751,10.881413],[-74.740777,10.88146],[-74.740872,10.881628],[-74.741036,10.881831],[-74.74107,10.881904],[-74.741145,10.882064],[-74.741248,10.882231],[-74.741346,10.882428],[-74.741425,10.882631],[-74.741498,10.882799],[-74.741571,10.883002],[-74.741656,10.883199],[-74.741729,10.883408],[-74.741772,10.883641],[-74.741812,10.883799],[-74.741815,10.883809],[-74.741821,10.883982],[-74.742499,10.88398],[-74.743321,10.884015],[-74.743442,10.884032],[-74.743884,10.884079],[-74.74432,10.884126],[-74.744422,10.883713],[-74.744975,10.883597],[-74.745571,10.883471],[-74.745873,10.883411],[-74.745674,10.883752],[-74.745548,10.883968],[-74.745445,10.884183],[-74.745252,10.884429],[-74.745144,10.884603],[-74.745066,10.884738],[-74.745023,10.884812],[-74.74486,10.885087],[-74.745145,10.885141],[-74.745255,10.885147],[-74.74627,10.88521],[-74.747136,10.885274],[-74.74768,10.885308],[-74.748194,10.885271],[-74.748757,10.885228],[-74.748999,10.885228],[-74.749271,10.885227],[-74.749483,10.885227],[-74.749906,10.885226],[-74.750039,10.885255],[-74.75033,10.885315],[-74.750638,10.885332],[-74.750796,10.885337],[-74.750898,10.885352],[-74.751001,10.885367],[-74.751201,10.885355],[-74.751389,10.8853],[-74.751546,10.885222],[-74.751751,10.885156],[-74.752174,10.885041],[-74.752392,10.885005],[-74.752846,10.884932],[-74.75336,10.884871],[-74.753886,10.884864],[-74.754152,10.884935],[-74.754564,10.88497],[-74.754994,10.885035],[-74.755659,10.885147],[-74.755913,10.885201],[-74.756258,10.885295],[-74.756495,10.885379],[-74.756731,10.885456],[-74.757058,10.885533],[-74.757391,10.885616],[-74.757772,10.88577],[-74.75819,10.885973],[-74.758269,10.886016],[-74.758297,10.886032],[-74.758687,10.886247],[-74.759177,10.886569],[-74.759638,10.886801],[-74.759983,10.887009],[-74.760637,10.887355],[-74.761104,10.887623],[-74.761328,10.88773],[-74.761667,10.887872],[-74.762163,10.888057],[-74.762581,10.888223],[-74.762612,10.88823],[-74.763029,10.88833],[-74.763492,10.888424],[-74.763598,10.88849],[-74.763689,10.888579],[-74.763768,10.888711],[-74.763829,10.888836],[-74.763841,10.888875],[-74.763871,10.888968],[-74.763914,10.889069],[-74.763944,10.889117],[-74.76397,10.889179],[-74.763973,10.889186],[-74.763987,10.889219],[-74.763988,10.889221],[-74.763988,10.889232],[-74.763996,10.88924],[-74.764006,10.889252],[-74.76402,10.889267],[-74.764024,10.889271],[-74.764048,10.889292],[-74.764105,10.88936],[-74.764165,10.88939],[-74.764191,10.889403],[-74.764205,10.889432],[-74.764213,10.889542],[-74.764259,10.889624],[-74.764259,10.889664],[-74.764255,10.889717],[-74.76428,10.889763],[-74.764295,10.889785],[-74.764309,10.889835],[-74.764309,10.889949],[-74.76428,10.89001],[-74.764263,10.890035],[-74.764243,10.890064],[-74.764234,10.890088],[-74.764243,10.890111],[-74.764264,10.890121],[-74.76428,10.890142],[-74.764282,10.890176],[-74.764291,10.890204],[-74.764301,10.890223],[-74.764316,10.890241],[-74.764339,10.890258],[-74.764367,10.8903],[-74.764375,10.890319],[-74.764401,10.890347],[-74.764438,10.890393],[-74.764457,10.890412],[-74.764476,10.890425],[-74.764494,10.890425],[-74.764513,10.890446],[-74.764557,10.890497],[-74.76465,10.890615],[-74.764778,10.890606],[-74.764975,10.890594],[-74.765132,10.890586],[-74.765263,10.890565],[-74.765428,10.890528],[-74.765616,10.890493],[-74.765835,10.890439],[-74.765935,10.890406],[-74.766192,10.890317],[-74.766526,10.890212],[-74.766837,10.890122],[-74.766848,10.890118],[-74.767095,10.890034],[-74.767325,10.889977],[-74.767398,10.88997],[-74.767461,10.889973],[-74.767578,10.89001],[-74.76774,10.890064],[-74.767785,10.890079],[-74.767789,10.890081],[-74.76781,10.890088],[-74.767826,10.890085],[-74.768087,10.890043],[-74.768402,10.889997],[-74.768726,10.889953],[-74.768916,10.889927],[-74.769098,10.889912],[-74.769117,10.88991],[-74.769374,10.889913],[-74.769572,10.889916],[-74.76958,10.889916],[-74.769661,10.889922],[-74.769769,10.889929],[-74.769791,10.889931],[-74.769805,10.889758],[-74.769808,10.889719],[-74.769809,10.889712],[-74.769811,10.889688],[-74.769834,10.889421],[-74.769835,10.889407],[-74.769837,10.889383],[-74.769851,10.889231],[-74.769889,10.888703],[-74.769913,10.88846],[-74.769913,10.888087],[-74.769893,10.887896],[-74.769891,10.887881],[-74.769886,10.88783],[-74.769875,10.88777],[-74.76987,10.887742],[-74.769838,10.887562],[-74.769804,10.887375],[-74.769801,10.887359],[-74.769719,10.886914],[-74.769668,10.88665],[-74.769618,10.886386],[-74.769568,10.886131],[-74.769565,10.886112],[-74.769555,10.886047],[-74.769554,10.886041],[-74.769552,10.886028],[-74.769543,10.885969],[-74.769532,10.885895],[-74.769531,10.885893],[-74.76952,10.885817],[-74.769514,10.885777],[-74.769508,10.885745],[-74.769508,10.885744],[-74.769454,10.885439],[-74.769384,10.884862],[-74.769368,10.884735],[-74.769361,10.884677],[-74.76935,10.884204],[-74.76934,10.883924],[-74.769339,10.883888],[-74.769338,10.883861],[-74.769338,10.883853],[-74.769327,10.883554],[-74.769306,10.883004],[-74.769312,10.882403],[-74.769318,10.882301],[-74.76934,10.881916],[-74.769456,10.881034],[-74.769464,10.880971],[-74.769467,10.880955],[-74.769476,10.880884],[-74.769481,10.880833],[-74.769486,10.880786],[-74.769499,10.880792],[-74.76958,10.880826],[-74.769609,10.880839],[-74.769644,10.880842],[-74.769729,10.880849],[-74.769813,10.880872],[-74.769895,10.880895],[-74.769975,10.880918],[-74.769982,10.88092],[-74.770055,10.88094],[-74.770138,10.880964],[-74.770228,10.880988],[-74.770309,10.881011],[-74.770395,10.881035],[-74.770423,10.881042],[-74.770484,10.881041],[-74.770555,10.88104],[-74.770573,10.881039],[-74.770662,10.881032],[-74.770752,10.881025],[-74.770835,10.881017],[-74.770842,10.881017],[-74.770919,10.88101],[-74.771001,10.881003],[-74.771084,10.880995],[-74.771176,10.880987],[-74.771311,10.880975],[-74.77143,10.880975],[-74.771541,10.881018],[-74.771614,10.881047],[-74.771697,10.881075],[-74.77178,10.881096],[-74.771862,10.881116],[-74.771946,10.881137],[-74.772027,10.881158],[-74.772101,10.881162],[-74.772171,10.881167],[-74.772259,10.881172],[-74.772313,10.881176],[-74.772457,10.881187],[-74.772607,10.881198],[-74.772748,10.881201],[-74.772783,10.881202],[-74.772815,10.881203],[-74.772881,10.881204],[-74.773107,10.881197],[-74.773127,10.881196],[-74.773174,10.881194],[-74.773226,10.8812],[-74.773242,10.881195],[-74.773258,10.881191],[-74.773292,10.88119],[-74.7733,10.88119],[-74.773323,10.881189],[-74.773377,10.881188],[-74.773487,10.881198],[-74.773545,10.881204],[-74.773599,10.881209],[-74.773657,10.881215],[-74.773711,10.881223],[-74.773743,10.881237],[-74.773757,10.881243],[-74.773765,10.881246],[-74.773778,10.881249],[-74.773821,10.881262],[-74.773943,10.881297],[-74.773915,10.88133],[-74.773877,10.881372],[-74.773869,10.881381],[-74.77384,10.881413],[-74.773802,10.881455],[-74.773772,10.881501],[-74.773742,10.881545],[-74.773712,10.881591],[-74.773682,10.881635],[-74.773669,10.881655],[-74.773651,10.881682],[-74.773622,10.881726],[-74.773615,10.881738],[-74.773607,10.881749],[-74.773618,10.881757],[-74.77362,10.881758],[-74.773628,10.881764],[-74.773645,10.881777],[-74.773656,10.881785],[-74.77367,10.881788],[-74.773686,10.881792],[-74.773715,10.881799],[-74.773783,10.881816],[-74.774354,10.882002],[-74.774652,10.882154],[-74.774654,10.882343],[-74.774682,10.882367],[-74.774885,10.882398],[-74.774959,10.88241],[-74.775,10.882405],[-74.775122,10.88239],[-74.775245,10.882383],[-74.775406,10.88242],[-74.775421,10.882421],[-74.77559,10.882433],[-74.775877,10.882453],[-74.776454,10.882481],[-74.776778,10.882594],[-74.777093,10.882737],[-74.777109,10.882818],[-74.777195,10.882975],[-74.777241,10.883051],[-74.777311,10.883164],[-74.777345,10.883218],[-74.777454,10.883296],[-74.777463,10.883242],[-74.777498,10.883076],[-74.77755,10.882914],[-74.77765,10.88268],[-74.777728,10.882462],[-74.777769,10.882321],[-74.777887,10.882005],[-74.77801,10.881646],[-74.778162,10.881254],[-74.778314,10.880839],[-74.778368,10.880691],[-74.778467,10.88042],[-74.778498,10.880421],[-74.778683,10.879901],[-74.778694,10.87987],[-74.778771,10.879651],[-74.778793,10.87959],[-74.778801,10.879566],[-74.778772,10.879564],[-74.777166,10.879353],[-74.775881,10.879204],[-74.77575,10.879185],[-74.775418,10.879133],[-74.775427,10.879099],[-74.775579,10.878526],[-74.775583,10.87851],[-74.775645,10.878292],[-74.775796,10.877752],[-74.775833,10.877622],[-74.775871,10.877488],[-74.776656,10.877339],[-74.776647,10.877256],[-74.77698,10.877185],[-74.777453,10.877091],[-74.777684,10.877045],[-74.77821,10.876941],[-74.778339,10.876915],[-74.778434,10.876896],[-74.779448,10.876683],[-74.77955,10.876661],[-74.779565,10.876658],[-74.779549,10.876469],[-74.779478,10.875629],[-74.779428,10.87499],[-74.779481,10.874918],[-74.779508,10.874883],[-74.779605,10.874827],[-74.779612,10.874823],[-74.779592,10.874732],[-74.77959,10.874723],[-74.779609,10.874715],[-74.77963,10.874706],[-74.779764,10.874652],[-74.779829,10.874623],[-74.779869,10.87461],[-74.779908,10.874596],[-74.779988,10.874573],[-74.780038,10.874547],[-74.780041,10.874545],[-74.780097,10.87452],[-74.780124,10.874508],[-74.78015,10.874497],[-74.78022,10.874486],[-74.780256,10.874485],[-74.780292,10.874484],[-74.780358,10.874487],[-74.780395,10.874487],[-74.780432,10.874483],[-74.780528,10.874471],[-74.780607,10.874471],[-74.780681,10.874486],[-74.780754,10.874514],[-74.78082,10.874534],[-74.780861,10.874535],[-74.780914,10.874522],[-74.781005,10.874497],[-74.781095,10.87449],[-74.781299,10.874488],[-74.781333,10.874485],[-74.78137,10.874483],[-74.781422,10.874486],[-74.781431,10.874486],[-74.781433,10.874487],[-74.781441,10.87449],[-74.781452,10.874493],[-74.781454,10.874494],[-74.781469,10.87451],[-74.781484,10.87455],[-74.781495,10.874602],[-74.7815,10.874663],[-74.781496,10.874793],[-74.781493,10.874959],[-74.781494,10.874984],[-74.7815,10.875018],[-74.781506,10.875053],[-74.78155,10.875175],[-74.781589,10.875239],[-74.781629,10.875294],[-74.781641,10.87531],[-74.781669,10.875349],[-74.781689,10.875373],[-74.781718,10.875401],[-74.781726,10.875409],[-74.781759,10.875428],[-74.781784,10.875433],[-74.781817,10.875439],[-74.781876,10.875439],[-74.781947,10.875446],[-74.782017,10.875474],[-74.782047,10.875493],[-74.782091,10.875531],[-74.782114,10.875567],[-74.782281,10.875779],[-74.782328,10.875839],[-74.782915,10.876582],[-74.782978,10.876662],[-74.783079,10.87679],[-74.783158,10.87689],[-74.783541,10.877345],[-74.783836,10.877669],[-74.784037,10.87792],[-74.784139,10.878047],[-74.784214,10.878144],[-74.784294,10.878246],[-74.78444,10.878342],[-74.784474,10.878355],[-74.784576,10.878412],[-74.784636,10.878428],[-74.784725,10.878402],[-74.784775,10.878368],[-74.784857,10.878295],[-74.784963,10.878204],[-74.785063,10.878138],[-74.785179,10.878079],[-74.785235,10.878051],[-74.78526,10.878029],[-74.78527,10.878007],[-74.785274,10.877969],[-74.785269,10.877917],[-74.785269,10.877883],[-74.785242,10.87782],[-74.785206,10.877743],[-74.785198,10.8777],[-74.785213,10.87766],[-74.785232,10.877632],[-74.785258,10.877615],[-74.785291,10.877607],[-74.785319,10.877608],[-74.785362,10.877623],[-74.785381,10.877633],[-74.785389,10.877632],[-74.785463,10.87762],[-74.785551,10.877599],[-74.785592,10.87759],[-74.785633,10.87758],[-74.78564,10.877579],[-74.785883,10.877497],[-74.785891,10.877495],[-74.785934,10.877475],[-74.786017,10.877436],[-74.786057,10.877422],[-74.786267,10.877454],[-74.786706,10.877521],[-74.786839,10.877595],[-74.787008,10.877689],[-74.787074,10.877508],[-74.78717,10.877245],[-74.787264,10.876978],[-74.787267,10.876969],[-74.787292,10.876899],[-74.787317,10.876729],[-74.787321,10.876693],[-74.787347,10.876476],[-74.787376,10.876194],[-74.787416,10.875943],[-74.787419,10.875928],[-74.787427,10.875888],[-74.787533,10.875775],[-74.787669,10.875571],[-74.787698,10.875528],[-74.787739,10.875467],[-74.78778,10.875406],[-74.787965,10.875125],[-74.787966,10.875125],[-74.78877,10.875375],[-74.789037,10.875464],[-74.789042,10.875466],[-74.789396,10.875584],[-74.78946,10.875606],[-74.789745,10.87571],[-74.789766,10.875734],[-74.789518,10.876076],[-74.789407,10.876251],[-74.78939,10.876285],[-74.789387,10.876291],[-74.78938,10.876305],[-74.789376,10.876312],[-74.789375,10.876315],[-74.789373,10.876318],[-74.789358,10.876366],[-74.789273,10.876853],[-74.789213,10.877147],[-74.789251,10.877221],[-74.789306,10.877284],[-74.789492,10.877448],[-74.789942,10.877816],[-74.789961,10.877827],[-74.790219,10.877978],[-74.790237,10.877987],[-74.79026,10.877953],[-74.790279,10.877933],[-74.790299,10.877912],[-74.790336,10.877897],[-74.790371,10.877899],[-74.790406,10.877916],[-74.79045,10.877948],[-74.790458,10.877957],[-74.790571,10.877825],[-74.790591,10.877802],[-74.790684,10.877693],[-74.790776,10.877585],[-74.790954,10.877377],[-74.791028,10.877357],[-74.791136,10.877303],[-74.791252,10.877226],[-74.791297,10.877209],[-74.791299,10.877208],[-74.79134,10.877217],[-74.791401,10.87723],[-74.791448,10.877241],[-74.791462,10.877238],[-74.791636,10.877309],[-74.791629,10.877321],[-74.791626,10.877325],[-74.791612,10.877348],[-74.791602,10.877363],[-74.791523,10.877481],[-74.791244,10.877823],[-74.791049,10.87809],[-74.791035,10.87812],[-74.790916,10.878302],[-74.790922,10.878318],[-74.790971,10.878374],[-74.791023,10.878439],[-74.791031,10.878458],[-74.79104,10.878491],[-74.791043,10.878526],[-74.791036,10.87856],[-74.791026,10.87859],[-74.790967,10.878688],[-74.790964,10.878695],[-74.790972,10.878705],[-74.791001,10.878729],[-74.79103,10.878753],[-74.791028,10.878758],[-74.79104,10.878768],[-74.791037,10.878775],[-74.791059,10.878791],[-74.791112,10.878832],[-74.791212,10.878918],[-74.791437,10.879109],[-74.791577,10.879234],[-74.791669,10.879314],[-74.791788,10.879417],[-74.791732,10.879482],[-74.791677,10.879546],[-74.791676,10.879548],[-74.791607,10.879633],[-74.791584,10.879661],[-74.7915,10.879764],[-74.791424,10.879857],[-74.791384,10.879905],[-74.791338,10.879962],[-74.791301,10.880006],[-74.791285,10.880026],[-74.791269,10.880046],[-74.791272,10.880055],[-74.791285,10.880092],[-74.791301,10.880101],[-74.791797,10.880379],[-74.791965,10.880474],[-74.792021,10.8805],[-74.792048,10.880513],[-74.792104,10.880539],[-74.792125,10.88055],[-74.792138,10.880556],[-74.792141,10.880557],[-74.792143,10.880559],[-74.79215,10.880541],[-74.792299,10.880205],[-74.79236,10.88023],[-74.792596,10.880324],[-74.794364,10.881044],[-74.795345,10.88146],[-74.79555,10.881077],[-74.795628,10.880837],[-74.795646,10.880742],[-74.795651,10.88061],[-74.795657,10.880509],[-74.795639,10.880383],[-74.795657,10.880239],[-74.795692,10.880018],[-74.795758,10.879821],[-74.795873,10.879527],[-74.795883,10.879343],[-74.795973,10.878946],[-74.796064,10.878554],[-74.796559,10.877494],[-74.796625,10.877454],[-74.796743,10.877597],[-74.796892,10.87778],[-74.797224,10.878106],[-74.797429,10.877972],[-74.797548,10.877894],[-74.798421,10.877325],[-74.798842,10.876937],[-74.799358,10.876027],[-74.80044,10.876285],[-74.800418,10.876332],[-74.80038,10.876413],[-74.800297,10.876587],[-74.800263,10.876658],[-74.800149,10.876898],[-74.800138,10.876922],[-74.800131,10.876953],[-74.800118,10.877014],[-74.800111,10.877048],[-74.800099,10.877103],[-74.80008,10.877189],[-74.800002,10.877381],[-74.799975,10.877458],[-74.799951,10.877522],[-74.799927,10.877586],[-74.799915,10.877618],[-74.799866,10.877748],[-74.799853,10.877781],[-74.799794,10.87794],[-74.799782,10.877972],[-74.799779,10.877979],[-74.799968,10.878056],[-74.799955,10.878088],[-74.799932,10.878141],[-74.799906,10.878202],[-74.799821,10.878359],[-74.799809,10.878379],[-74.799688,10.878603],[-74.799615,10.878738],[-74.799594,10.878777],[-74.799582,10.878799],[-74.79957,10.878823],[-74.799389,10.878721],[-74.799362,10.878771],[-74.799355,10.878785],[-74.799254,10.878976],[-74.799233,10.879016],[-74.799384,10.879104],[-74.799396,10.879111],[-74.799425,10.879125],[-74.799204,10.879519],[-74.799199,10.879528],[-74.799195,10.87955],[-74.799085,10.879738],[-74.799071,10.879753],[-74.799064,10.87976],[-74.79919,10.879873],[-74.799319,10.879986],[-74.799489,10.880137],[-74.799647,10.880284],[-74.799769,10.880412],[-74.799814,10.88046],[-74.799975,10.880636],[-74.800003,10.880665],[-74.800163,10.88085],[-74.8002,10.880893],[-74.800315,10.881029],[-74.800437,10.881173],[-74.800469,10.881214],[-74.800632,10.881425],[-74.800684,10.881447],[-74.800734,10.881449],[-74.800747,10.88145],[-74.800759,10.881469],[-74.80078,10.881505],[-74.800797,10.881525],[-74.80092,10.881671],[-74.801174,10.881953],[-74.8013,10.882062],[-74.801355,10.882101],[-74.801406,10.882172],[-74.801482,10.882265],[-74.801516,10.882294],[-74.801587,10.882353],[-74.801592,10.882357],[-74.80162,10.88238],[-74.801646,10.882462],[-74.801655,10.882491],[-74.802092,10.88291],[-74.802185,10.882982],[-74.80227,10.883048],[-74.80229,10.883065],[-74.802828,10.883527],[-74.802868,10.883561],[-74.80304,10.883702],[-74.803057,10.883716],[-74.803207,10.883838],[-74.803213,10.883843],[-74.803514,10.884087],[-74.803553,10.884133],[-74.803577,10.884162],[-74.803611,10.884183],[-74.803683,10.884218],[-74.803843,10.884356],[-74.804076,10.884563],[-74.804469,10.884912],[-74.804821,10.88523],[-74.804835,10.885245],[-74.805168,10.885605],[-74.80528,10.885724],[-74.805389,10.885841],[-74.805468,10.885925],[-74.805554,10.885998],[-74.8056,10.886013],[-74.805633,10.885993],[-74.805636,10.885971],[-74.805638,10.885961],[-74.805706,10.885567],[-74.805714,10.885522],[-74.805723,10.885469],[-74.805735,10.885401],[-74.80574,10.885379],[-74.805792,10.885151],[-74.805855,10.884901],[-74.80589,10.884762],[-74.805953,10.884511],[-74.805976,10.884419],[-74.805986,10.884382],[-74.806116,10.883864],[-74.806365,10.882996],[-74.806457,10.882691],[-74.80646,10.882683],[-74.806463,10.88267],[-74.806486,10.882595],[-74.806488,10.882589],[-74.80649,10.882582],[-74.806504,10.882541],[-74.806507,10.882532],[-74.806696,10.88212],[-74.806759,10.881983],[-74.807259,10.881036],[-74.80752,10.8806],[-74.8079,10.880367],[-74.807927,10.88035],[-74.807943,10.88034],[-74.807975,10.880321],[-74.808032,10.880308],[-74.808074,10.880299],[-74.808235,10.880289],[-74.808324,10.880283],[-74.808591,10.880263],[-74.808681,10.880255],[-74.808705,10.880253],[-74.808723,10.880251],[-74.808793,10.880245],[-74.809003,10.880225],[-74.80924,10.880207],[-74.809286,10.880203],[-74.809367,10.880196],[-74.80963,10.880172],[-74.809632,10.880214],[-74.809634,10.880257],[-74.8106,10.880159],[-74.811126,10.880106],[-74.811199,10.880098],[-74.811356,10.879918],[-74.811721,10.879506],[-74.811734,10.879491],[-74.811736,10.879489],[-74.811593,10.879489],[-74.812099,10.878838],[-74.813911,10.876621],[-74.816646,10.876906],[-74.818765,10.877121],[-74.819634,10.87721],[-74.819919,10.877239],[-74.82088,10.877593],[-74.820943,10.877616],[-74.822833,10.878297],[-74.824776,10.879],[-74.824868,10.879015],[-74.824859,10.87904],[-74.824836,10.879109],[-74.824609,10.879458],[-74.82468,10.879457],[-74.824542,10.879648],[-74.824367,10.87987],[-74.824131,10.880121],[-74.824017,10.880265],[-74.823908,10.880403],[-74.823661,10.880744],[-74.823595,10.880864],[-74.823481,10.881061],[-74.82345,10.881115],[-74.823402,10.881223],[-74.823324,10.881373],[-74.823246,10.881469],[-74.823213,10.881527],[-74.823209,10.881535],[-74.823059,10.88172],[-74.822962,10.88187],[-74.822908,10.882044],[-74.822903,10.882052],[-74.8228,10.882211],[-74.822667,10.882457],[-74.822612,10.882568],[-74.822499,10.882796],[-74.822475,10.882846],[-74.822169,10.883452],[-74.821818,10.884145],[-74.821738,10.884309],[-74.821397,10.885001],[-74.821084,10.88563],[-74.820892,10.886013],[-74.820777,10.886258],[-74.820681,10.886575],[-74.820633,10.886779],[-74.820622,10.886904],[-74.820634,10.886964],[-74.820731,10.887],[-74.820574,10.887156],[-74.820507,10.887269],[-74.820411,10.887467],[-74.820255,10.887778],[-74.820086,10.888234],[-74.820002,10.888461],[-74.819918,10.88867],[-74.819822,10.888809],[-74.819768,10.888838],[-74.819725,10.888887],[-74.819702,10.888912],[-74.819631,10.888994],[-74.81957,10.889063],[-74.819422,10.889206],[-74.819347,10.889278],[-74.819219,10.889402],[-74.819082,10.88957],[-74.818943,10.889735],[-74.81882,10.88986],[-74.818815,10.889865],[-74.818725,10.889946],[-74.818611,10.890048],[-74.818412,10.890215],[-74.818326,10.890291],[-74.818225,10.890384],[-74.818357,10.890482],[-74.818463,10.890581],[-74.818369,10.890668],[-74.818385,10.890683],[-74.818408,10.890705],[-74.818421,10.890717],[-74.81846,10.890754],[-74.818573,10.89086],[-74.818907,10.890951],[-74.819726,10.89115],[-74.8198,10.891168],[-74.819993,10.891217],[-74.820242,10.891249],[-74.82038,10.891262],[-74.820966,10.891315],[-74.821169,10.891328],[-74.82129,10.891318],[-74.821533,10.891287],[-74.821775,10.891256],[-74.821837,10.891248],[-74.821845,10.891247],[-74.82192,10.891245],[-74.821996,10.891264],[-74.822003,10.891266],[-74.822069,10.891295],[-74.822155,10.891359],[-74.822557,10.891727],[-74.822562,10.891731],[-74.822565,10.891733],[-74.822569,10.891737],[-74.82257,10.891738],[-74.822613,10.89169],[-74.822616,10.891686],[-74.822792,10.891484],[-74.823197,10.891069],[-74.823224,10.89105],[-74.823234,10.891046],[-74.823255,10.891037],[-74.82328,10.89103],[-74.823479,10.890982],[-74.823911,10.89089],[-74.824352,10.89068],[-74.824817,10.890504],[-74.825203,10.890359],[-74.825545,10.890244],[-74.825614,10.890221],[-74.825905,10.890118],[-74.826164,10.88998],[-74.826382,10.889878],[-74.826587,10.88977],[-74.826847,10.88962],[-74.827095,10.889446],[-74.827173,10.889362],[-74.827227,10.889272],[-74.827348,10.889116],[-74.827493,10.888912],[-74.827625,10.888799],[-74.827988,10.888588],[-74.828574,10.88833],[-74.829499,10.887927],[-74.83006,10.887644],[-74.83013,10.887615],[-74.830786,10.887332],[-74.8311,10.887193],[-74.831336,10.887103],[-74.831577,10.886953],[-74.831698,10.886893],[-74.831843,10.886851],[-74.831892,10.886845],[-74.832067,10.886826],[-74.832082,10.886824],[-74.832164,10.886812],[-74.832484,10.886766],[-74.833282,10.886632],[-74.834044,10.886367],[-74.834878,10.886102],[-74.836045,10.88574],[-74.836275,10.885698],[-74.836625,10.885655],[-74.837055,10.8856],[-74.837472,10.885533],[-74.838186,10.885466],[-74.83882,10.885428],[-74.838809,10.885458],[-74.838846,10.88546],[-74.839114,10.885473],[-74.839115,10.885511],[-74.839117,10.885568],[-74.839118,10.885596],[-74.839116,10.885672],[-74.839111,10.885832],[-74.83906,10.886382],[-74.839017,10.886671],[-74.838966,10.887009],[-74.838782,10.887703],[-74.838752,10.887821],[-74.838705,10.888004],[-74.838678,10.888107],[-74.838517,10.888595],[-74.838415,10.888775],[-74.838362,10.888868],[-74.838095,10.889299],[-74.837967,10.889531],[-74.837935,10.889606],[-74.837869,10.889765],[-74.837707,10.890158],[-74.837673,10.890274],[-74.837625,10.890435],[-74.83758,10.890704],[-74.837573,10.890984],[-74.837573,10.891016],[-74.837574,10.891145],[-74.837537,10.891508],[-74.837531,10.891542],[-74.837509,10.891673],[-74.837507,10.891687],[-74.837349,10.892294],[-74.837124,10.892926],[-74.836928,10.893373],[-74.836819,10.893702],[-74.836748,10.89393],[-74.836684,10.894215],[-74.836675,10.894349],[-74.836673,10.894373],[-74.83666,10.894436],[-74.836591,10.894758],[-74.836554,10.895038],[-74.836453,10.895683],[-74.836416,10.89609],[-74.836376,10.896667],[-74.836368,10.896956],[-74.836366,10.89701],[-74.836365,10.897071],[-74.83636,10.897217],[-74.836359,10.897265],[-74.836379,10.897495],[-74.83639,10.89762],[-74.836486,10.898014],[-74.836518,10.898213],[-74.83652,10.898227],[-74.836514,10.898646],[-74.836511,10.898679],[-74.836462,10.899197],[-74.836459,10.899229],[-74.836343,10.89984],[-74.836307,10.899977],[-74.836182,10.900461],[-74.83612,10.900674],[-74.836076,10.900822],[-74.836055,10.900843],[-74.836029,10.900869],[-74.835914,10.900982],[-74.835651,10.901136],[-74.835443,10.901259],[-74.835164,10.901433],[-74.834999,10.901506],[-74.834741,10.901773],[-74.834672,10.901874],[-74.834511,10.90211],[-74.834492,10.902138],[-74.834419,10.902332],[-74.834379,10.902441],[-74.834346,10.90251],[-74.834191,10.902848],[-74.83405,10.903175],[-74.833826,10.903647],[-74.83357,10.903975],[-74.833505,10.904077],[-74.833473,10.904128],[-74.833427,10.904268],[-74.833416,10.904301],[-74.83332,10.904418],[-74.833312,10.904428],[-74.832824,10.904759],[-74.832424,10.905006],[-74.832129,10.90522],[-74.832129,10.905177],[-74.831937,10.905313],[-74.831488,10.905635],[-74.830772,10.906145],[-74.830601,10.906329],[-74.830494,10.906525],[-74.830329,10.906966],[-74.830239,10.907135],[-74.829947,10.907369],[-74.829921,10.907387],[-74.829758,10.907501],[-74.829756,10.907502],[-74.829572,10.907597],[-74.829146,10.907758],[-74.828743,10.907901],[-74.828438,10.908061],[-74.828257,10.908275],[-74.828131,10.90847],[-74.828102,10.908569],[-74.828042,10.909075],[-74.828057,10.909756],[-74.828113,10.910005],[-74.828202,10.910252],[-74.828395,10.910782],[-74.828423,10.911033],[-74.828396,10.911201],[-74.828346,10.911291],[-74.828273,10.911422],[-74.828261,10.91144],[-74.828162,10.911589],[-74.828121,10.91163],[-74.827886,10.911775],[-74.827748,10.91188],[-74.827657,10.911973],[-74.827574,10.912099],[-74.827433,10.912425],[-74.827281,10.912858],[-74.827191,10.913167],[-74.827163,10.913256],[-74.827119,10.913395],[-74.827048,10.913526],[-74.826936,10.913643],[-74.826889,10.913689],[-74.826838,10.913737],[-74.826732,10.91384],[-74.826675,10.913916],[-74.826812,10.913954],[-74.826853,10.913987],[-74.827619,10.914483],[-74.827639,10.914494],[-74.827824,10.914599],[-74.827838,10.914604],[-74.827988,10.914652],[-74.828255,10.914746],[-74.828288,10.914757],[-74.828463,10.914801],[-74.828574,10.914815],[-74.828976,10.914834],[-74.829218,10.914858],[-74.829219,10.914853],[-74.829255,10.914861],[-74.829411,10.914894],[-74.829754,10.915089],[-74.830136,10.915243],[-74.830516,10.915397],[-74.830699,10.915471],[-74.830702,10.915472],[-74.830704,10.915473],[-74.830842,10.915529],[-74.830898,10.915552],[-74.831098,10.915633],[-74.83114,10.915628],[-74.831321,10.915609],[-74.831607,10.915578],[-74.831639,10.915574],[-74.831811,10.915623],[-74.83191,10.915707],[-74.832022,10.915708],[-74.832156,10.915713],[-74.832156,10.915693],[-74.832211,10.915733],[-74.832399,10.915869],[-74.832879,10.916305],[-74.833178,10.916595],[-74.833473,10.916924],[-74.833596,10.917101],[-74.833639,10.917146],[-74.833675,10.917183],[-74.833678,10.917184],[-74.833778,10.9172],[-74.83379,10.917222],[-74.833791,10.917224],[-74.83372,10.91755],[-74.833639,10.917918],[-74.833638,10.917924],[-74.833851,10.918044],[-74.834001,10.918128],[-74.834008,10.918132],[-74.834421,10.918364],[-74.834551,10.918389],[-74.834719,10.918421],[-74.83478,10.918408],[-74.834775,10.918404],[-74.834977,10.918497],[-74.83514,10.91857],[-74.835408,10.918767],[-74.835968,10.919188],[-74.836622,10.919659],[-74.837291,10.920142],[-74.837524,10.92031],[-74.837599,10.920365],[-74.838125,10.920752],[-74.838563,10.921063],[-74.838717,10.921166],[-74.838833,10.921219],[-74.839037,10.921285],[-74.839294,10.921377],[-74.839318,10.921386],[-74.839572,10.921513],[-74.839579,10.921517],[-74.839887,10.921677],[-74.840013,10.921713],[-74.840016,10.921714],[-74.840175,10.921737],[-74.840345,10.921758],[-74.840157,10.922166],[-74.839641,10.923284],[-74.839473,10.923633],[-74.839281,10.924034],[-74.839177,10.92425],[-74.838985,10.924618],[-74.838984,10.92462],[-74.839027,10.92462],[-74.838726,10.925452],[-74.838525,10.926007],[-74.838978,10.926279],[-74.839379,10.926511],[-74.839554,10.926645],[-74.839653,10.926701],[-74.8398,10.926733],[-74.840298,10.926832],[-74.840511,10.92696],[-74.840754,10.927084],[-74.841078,10.927164],[-74.841501,10.927202],[-74.841711,10.927307],[-74.841777,10.927355],[-74.842115,10.927602],[-74.842472,10.92774],[-74.842662,10.927988],[-74.842834,10.928097],[-74.843014,10.928173],[-74.8437,10.928835],[-74.844339,10.92957],[-74.844913,10.930326],[-74.844993,10.930438],[-74.845424,10.930894],[-74.845705,10.931201],[-74.846241,10.931847],[-74.846295,10.931918],[-74.846483,10.932167],[-74.847544,10.933595],[-74.848217,10.934396],[-74.848232,10.934413],[-74.848235,10.934411],[-74.848248,10.934408],[-74.848274,10.934401],[-74.848283,10.934409],[-74.848403,10.934504],[-74.848444,10.934557],[-74.84862,10.934787],[-74.848624,10.934792],[-74.848634,10.934813],[-74.848669,10.934881],[-74.848696,10.934913],[-74.848718,10.934939],[-74.848751,10.934957],[-74.848819,10.935046],[-74.848873,10.935117],[-74.848874,10.935118],[-74.848928,10.935233],[-74.848939,10.935252],[-74.848967,10.9353],[-74.848989,10.935353],[-74.848952,10.935383],[-74.848811,10.935493],[-74.848805,10.935497],[-74.848952,10.935701],[-74.849017,10.935792],[-74.849018,10.935793],[-74.849076,10.93593],[-74.84908,10.935938],[-74.849182,10.936179],[-74.849319,10.936454],[-74.849334,10.936485],[-74.84934,10.936497],[-74.849387,10.936592],[-74.849449,10.936749],[-74.849622,10.937193],[-74.849654,10.937273],[-74.849687,10.937368],[-74.84977,10.937607],[-74.849783,10.937645],[-74.849796,10.93768],[-74.849817,10.937729],[-74.849923,10.937967],[-74.849931,10.937984],[-74.850013,10.938168],[-74.850036,10.938218],[-74.850073,10.938322],[-74.850106,10.938413],[-74.850112,10.93843],[-74.850135,10.938494],[-74.850167,10.938583],[-74.850182,10.938626],[-74.850184,10.93863],[-74.850203,10.938682],[-74.850215,10.938723],[-74.850228,10.938767],[-74.850247,10.938831],[-74.850334,10.938823],[-74.85053,10.938806],[-74.850706,10.938791],[-74.850941,10.938781],[-74.851006,10.938778],[-74.8511,10.938774],[-74.851128,10.938772],[-74.8512,10.938765],[-74.851228,10.938762],[-74.851435,10.938742],[-74.851548,10.938731],[-74.851643,10.938726],[-74.851929,10.93871],[-74.851956,10.938709],[-74.852087,10.938696],[-74.852342,10.938672],[-74.852468,10.938656],[-74.852524,10.938649],[-74.852783,10.938601],[-74.852813,10.938594],[-74.852906,10.938574],[-74.852948,10.938565],[-74.85311,10.938529],[-74.853221,10.938497],[-74.853452,10.938429],[-74.85354,10.938403],[-74.853866,10.938331],[-74.853924,10.938319],[-74.854028,10.938295],[-74.85446,10.938199],[-74.854548,10.938179],[-74.854615,10.938164],[-74.85482,10.938113],[-74.85497,10.938076],[-74.855013,10.938065],[-74.855149,10.938029],[-74.85515,10.938029],[-74.855231,10.938007],[-74.855241,10.938005],[-74.855243,10.938004],[-74.855573,10.937874],[-74.855687,10.937829],[-74.855839,10.937769],[-74.856127,10.93767],[-74.856176,10.937652],[-74.856409,10.937561],[-74.856546,10.937516],[-74.856581,10.937504],[-74.856708,10.937462],[-74.856968,10.937367],[-74.856983,10.937362],[-74.857052,10.937334],[-74.857189,10.937279],[-74.857243,10.937253],[-74.857532,10.937118],[-74.857668,10.937036],[-74.857791,10.936961],[-74.858094,10.936744],[-74.858244,10.936608],[-74.858265,10.936629],[-74.858268,10.936632],[-74.858325,10.936686],[-74.858334,10.936694],[-74.858408,10.936745],[-74.858435,10.936763],[-74.858461,10.936776],[-74.858476,10.936784],[-74.858507,10.9368],[-74.858559,10.93681],[-74.85859,10.936816],[-74.858655,10.93683],[-74.85888,10.936887],[-74.859139,10.936965],[-74.85924,10.936995],[-74.859375,10.937036],[-74.859444,10.937057],[-74.859651,10.937122],[-74.859701,10.937138],[-74.859759,10.937156],[-74.859925,10.937209],[-74.859993,10.937228],[-74.860332,10.937323],[-74.860668,10.937418],[-74.860715,10.937432],[-74.861019,10.937494],[-74.86112,10.937515],[-74.864128,10.938135],[-74.86469,10.93825],[-74.865149,10.938345],[-74.869164,10.939172],[-74.869496,10.939241],[-74.86983,10.939446],[-74.870441,10.939851],[-74.871314,10.94036],[-74.872133,10.940884],[-74.873195,10.94146],[-74.873345,10.941565],[-74.873347,10.941567],[-74.87353,10.941718],[-74.873951,10.941937],[-74.874276,10.942132],[-74.874533,10.942283],[-74.874625,10.942337],[-74.874945,10.942498],[-74.875037,10.942565],[-74.875319,10.942799],[-74.87549,10.942912],[-74.875687,10.943042],[-74.876455,10.943579],[-74.876457,10.94358],[-74.876716,10.943761],[-74.877244,10.944127],[-74.877904,10.944486],[-74.87766,10.944686],[-74.877903,10.944844],[-74.877662,10.945139],[-74.877634,10.945174],[-74.877751,10.945178],[-74.878397,10.945197],[-74.878464,10.945193],[-74.879406,10.945137],[-74.879452,10.94504],[-74.879526,10.945048],[-74.880752,10.945185],[-74.881575,10.94522],[-74.881562,10.945279],[-74.882679,10.945371],[-74.882905,10.945384],[-74.88373,10.945434],[-74.88373,10.94543],[-74.883733,10.945376],[-74.883889,10.945389],[-74.884413,10.945433],[-74.885889,10.945433],[-74.886095,10.945502],[-74.887753,10.945558],[-74.889611,10.945627],[-74.89073,10.945666],[-74.891633,10.945696],[-74.892077,10.945711],[-74.892179,10.945701],[-74.892311,10.945625],[-74.892277,10.945789],[-74.892262,10.945909],[-74.892312,10.94591],[-74.892519,10.945932],[-74.892563,10.945937],[-74.892579,10.945938],[-74.892809,10.945954],[-74.892794,10.946206],[-74.892839,10.946214],[-74.892853,10.94634],[-74.892836,10.946743],[-74.892904,10.946733],[-74.893026,10.946715],[-74.893046,10.946711],[-74.893059,10.947126],[-74.89304,10.947135],[-74.892862,10.947201],[-74.89291,10.947368],[-74.892923,10.947471],[-74.89293,10.947669],[-74.892852,10.947678],[-74.892739,10.947699],[-74.892667,10.947712],[-74.892621,10.947886],[-74.892405,10.948613],[-74.892386,10.94877],[-74.892415,10.948897],[-74.892402,10.949097],[-74.892548,10.949117],[-74.892557,10.949607],[-74.892558,10.949635],[-74.892559,10.949654],[-74.892575,10.95001],[-74.892604,10.950306],[-74.892618,10.950455],[-74.893065,10.950462],[-74.893986,10.950504],[-74.894143,10.950511],[-74.894944,10.950262],[-74.895942,10.950103],[-74.896288,10.950267],[-74.896297,10.950271],[-74.896547,10.950297],[-74.89702,10.950243],[-74.897532,10.950073],[-74.898084,10.94989],[-74.898951,10.949758],[-74.899355,10.949748],[-74.900173,10.949728],[-74.900545,10.949849],[-74.900651,10.949862],[-74.900822,10.949882],[-74.900912,10.949893],[-74.901465,10.949958],[-74.90206,10.950028],[-74.902095,10.950032],[-74.902237,10.950049],[-74.902278,10.950049],[-74.902497,10.950069],[-74.902611,10.950079],[-74.902657,10.950083],[-74.902664,10.950047],[-74.902667,10.94987],[-74.902345,10.949217],[-74.902394,10.949162],[-74.902742,10.949041],[-74.90312,10.949716],[-74.903195,10.949928],[-74.903226,10.950044],[-74.903602,10.950042],[-74.903606,10.950042],[-74.903996,10.95004],[-74.9043,10.950038],[-74.904464,10.950037],[-74.904616,10.950036],[-74.904664,10.950036],[-74.905255,10.950033],[-74.905394,10.950053],[-74.905478,10.950068],[-74.905515,10.950075],[-74.905686,10.950106],[-74.905716,10.950111],[-74.906245,10.950207],[-74.906768,10.950289],[-74.907484,10.950421],[-74.907715,10.950464],[-74.907831,10.95051],[-74.907853,10.9505],[-74.908062,10.950398],[-74.90822,10.950322],[-74.908542,10.950167],[-74.908687,10.950097],[-74.908718,10.950082],[-74.9089,10.949994],[-74.909016,10.949938],[-74.909432,10.949738],[-74.909678,10.949619],[-74.909798,10.949562],[-74.910099,10.949417],[-74.910182,10.949375],[-74.910445,10.949242],[-74.913617,10.947713],[-74.913616,10.947711],[-74.913956,10.94755],[-74.914927,10.947088],[-74.915822,10.946641],[-74.916607,10.94626],[-74.917435,10.94586],[-74.918039,10.94557],[-74.918325,10.945413],[-74.9184,10.945287],[-74.918457,10.94534],[-74.919941,10.946966],[-74.920024,10.947271],[-74.92,10.947493],[-74.919917,10.947704],[-74.919882,10.947874],[-74.919864,10.948062],[-74.919888,10.94822],[-74.919941,10.948413],[-74.920042,10.948612],[-74.920196,10.948999],[-74.920321,10.949473],[-74.920392,10.949708],[-74.92041,10.949836],[-74.920428,10.949907],[-74.920535,10.949995],[-74.920861,10.950241],[-74.921009,10.95041],[-74.92111,10.950545],[-74.921169,10.950733],[-74.921228,10.950844],[-74.921335,10.950932],[-74.921561,10.951078],[-74.921768,10.951166],[-74.921958,10.951189],[-74.922106,10.951218],[-74.922278,10.951289],[-74.922456,10.951505],[-74.922604,10.951623],[-74.922764,10.951675],[-74.923013,10.951734],[-74.923209,10.951816],[-74.923434,10.95195],[-74.923606,10.952097],[-74.923814,10.952319],[-74.923932,10.95246],[-74.924116,10.952659],[-74.924181,10.952747],[-74.924916,10.950837],[-74.925438,10.950901],[-74.925817,10.951018],[-74.92622,10.951159],[-74.926451,10.951194],[-74.92673,10.951188],[-74.927092,10.951141],[-74.927424,10.951082],[-74.92785,10.951053],[-74.928337,10.95107],[-74.928799,10.951164],[-74.929155,10.951275],[-74.92954,10.951433],[-74.929854,10.95162],[-74.930068,10.951884],[-74.930269,10.952042],[-74.930483,10.952183],[-74.930667,10.952212],[-74.930815,10.9523],[-74.930939,10.952417],[-74.931129,10.952493],[-74.930768,10.952882],[-74.930554,10.953027],[-74.930476,10.953079],[-74.930359,10.953158],[-74.930164,10.953345],[-74.929945,10.953691],[-74.929796,10.95396],[-74.929747,10.954031],[-74.92929,10.954687],[-74.929157,10.955031],[-74.928966,10.955523],[-74.928745,10.956249],[-74.928477,10.957343],[-74.928471,10.957392],[-74.928317,10.958792],[-74.928418,10.959863],[-74.928829,10.960816],[-74.929098,10.9613],[-74.929359,10.9618],[-74.929412,10.961977],[-74.929438,10.962066],[-74.929399,10.962425],[-74.929275,10.962664],[-74.92926,10.962693],[-74.929225,10.962761],[-74.928869,10.96312],[-74.928039,10.963941],[-74.927701,10.964271],[-74.928119,10.964601],[-74.928393,10.964809],[-74.928562,10.965028],[-74.928689,10.965392],[-74.928773,10.96584],[-74.928752,10.966246],[-74.928489,10.966892],[-74.928141,10.967444],[-74.927979,10.967375],[-74.927365,10.967113],[-74.92718,10.967035],[-74.927177,10.967033],[-74.926676,10.96682],[-74.926149,10.966632],[-74.925801,10.966653],[-74.925327,10.966674],[-74.924895,10.966622],[-74.924557,10.966664],[-74.924199,10.966768],[-74.923917,10.967038],[-74.923883,10.96707],[-74.923472,10.967529],[-74.923093,10.967852],[-74.92264,10.968091],[-74.922239,10.968237],[-74.922056,10.968377],[-74.921784,10.96868],[-74.921447,10.969183],[-74.921435,10.969201],[-74.921232,10.969744],[-74.921107,10.97002],[-74.920956,10.970354],[-74.920513,10.970979],[-74.920094,10.971533],[-74.919491,10.972218],[-74.919586,10.972236],[-74.920812,10.972544],[-74.921479,10.972786],[-74.921786,10.972937],[-74.922049,10.973173],[-74.922325,10.973591],[-74.922621,10.973926],[-74.922662,10.973972],[-74.923011,10.974177],[-74.923366,10.974329],[-74.923685,10.974401],[-74.924162,10.974462],[-74.924282,10.974469],[-74.924469,10.97448],[-74.924659,10.974468],[-74.924781,10.974461],[-74.924895,10.974459],[-74.925063,10.974455],[-74.92522,10.974499],[-74.925235,10.974503],[-74.925244,10.974506],[-74.925302,10.974522],[-74.925408,10.974626],[-74.925456,10.974673],[-74.925459,10.974677],[-74.92557,10.974809],[-74.925731,10.974873],[-74.926227,10.974922],[-74.92739,10.97496],[-74.927673,10.974969],[-74.927715,10.97497],[-74.928095,10.974964],[-74.928456,10.97491],[-74.928753,10.974786],[-74.928922,10.974716],[-74.929215,10.97457],[-74.929411,10.974546],[-74.929601,10.974595],[-74.930148,10.974804],[-74.931114,10.975322],[-74.931244,10.975422],[-74.931355,10.975507],[-74.931387,10.975531],[-74.931545,10.975737],[-74.931618,10.97589],[-74.931643,10.976165],[-74.931635,10.976407],[-74.931521,10.976778],[-74.931334,10.977099],[-74.931268,10.977214],[-74.932248,10.977749],[-74.932346,10.977802],[-74.932868,10.977185],[-74.933134,10.976871],[-74.933955,10.97649],[-74.935094,10.975753],[-74.935915,10.975157],[-74.936936,10.974585],[-74.937455,10.974329],[-74.937799,10.974312],[-74.938142,10.974428],[-74.938511,10.974618],[-74.9389,10.974773],[-74.93938,10.974857],[-74.939762,10.974824],[-74.940162,10.974717],[-74.940169,10.974715],[-74.940591,10.974563],[-74.940888,10.974354],[-74.940956,10.974289],[-74.941241,10.974018],[-74.941496,10.97379],[-74.941745,10.973748],[-74.941896,10.973758],[-74.942019,10.973838],[-74.942052,10.97386],[-74.942084,10.973892],[-74.942231,10.974037],[-74.942324,10.974118],[-74.942688,10.974437],[-74.943415,10.974815],[-74.943964,10.974991],[-74.945179,10.97526],[-74.945453,10.975337],[-74.945455,10.97533],[-74.946948,10.975809],[-74.946894,10.975618],[-74.946887,10.975579],[-74.946885,10.975569],[-74.946805,10.975125],[-74.946715,10.974613],[-74.946707,10.974422],[-74.946691,10.974059],[-74.946677,10.973822],[-74.946667,10.973652],[-74.946665,10.973614],[-74.946639,10.973169],[-74.946614,10.972798],[-74.946639,10.972583],[-74.946641,10.972564],[-74.946644,10.972552],[-74.946667,10.972425],[-74.947148,10.971472],[-74.947271,10.971364],[-74.947578,10.971123],[-74.947579,10.971123],[-74.947996,10.971019],[-74.948009,10.971016],[-74.94825,10.970955],[-74.948442,10.970967],[-74.94864,10.970967],[-74.948676,10.970968],[-74.948791,10.970973],[-74.9488,10.970973],[-74.948991,10.970967],[-74.949131,10.970925],[-74.949164,10.970916],[-74.949323,10.970884],[-74.949515,10.970947],[-74.949713,10.970985],[-74.949811,10.970982],[-74.949898,10.970979],[-74.950096,10.970922],[-74.950259,10.97093],[-74.950441,10.971058],[-74.950782,10.971298],[-74.951392,10.971862],[-74.951681,10.972235],[-74.951945,10.972595],[-74.952121,10.972818],[-74.952198,10.972872],[-74.95236,10.972986],[-74.952718,10.973134],[-74.95286,10.973241],[-74.953007,10.973352],[-74.953578,10.973731],[-74.954086,10.973948],[-74.954473,10.974113],[-74.954509,10.974128],[-74.95465,10.974204],[-74.955193,10.974493],[-74.955692,10.97476],[-74.955709,10.974773],[-74.95587,10.974899],[-74.955988,10.97499],[-74.956189,10.975194],[-74.956316,10.975324],[-74.956364,10.975372],[-74.956127,10.975964],[-74.95574,10.976635],[-74.95567,10.976807],[-74.95561,10.976956],[-74.955589,10.977008],[-74.955534,10.977292],[-74.95553,10.97756],[-74.955577,10.97786],[-74.955619,10.977991],[-74.955699,10.978084],[-74.955817,10.978177],[-74.955846,10.978218],[-74.955902,10.978298],[-74.955935,10.978377],[-74.956001,10.9784],[-74.956068,10.978394],[-74.956156,10.978386],[-74.956387,10.978409],[-74.956496,10.978484],[-74.956585,10.9786],[-74.956637,10.978763],[-74.956937,10.979146],[-74.957239,10.979532],[-74.957808,10.980258],[-74.957834,10.980291],[-74.957842,10.980302],[-74.958201,10.98076],[-74.958652,10.980735],[-74.959065,10.980713],[-74.959159,10.980707],[-74.960282,10.980646],[-74.960606,10.980628],[-74.961484,10.98058],[-74.961947,10.980714],[-74.962209,10.98079],[-74.962652,10.980571],[-74.963973,10.98023],[-74.965116,10.979935],[-74.965261,10.980252],[-74.965277,10.980266],[-74.965272,10.980246],[-74.965444,10.980147],[-74.965984,10.979947],[-74.966016,10.979956],[-74.966135,10.979987],[-74.966348,10.980005],[-74.96652,10.979998],[-74.966744,10.979947],[-74.966946,10.979883],[-74.967022,10.979858],[-74.967086,10.979838],[-74.967527,10.979678],[-74.967913,10.979576],[-74.968317,10.979518],[-74.96878,10.979503],[-74.969224,10.979525],[-74.969529,10.979561],[-74.969772,10.97955],[-74.969956,10.979503],[-74.970165,10.979408],[-74.970451,10.979266],[-74.970661,10.979179],[-74.970892,10.979146],[-74.971036,10.979168],[-74.971241,10.979226],[-74.971399,10.979266],[-74.971565,10.97927],[-74.9718,10.979222],[-74.972311,10.979062],[-74.972557,10.979019],[-74.973104,10.978928],[-74.973358,10.978848],[-74.97356,10.978742],[-74.973699,10.978666],[-74.973934,10.978601],[-74.974247,10.97852],[-74.974507,10.978422],[-74.974687,10.978313],[-74.974795,10.978192],[-74.975143,10.977771],[-74.975534,10.977369],[-74.975877,10.977074],[-74.976181,10.976883],[-74.977799,10.976116],[-74.977808,10.975968],[-74.977869,10.975704],[-74.977945,10.97556],[-74.978074,10.975436],[-74.978142,10.975478],[-74.978142,10.975656],[-74.978143,10.975716],[-74.978123,10.975905],[-74.978062,10.97608],[-74.978033,10.976137],[-74.978036,10.976419],[-74.978111,10.976622],[-74.978398,10.976975],[-74.978652,10.977402],[-74.978726,10.977438],[-74.978736,10.977442],[-74.979142,10.977638],[-74.979466,10.978115],[-74.979606,10.978729],[-74.979907,10.979115],[-74.980367,10.979204],[-74.980604,10.979259],[-74.980759,10.979294],[-74.981111,10.97964],[-74.98129,10.979816],[-74.982151,10.979742],[-74.985077,10.979338],[-74.990027,10.978957],[-74.994786,10.978648],[-75.00002,10.978767],[-75.004708,10.9786],[-75.008801,10.977386],[-75.012225,10.975505],[-75.012414,10.975317],[-75.014935,10.973027],[-75.018781,10.97053],[-75.02206,10.968401],[-75.025925,10.965997],[-75.03009,10.962756],[-75.03268,10.95904],[-75.032789,10.958892],[-75.033519,10.957893],[-75.034608,10.956404],[-75.035122,10.955664],[-75.035277,10.955442],[-75.035757,10.954753],[-75.036776,10.953288],[-75.037985,10.952259],[-75.038492,10.951899],[-75.03906,10.951778],[-75.039312,10.951725],[-75.042347,10.950747],[-75.04403,10.950423],[-75.045408,10.950036],[-75.046447,10.94965],[-75.047075,10.949265],[-75.047437,10.948881],[-75.047992,10.948473],[-75.048361,10.948229],[-75.048643,10.948041],[-75.048789,10.947944],[-75.04903,10.947562],[-75.04906,10.947514],[-75.049075,10.947502],[-75.049463,10.947209],[-75.050214,10.946768],[-75.050744,10.946264],[-75.051009,10.945904],[-75.051298,10.945497],[-75.052094,10.944657],[-75.052792,10.943986],[-75.052818,10.943961],[-75.053534,10.942934],[-75.053637,10.942787],[-75.053955,10.942332],[-75.055612,10.939958],[-75.055822,10.939634],[-75.056155,10.939121],[-75.057009,10.937801],[-75.05778,10.936747],[-75.057973,10.936411],[-75.057988,10.936312],[-75.058185,10.935016],[-75.058376,10.934445],[-75.058695,10.933447],[-75.058624,10.933173],[-75.058708,10.93297],[-75.058816,10.932742],[-75.058827,10.932491],[-75.058802,10.932264],[-75.058729,10.932013],[-75.058656,10.931905],[-75.058541,10.931567],[-75.058485,10.931404],[-75.058363,10.931249],[-75.058134,10.931249],[-75.057904,10.931238],[-75.057771,10.93131],[-75.057638,10.93143],[-75.05735,10.932029],[-75.057097,10.93252],[-75.056916,10.9327],[-75.056704,10.932852],[-75.056349,10.933075],[-75.05624,10.933111],[-75.056073,10.933105],[-75.055935,10.933112],[-75.055841,10.93312],[-75.055739,10.933149],[-75.055623,10.933092],[-75.055434,10.933071],[-75.055311,10.933157],[-75.05518,10.933258],[-75.055101,10.933373],[-75.055051,10.933661],[-75.055032,10.933838],[-75.05503,10.933861],[-75.054972,10.933984],[-75.054893,10.93417],[-75.054865,10.934486],[-75.054822,10.934809],[-75.054795,10.935175],[-75.054737,10.935462],[-75.054665,10.935527],[-75.054629,10.935628],[-75.054478,10.936195],[-75.054435,10.936389],[-75.054349,10.936447],[-75.054189,10.936605],[-75.054088,10.936684],[-75.053936,10.936742],[-75.053798,10.936771],[-75.053682,10.936807],[-75.052977,10.936795],[-75.052571,10.936732],[-75.052324,10.93664],[-75.052134,10.936525],[-75.051975,10.936526],[-75.051633,10.936549],[-75.051096,10.936615],[-75.050908,10.936694],[-75.050698,10.936795],[-75.050642,10.936827],[-75.050517,10.936897],[-75.050347,10.937017],[-75.050269,10.936982],[-75.050211,10.936871],[-75.050127,10.936824],[-75.050024,10.936788],[-75.049933,10.936794],[-75.049812,10.936771],[-75.049715,10.936789],[-75.049655,10.936855],[-75.049595,10.936975],[-75.049565,10.93719],[-75.049567,10.937621],[-75.04961,10.937943],[-75.049659,10.938218],[-75.049581,10.938458],[-75.049509,10.938661],[-75.049377,10.938805],[-75.049262,10.938931],[-75.049111,10.939021],[-75.048954,10.939129],[-75.048852,10.939177],[-75.048755,10.939196],[-75.048489,10.939167],[-75.048386,10.939107],[-75.048349,10.939006],[-75.048282,10.938898],[-75.048149,10.938833],[-75.048076,10.938845],[-75.047967,10.938893],[-75.047883,10.939019],[-75.047865,10.939163],[-75.047812,10.939257],[-75.047769,10.939344],[-75.047692,10.939449],[-75.04761,10.939488],[-75.047513,10.939478],[-75.047363,10.939493],[-75.047223,10.939565],[-75.04717,10.939623],[-75.047073,10.9397],[-75.046962,10.939719],[-75.046885,10.939739],[-75.046807,10.939815],[-75.046716,10.939844],[-75.046614,10.939849],[-75.046522,10.939907],[-75.04645,10.939955],[-75.046387,10.939951],[-75.046285,10.939994],[-75.046256,10.940032],[-75.046262,10.940142],[-75.046257,10.940243],[-75.046243,10.940348],[-75.046219,10.940415],[-75.046185,10.940497],[-75.046176,10.94054],[-75.046113,10.94054],[-75.046055,10.940573],[-75.046045,10.94066],[-75.04606,10.940798],[-75.046056,10.940975],[-75.046042,10.941143],[-75.046018,10.94121],[-75.045994,10.941329],[-75.045995,10.941425],[-75.045942,10.941502],[-75.045908,10.94154],[-75.045845,10.941588],[-75.045806,10.941617],[-75.045729,10.941627],[-75.045657,10.941646],[-75.045623,10.941689],[-75.045599,10.941756],[-75.045575,10.941823],[-75.045551,10.941852],[-75.045507,10.941857],[-75.045469,10.941905],[-75.045378,10.942278],[-75.045344,10.942393],[-75.045335,10.942484],[-75.045311,10.942523],[-75.045301,10.942609],[-75.045287,10.942681],[-75.045253,10.942714],[-75.045205,10.942767],[-75.045157,10.942834],[-75.045157,10.94292],[-75.045158,10.94304],[-75.045158,10.94314],[-75.045129,10.943231],[-75.04511,10.943312],[-75.045077,10.943451],[-75.045038,10.943461],[-75.044985,10.943499],[-75.044946,10.943533],[-75.044947,10.943633],[-75.044942,10.943782],[-75.044951,10.943828],[-75.04496,10.943876],[-75.044937,10.943943],[-75.044885,10.943969],[-75.044866,10.94404],[-75.044842,10.944112],[-75.044798,10.944146],[-75.044774,10.944184],[-75.044779,10.944232],[-75.044741,10.944309],[-75.044721,10.944356],[-75.044678,10.944381],[-75.044649,10.944462],[-75.044615,10.944472],[-75.044548,10.94452],[-75.0445,10.944592],[-75.044422,10.94464],[-75.044326,10.944721],[-75.044273,10.944764],[-75.044224,10.944779],[-75.04414,10.944817],[-75.044128,10.944822],[-75.044026,10.944847],[-75.043852,10.944895],[-75.043755,10.944948],[-75.043671,10.944949],[-75.043536,10.944977],[-75.043493,10.944988],[-75.043282,10.945043],[-75.043134,10.945116],[-75.042947,10.945218],[-75.042741,10.945281],[-75.042551,10.945297],[-75.04243,10.945288],[-75.042275,10.945274],[-75.042,10.945229],[-75.041806,10.945198],[-75.041497,10.945109],[-75.041312,10.945002],[-75.041159,10.944874],[-75.041146,10.944862],[-75.04114,10.944858],[-75.041084,10.944817],[-75.041027,10.944775],[-75.041003,10.944758],[-75.04087,10.944695],[-75.040658,10.944648],[-75.040458,10.944625],[-75.040379,10.944616],[-75.040282,10.944598],[-75.040101,10.944566],[-75.03985,10.944546],[-75.039765,10.944582],[-75.039656,10.944636],[-75.039623,10.944677],[-75.039575,10.944734],[-75.039515,10.944807],[-75.039433,10.944873],[-75.03937,10.944932],[-75.039346,10.944954],[-75.039301,10.945071],[-75.03925,10.945239],[-75.039145,10.945457],[-75.039049,10.945564],[-75.039024,10.945592],[-75.038904,10.945739],[-75.038807,10.945811],[-75.038587,10.945967],[-75.038546,10.946021],[-75.038523,10.946051],[-75.038484,10.946141],[-75.038327,10.946252],[-75.038198,10.946325],[-75.038161,10.946345],[-75.038029,10.946429],[-75.037926,10.946516],[-75.037742,10.946648],[-75.037591,10.946753],[-75.037536,10.946779],[-75.037449,10.94682],[-75.037286,10.946907],[-75.037153,10.946925],[-75.036968,10.946938],[-75.036783,10.946932],[-75.036723,10.94693],[-75.036596,10.946885],[-75.036549,10.94684],[-75.036344,10.946802],[-75.036104,10.946802],[-75.036075,10.94686],[-75.036112,10.947032],[-75.036163,10.947211],[-75.036185,10.947275],[-75.036207,10.947342],[-75.036214,10.947364],[-75.036236,10.947429],[-75.036251,10.947476],[-75.036361,10.947756],[-75.036357,10.947835],[-75.036354,10.947878],[-75.036333,10.948079],[-75.036262,10.948474],[-75.036164,10.948684],[-75.036124,10.94877],[-75.036037,10.948944],[-75.036017,10.948984],[-75.035968,10.949085],[-75.035923,10.949178],[-75.035807,10.949297],[-75.035804,10.949307],[-75.035721,10.949542],[-75.035712,10.949666],[-75.035625,10.949795],[-75.035572,10.949891],[-75.035539,10.950078],[-75.035496,10.950236],[-75.035361,10.950408],[-75.035322,10.950433],[-75.035134,10.950553],[-75.035074,10.95058],[-75.035054,10.950589],[-75.034882,10.950668],[-75.034684,10.950745],[-75.034433,10.950746],[-75.034296,10.950711],[-75.034257,10.9507],[-75.034176,10.9508],[-75.034085,10.95091],[-75.034007,10.950968],[-75.033886,10.951001],[-75.03378,10.951054],[-75.033756,10.951136],[-75.033732,10.951246],[-75.033578,10.951447],[-75.033402,10.951631],[-75.033308,10.95173],[-75.033192,10.951812],[-75.033056,10.951812],[-75.03295,10.95188],[-75.032793,10.951935],[-75.032786,10.951938],[-75.032733,10.951957],[-75.032413,10.95201],[-75.03209,10.95205],[-75.032033,10.952052],[-75.031984,10.952075],[-75.031926,10.952086],[-75.031813,10.952084],[-75.031741,10.952084],[-75.031586,10.95208],[-75.031497,10.952076],[-75.031412,10.95206],[-75.031212,10.95202],[-75.031183,10.952015],[-75.031074,10.951994],[-75.030974,10.951982],[-75.03096,10.951981],[-75.030833,10.951956],[-75.030639,10.951908],[-75.030597,10.95189],[-75.02993,10.951514],[-75.029785,10.951432],[-75.029671,10.951367],[-75.029622,10.95134],[-75.029589,10.951321],[-75.029333,10.951146],[-75.029051,10.950954],[-75.029035,10.950941],[-75.028852,10.950785],[-75.028716,10.95066],[-75.028667,10.950615],[-75.028635,10.95059],[-75.028545,10.95052],[-75.028506,10.950451],[-75.028411,10.950398],[-75.028291,10.950265],[-75.028228,10.950195],[-75.028155,10.95012],[-75.028049,10.950009],[-75.028028,10.949987],[-75.027908,10.949835],[-75.027818,10.949739],[-75.027795,10.949706],[-75.027755,10.949649],[-75.027717,10.949594],[-75.027659,10.949483],[-75.027581,10.949298],[-75.027526,10.949155],[-75.027524,10.949067],[-75.027483,10.948977],[-75.027482,10.948975],[-75.027432,10.948901],[-75.027382,10.948813],[-75.027278,10.948583],[-75.027251,10.948507],[-75.027198,10.948354],[-75.027178,10.948216],[-75.027176,10.94819],[-75.027166,10.948092],[-75.027135,10.947991],[-75.027094,10.947945],[-75.027084,10.947953],[-75.027048,10.947844],[-75.02704,10.947818],[-75.026993,10.947676],[-75.026967,10.947597],[-75.026932,10.94719],[-75.026929,10.947154],[-75.026759,10.946856],[-75.026619,10.94666],[-75.026539,10.946548],[-75.026421,10.946406],[-75.02643,10.946233],[-75.02641,10.9461],[-75.026313,10.945937],[-75.0263,10.94589],[-75.026264,10.945756],[-75.026251,10.945701],[-75.026195,10.945459],[-75.026156,10.945239],[-75.026106,10.944905],[-75.026066,10.944541],[-75.026056,10.944264],[-75.026084,10.944025],[-75.026103,10.943871],[-75.026092,10.943546],[-75.026063,10.943374],[-75.026072,10.943202],[-75.026119,10.94303],[-75.02614,10.942999],[-75.026225,10.942876],[-75.026385,10.942743],[-75.026426,10.942657],[-75.026493,10.942528],[-75.026507,10.942479],[-75.026509,10.942473],[-75.026547,10.942381],[-75.026933,10.942268],[-75.02724,10.942194],[-75.027472,10.942069],[-75.027984,10.941742],[-75.028016,10.941555],[-75.02803,10.941526],[-75.028041,10.941501],[-75.028061,10.94146],[-75.028105,10.941398],[-75.028153,10.941347],[-75.028209,10.941228],[-75.02824,10.941162],[-75.028254,10.941143],[-75.02828,10.941082],[-75.028325,10.940975],[-75.028325,10.940974],[-75.028328,10.940968],[-75.028329,10.940966],[-75.028329,10.940946],[-75.028328,10.94091],[-75.028326,10.940813],[-75.028326,10.940762],[-75.028324,10.940682],[-75.028324,10.940672],[-75.028323,10.940627],[-75.028323,10.940602],[-75.028322,10.94052],[-75.028321,10.940419],[-75.028327,10.940214],[-75.028328,10.940083],[-75.028328,10.940073],[-75.028335,10.939978],[-75.028341,10.939893],[-75.028346,10.939786],[-75.028353,10.939664],[-75.028354,10.939648],[-75.028368,10.939512],[-75.028376,10.939433],[-75.02838,10.939393],[-75.028382,10.939376],[-75.028391,10.939164],[-75.028423,10.938993],[-75.028425,10.938947],[-75.028429,10.938861],[-75.028447,10.938641],[-75.028453,10.938497],[-75.028456,10.938419],[-75.028456,10.938412],[-75.028469,10.938274],[-75.028481,10.938232],[-75.028511,10.938115],[-75.028517,10.93806],[-75.028538,10.937856],[-75.028571,10.937634],[-75.028573,10.937619],[-75.028585,10.937541],[-75.028593,10.937489],[-75.028604,10.937443],[-75.028652,10.937244],[-75.028661,10.937204],[-75.028705,10.937023],[-75.028734,10.936899],[-75.028738,10.936884],[-75.028774,10.936672],[-75.028829,10.936417],[-75.028905,10.936233],[-75.028963,10.936092],[-75.028997,10.935995],[-75.029009,10.935961],[-75.02904,10.935875],[-75.02911,10.935681],[-75.029173,10.935562],[-75.029258,10.935388],[-75.029279,10.935336],[-75.02929,10.935309],[-75.029302,10.935279],[-75.029346,10.935171],[-75.029408,10.935053],[-75.029421,10.935012],[-75.029448,10.934928],[-75.029482,10.934819],[-75.029491,10.93479],[-75.02951,10.934726],[-75.029552,10.934593],[-75.029592,10.934472],[-75.029593,10.934469],[-75.029632,10.934357],[-75.029651,10.934277],[-75.029653,10.934272],[-75.029676,10.934189],[-75.029705,10.93411],[-75.029732,10.93408],[-75.029765,10.933984],[-75.029797,10.933869],[-75.029805,10.933812],[-75.02981,10.933802],[-75.029832,10.933763],[-75.029862,10.93371],[-75.029879,10.93366],[-75.029901,10.933593],[-75.029921,10.933484],[-75.029924,10.933469],[-75.029954,10.933329],[-75.029979,10.933279],[-75.029993,10.93325],[-75.030006,10.933226],[-75.030032,10.93318],[-75.030039,10.933168],[-75.030058,10.933135],[-75.030056,10.933111],[-75.030057,10.933098],[-75.03006,10.933057],[-75.030087,10.932996],[-75.030094,10.93297],[-75.03011,10.932919],[-75.030135,10.93285],[-75.03014,10.93282],[-75.030158,10.932725],[-75.030161,10.932708],[-75.030175,10.932654],[-75.030194,10.932576],[-75.030195,10.932574],[-75.030221,10.932522],[-75.030228,10.932507],[-75.030257,10.93241],[-75.030264,10.932375],[-75.030274,10.932326],[-75.030279,10.9323],[-75.030282,10.932287],[-75.030291,10.932255],[-75.0303,10.932222],[-75.030313,10.932177],[-75.030318,10.932159],[-75.030337,10.932122],[-75.030337,10.93212],[-75.030366,10.932021],[-75.030373,10.932003],[-75.030441,10.931827],[-75.030444,10.931821],[-75.030459,10.931778],[-75.030485,10.931709],[-75.030518,10.93161],[-75.030524,10.931594],[-75.030533,10.931572],[-75.030551,10.931534],[-75.030568,10.931437],[-75.030616,10.931264],[-75.030617,10.931261],[-75.030638,10.931164],[-75.030643,10.931139],[-75.030644,10.931134],[-75.030679,10.931002],[-75.030727,10.930859],[-75.03073,10.930849],[-75.030804,10.930728],[-75.030849,10.930641],[-75.030879,10.930584],[-75.030948,10.930481],[-75.030959,10.930443],[-75.030925,10.930431],[-75.031119,10.930107],[-75.031144,10.930065],[-75.031364,10.929793],[-75.031379,10.929774],[-75.031455,10.929643],[-75.031513,10.92956],[-75.03156,10.92951],[-75.031629,10.929425],[-75.031639,10.929413],[-75.031663,10.929388],[-75.031683,10.929369],[-75.031719,10.929354],[-75.031759,10.929337],[-75.03182,10.929254],[-75.031904,10.929204],[-75.031916,10.929197],[-75.031964,10.92917],[-75.032045,10.929124],[-75.032342,10.928987],[-75.032596,10.928861],[-75.03273,10.928815],[-75.032774,10.9288],[-75.032839,10.928777],[-75.033075,10.928682],[-75.033154,10.928651],[-75.033202,10.928624],[-75.033215,10.928608],[-75.033219,10.928611],[-75.033221,10.928607],[-75.033238,10.928597],[-75.033255,10.928584],[-75.033271,10.928562],[-75.03329,10.928537],[-75.033311,10.928512],[-75.033318,10.928504],[-75.033344,10.928477],[-75.033356,10.928469],[-75.033418,10.928388],[-75.033427,10.928383],[-75.033494,10.928341],[-75.033603,10.928276],[-75.033679,10.928229],[-75.033741,10.928183],[-75.03377,10.928143],[-75.033889,10.928133],[-75.033897,10.928126],[-75.033951,10.928063],[-75.033972,10.927906],[-75.03398,10.927831],[-75.033983,10.927809],[-75.03399,10.927748],[-75.034026,10.927617],[-75.034062,10.927489],[-75.034107,10.92737],[-75.034131,10.92733],[-75.034187,10.927239],[-75.034212,10.927169],[-75.03423,10.927118],[-75.034254,10.927043],[-75.034304,10.92693],[-75.034308,10.926875],[-75.034309,10.926853],[-75.034307,10.926789],[-75.034295,10.926713],[-75.03428,10.926632],[-75.034271,10.926562],[-75.034269,10.926495],[-75.034264,10.926364],[-75.034255,10.926138],[-75.034216,10.92584],[-75.034215,10.925836],[-75.034204,10.925769],[-75.034191,10.92572],[-75.034181,10.925688],[-75.034167,10.92564],[-75.034157,10.925591],[-75.03389,10.925029],[-75.0339,10.924907],[-75.03396,10.924168],[-75.034222,10.922756],[-75.034269,10.922623],[-75.034366,10.922351],[-75.03458,10.921752],[-75.03497,10.920659],[-75.035042,10.920454],[-75.035229,10.919931],[-75.035493,10.919309],[-75.035891,10.918372],[-75.036358,10.917273],[-75.036679,10.91655],[-75.037533,10.914629],[-75.037966,10.913656],[-75.03804,10.913489],[-75.038322,10.912795],[-75.03912,10.910831],[-75.039533,10.90999],[-75.039776,10.909495],[-75.040128,10.908779],[-75.040226,10.908579],[-75.040526,10.907928],[-75.040899,10.907118],[-75.04098,10.906974],[-75.041476,10.906088],[-75.041672,10.905668],[-75.042525,10.905494],[-75.042633,10.905362],[-75.042814,10.904979],[-75.043066,10.904488],[-75.043258,10.90415],[-75.043331,10.904021],[-75.043704,10.903362],[-75.044065,10.902691],[-75.044281,10.902367],[-75.044301,10.902341],[-75.044546,10.90202],[-75.0448,10.90178],[-75.04492,10.901528],[-75.045016,10.901384],[-75.045076,10.901133],[-75.045059,10.901076],[-75.045027,10.900966],[-75.045462,10.900357],[-75.046156,10.899667],[-75.046554,10.899331],[-75.046837,10.899067],[-75.047507,10.898485],[-75.048062,10.898101],[-75.048391,10.897811],[-75.048587,10.897639],[-75.049064,10.897248],[-75.049619,10.896786],[-75.049756,10.89667],[-75.050101,10.896378],[-75.050401,10.896131],[-75.050771,10.895826],[-75.050967,10.895693],[-75.051266,10.895489],[-75.051658,10.895201],[-75.051797,10.895123],[-75.052009,10.895004],[-75.052136,10.89492],[-75.052253,10.894832],[-75.052443,10.894717],[-75.052622,10.89462],[-75.052703,10.894575],[-75.052941,10.894447],[-75.053588,10.894096],[-75.05417,10.893784],[-75.054522,10.893596],[-75.054669,10.893517],[-75.055541,10.89305],[-75.055907,10.892854],[-75.056909,10.892411],[-75.057381,10.89223],[-75.057393,10.892226],[-75.057918,10.892035],[-75.058078,10.892036],[-75.05823,10.892042],[-75.05829,10.892018],[-75.058392,10.892001],[-75.05854,10.89199],[-75.058623,10.891978],[-75.05874,10.89196],[-75.058843,10.891942],[-75.058917,10.891911],[-75.059028,10.891863],[-75.059387,10.891676],[-75.05952,10.891591],[-75.05962,10.891463],[-75.059696,10.891358],[-75.059769,10.891252],[-75.059917,10.891134],[-75.060021,10.891065],[-75.060144,10.890985],[-75.060221,10.890895],[-75.060264,10.890851],[-75.060289,10.890823],[-75.060367,10.890705],[-75.060425,10.89064],[-75.060499,10.890534],[-75.060536,10.890464],[-75.060543,10.890426],[-75.060544,10.890416],[-75.06055,10.890342],[-75.060559,10.890253],[-75.060586,10.890166],[-75.060607,10.890103],[-75.06064,10.890039],[-75.060641,10.889991],[-75.060619,10.889923],[-75.060614,10.889842],[-75.060644,10.889793],[-75.060693,10.889767],[-75.060736,10.889752],[-75.060786,10.889742],[-75.060846,10.88974],[-75.060878,10.889719],[-75.060875,10.889681],[-75.060843,10.889659],[-75.060774,10.889629],[-75.060772,10.889554],[-75.060774,10.88955],[-75.061311,10.889327],[-75.062121,10.889031],[-75.063016,10.888737],[-75.063076,10.888718],[-75.063226,10.888686],[-75.063497,10.888629],[-75.064091,10.888588],[-75.064273,10.888564],[-75.064478,10.888479],[-75.064743,10.888384],[-75.064834,10.888377],[-75.064948,10.888355],[-75.065002,10.888344],[-75.065056,10.888334],[-75.065112,10.888304],[-75.065122,10.888304],[-75.065361,10.88831],[-75.065468,10.888393],[-75.065611,10.888382],[-75.065703,10.888176],[-75.065706,10.888167],[-75.065741,10.888138],[-75.065776,10.888089],[-75.065784,10.888086],[-75.065824,10.888069],[-75.065906,10.888036],[-75.065932,10.888025],[-75.06607,10.888025],[-75.066267,10.887976],[-75.06643,10.887923],[-75.066451,10.887913],[-75.066546,10.887863],[-75.06663,10.887851],[-75.066829,10.887796],[-75.067271,10.887624],[-75.067385,10.887595],[-75.067437,10.887594],[-75.067552,10.887591],[-75.067553,10.887591],[-75.067577,10.887589],[-75.067743,10.887588],[-75.06801,10.887537],[-75.06803,10.887534],[-75.068048,10.887533],[-75.068049,10.887533],[-75.068074,10.88753],[-75.068249,10.887507],[-75.068388,10.887489],[-75.068422,10.887472],[-75.068506,10.887428],[-75.069167,10.887287],[-75.069221,10.88728],[-75.069494,10.88723],[-75.069722,10.887194],[-75.069754,10.887184],[-75.070029,10.887151],[-75.070082,10.887144],[-75.070248,10.887107],[-75.070316,10.88711],[-75.070562,10.88708],[-75.070768,10.88704],[-75.07083,10.887039],[-75.071073,10.887035],[-75.071171,10.887011],[-75.07129,10.886943],[-75.071337,10.886937],[-75.071425,10.886953],[-75.071551,10.886918],[-75.071595,10.886923],[-75.071641,10.886927],[-75.0717,10.886906],[-75.071703,10.886905],[-75.071765,10.886894],[-75.071843,10.886857],[-75.071925,10.886857],[-75.072128,10.886852],[-75.072272,10.88683],[-75.072374,10.886832],[-75.072556,10.886811],[-75.072805,10.886824],[-75.072941,10.886828],[-75.073048,10.886831],[-75.073158,10.886831],[-75.073254,10.886812],[-75.073287,10.886806],[-75.073408,10.886763],[-75.073576,10.88676],[-75.07392,10.886771],[-75.074356,10.886785],[-75.074969,10.886783],[-75.075032,10.886781],[-75.075147,10.886791],[-75.075281,10.886806],[-75.075431,10.886832],[-75.07557,10.88684],[-75.075679,10.88682],[-75.075759,10.886799],[-75.075794,10.886797],[-75.075921,10.886798],[-75.076027,10.886805],[-75.07616,10.886803],[-75.076264,10.886791],[-75.07636,10.886736],[-75.076429,10.886711],[-75.076483,10.886663],[-75.076626,10.886656],[-75.076764,10.886639],[-75.076813,10.886633],[-75.076884,10.886624],[-75.076927,10.88664],[-75.076991,10.886662],[-75.077054,10.886653],[-75.077177,10.886637],[-75.077272,10.886657],[-75.077416,10.886683],[-75.077559,10.886671],[-75.077733,10.886652],[-75.077902,10.886663],[-75.078001,10.886662],[-75.0781,10.886636],[-75.078314,10.886616],[-75.078456,10.886595],[-75.078561,10.886573],[-75.078642,10.886572],[-75.078699,10.88657],[-75.078802,10.886587],[-75.078917,10.886602],[-75.079026,10.886606],[-75.079118,10.886612],[-75.079224,10.886642],[-75.079323,10.886635],[-75.079461,10.886627],[-75.079505,10.886625],[-75.079641,10.886621],[-75.079752,10.886606],[-75.079884,10.8866],[-75.079965,10.886579],[-75.080049,10.886516],[-75.08016,10.886493],[-75.080361,10.886468],[-75.080551,10.886468],[-75.080691,10.886487],[-75.080823,10.886508],[-75.080886,10.886506],[-75.081016,10.886474],[-75.081106,10.886466],[-75.081152,10.886493],[-75.08116,10.886516],[-75.081158,10.886552],[-75.081175,10.886598],[-75.081196,10.886625],[-75.081223,10.886629],[-75.081242,10.886589],[-75.081256,10.886514],[-75.081281,10.886363],[-75.081348,10.886271],[-75.081434,10.886219],[-75.081514,10.886139],[-75.081583,10.88606],[-75.081652,10.886016],[-75.081675,10.885978],[-75.081675,10.885905],[-75.081681,10.885821],[-75.081729,10.885721],[-75.081779,10.8856],[-75.081851,10.88542],[-75.081888,10.885267],[-75.081945,10.885127],[-75.081955,10.885022],[-75.08201,10.884938],[-75.082108,10.884781],[-75.082227,10.88457],[-75.082294,10.88439],[-75.082374,10.884229],[-75.082403,10.88412],[-75.082399,10.884007],[-75.082386,10.883867],[-75.082346,10.883741],[-75.082351,10.883624],[-75.082382,10.883522],[-75.082339,10.883489],[-75.082367,10.883403],[-75.082457,10.883214],[-75.082498,10.883156],[-75.082693,10.882978],[-75.083005,10.882756],[-75.083175,10.882647],[-75.08322,10.882618],[-75.083351,10.882538],[-75.083397,10.882475],[-75.083403,10.882381],[-75.083414,10.88226],[-75.083472,10.882139],[-75.083474,10.881915],[-75.083474,10.881716],[-75.083449,10.881574],[-75.083407,10.881427],[-75.083393,10.881153],[-75.083369,10.880948],[-75.083359,10.880862],[-75.083386,10.880711],[-75.083511,10.880225],[-75.083524,10.880168],[-75.083638,10.879946],[-75.083713,10.879787],[-75.083815,10.879605],[-75.083912,10.879441],[-75.084077,10.879249],[-75.084274,10.879037],[-75.084435,10.878954],[-75.084523,10.87887],[-75.084529,10.878795],[-75.08447,10.878703],[-75.084458,10.878629],[-75.084493,10.878552],[-75.084567,10.878401],[-75.084661,10.878288],[-75.08473,10.87818],[-75.08475,10.878163],[-75.084768,10.878148],[-75.084834,10.878041],[-75.084889,10.877878],[-75.084983,10.877763],[-75.085098,10.877652],[-75.085238,10.877531],[-75.085435,10.877418],[-75.085619,10.877284],[-75.08581,10.877165],[-75.085971,10.877112],[-75.086111,10.877064],[-75.086199,10.876974],[-75.086308,10.876909],[-75.086421,10.876865],[-75.086478,10.876838],[-75.086656,10.876753],[-75.086876,10.87666],[-75.0871,10.876547],[-75.087304,10.876473],[-75.087521,10.876435],[-75.087576,10.876424],[-75.087707,10.876409],[-75.087848,10.876393],[-75.087921,10.876365],[-75.088013,10.876315],[-75.088149,10.876282],[-75.088264,10.876221],[-75.088335,10.876146],[-75.088553,10.876077],[-75.0888,10.876007],[-75.089316,10.875834],[-75.089341,10.875826],[-75.089371,10.875817],[-75.089534,10.875763],[-75.090005,10.875595],[-75.090206,10.875507],[-75.090603,10.875369],[-75.091039,10.875225],[-75.09111,10.875212],[-75.091269,10.875147],[-75.091459,10.875078],[-75.091656,10.874988],[-75.091777,10.874934],[-75.091857,10.874909],[-75.09198,10.874878],[-75.092112,10.874873],[-75.092225,10.874836],[-75.092407,10.87475],[-75.092604,10.874677],[-75.092717,10.874643],[-75.092733,10.874641],[-75.092755,10.874639],[-75.09305,10.874667],[-75.093299,10.874667],[-75.093724,10.874618],[-75.093992,10.874595],[-75.094175,10.874533],[-75.094381,10.874451],[-75.094538,10.874363],[-75.094826,10.874359],[-75.095097,10.87431],[-75.095323,10.874242],[-75.095695,10.874255],[-75.09597,10.87432],[-75.096081,10.874356],[-75.09616,10.874336],[-75.096254,10.874264],[-75.096513,10.874127],[-75.096794,10.874049],[-75.097,10.874072],[-75.097304,10.874072],[-75.097834,10.874052],[-75.098177,10.873964],[-75.098654,10.873823],[-75.099298,10.873758],[-75.099982,10.87362],[-75.100482,10.87346],[-75.100747,10.873362],[-75.100938,10.873197],[-75.101056,10.873101],[-75.101177,10.872975],[-75.101252,10.872871],[-75.101189,10.872818],[-75.101132,10.872757],[-75.100844,10.872552],[-75.100803,10.872527],[-75.100548,10.872375],[-75.100515,10.872323],[-75.100488,10.872278],[-75.100339,10.872122],[-75.100178,10.871874],[-75.100146,10.871808],[-75.100163,10.871793],[-75.100215,10.871747],[-75.100244,10.871715],[-75.100262,10.871694],[-75.100265,10.871604],[-75.100204,10.871493],[-75.100161,10.871373],[-75.10016,10.871253],[-75.100155,10.871167],[-75.100125,10.871062],[-75.100132,10.87102],[-75.100195,10.871007],[-75.100245,10.870971],[-75.10027,10.870892],[-75.100251,10.870735],[-75.100273,10.87064],[-75.100321,10.870532],[-75.100341,10.870472],[-75.100356,10.870373],[-75.100367,10.870272],[-75.100368,10.870154],[-75.100365,10.870078],[-75.100412,10.869921],[-75.100455,10.869666],[-75.100467,10.86951],[-75.100465,10.869299],[-75.100554,10.869122],[-75.100593,10.869055],[-75.100647,10.868963],[-75.100698,10.868819],[-75.100789,10.868658],[-75.100918,10.868422],[-75.101065,10.86823],[-75.101161,10.86813],[-75.101368,10.867874],[-75.101496,10.867741],[-75.101591,10.867672],[-75.101684,10.867601],[-75.101821,10.867496],[-75.102008,10.867354],[-75.102357,10.867165],[-75.102606,10.867008],[-75.102995,10.866817],[-75.103108,10.866767],[-75.103285,10.866702],[-75.103629,10.866593],[-75.10365,10.866586],[-75.103756,10.866549],[-75.10376,10.866546],[-75.103838,10.86648],[-75.103896,10.86643],[-75.103966,10.866413],[-75.104075,10.866402],[-75.104152,10.866363],[-75.104262,10.866332],[-75.10433,10.866324],[-75.104391,10.866297],[-75.104429,10.866275],[-75.104558,10.86624],[-75.104687,10.866224],[-75.104816,10.866208],[-75.104893,10.866196],[-75.104981,10.866159],[-75.1051,10.866121],[-75.105206,10.866077],[-75.105261,10.866057],[-75.105267,10.866055],[-75.105384,10.86602],[-75.105478,10.866002],[-75.105618,10.865948],[-75.105799,10.865885],[-75.105879,10.865887],[-75.105958,10.865841],[-75.106068,10.865796],[-75.10618,10.865764],[-75.106286,10.865744],[-75.106434,10.865705],[-75.106516,10.865671],[-75.106656,10.86564],[-75.106727,10.865626],[-75.10682,10.865589],[-75.106945,10.86556],[-75.10699,10.865541],[-75.10705,10.865516],[-75.107056,10.865516],[-75.107056,10.865513],[-75.107059,10.865514],[-75.107062,10.865514],[-75.107062,10.865511],[-75.107065,10.865508],[-75.107071,10.865508],[-75.107074,10.865505],[-75.10708,10.865506],[-75.107083,10.865503],[-75.107089,10.865503],[-75.107095,10.865498],[-75.107098,10.865498],[-75.107101,10.865495],[-75.107106,10.865495],[-75.107107,10.865492],[-75.10711,10.865493],[-75.107113,10.86549],[-75.107127,10.86549],[-75.10713,10.865491],[-75.107136,10.865491],[-75.107139,10.865488],[-75.107148,10.865488],[-75.107151,10.865486],[-75.107165,10.865486],[-75.107168,10.865484],[-75.107174,10.865484],[-75.107177,10.865481],[-75.107183,10.865481],[-75.107186,10.865479],[-75.107192,10.865479],[-75.107198,10.865473],[-75.107201,10.865473],[-75.107204,10.865474],[-75.10721,10.865474],[-75.107213,10.865471],[-75.107219,10.865471],[-75.107221,10.865472],[-75.107228,10.865466],[-75.10723,10.865466],[-75.107239,10.865461],[-75.107245,10.865458],[-75.107254,10.865458],[-75.10726,10.865459],[-75.107266,10.865453],[-75.107272,10.865451],[-75.107278,10.865451],[-75.107284,10.865445],[-75.10729,10.865446],[-75.107302,10.86544],[-75.107308,10.865438],[-75.107314,10.865438],[-75.10732,10.865432],[-75.107326,10.86543],[-75.107334,10.865427],[-75.10734,10.865427],[-75.107346,10.865422],[-75.10735,10.86542],[-75.107352,10.865419],[-75.107356,10.865419],[-75.107358,10.86542],[-75.107359,10.865419],[-75.107364,10.865414],[-75.10737,10.865411],[-75.107373,10.865412],[-75.107379,10.865406],[-75.107385,10.865406],[-75.107391,10.865401],[-75.1074,10.865398],[-75.107403,10.865395],[-75.107409,10.865396],[-75.107415,10.865387],[-75.107418,10.865387],[-75.107424,10.865382],[-75.10743,10.865379],[-75.107433,10.865376],[-75.107439,10.865374],[-75.107442,10.865374],[-75.107448,10.865368],[-75.107454,10.865366],[-75.107457,10.865363],[-75.107463,10.86536],[-75.107469,10.865361],[-75.107475,10.865355],[-75.107481,10.865352],[-75.107484,10.865353],[-75.10749,10.865347],[-75.107496,10.865347],[-75.107499,10.865345],[-75.107505,10.865345],[-75.107511,10.865339],[-75.107517,10.86534],[-75.107523,10.865334],[-75.107532,10.865334],[-75.107532,10.865331],[-75.107538,10.865329],[-75.107543,10.865329],[-75.107547,10.865326],[-75.107552,10.865327],[-75.107561,10.865321],[-75.107567,10.865316],[-75.107576,10.865316],[-75.107582,10.865311],[-75.107591,10.865311],[-75.107597,10.865305],[-75.107603,10.865306],[-75.107606,10.865306],[-75.107612,10.8653],[-75.107615,10.8653],[-75.107621,10.865301],[-75.107627,10.865295],[-75.107633,10.865295],[-75.107639,10.86529],[-75.107653,10.86529],[-75.107659,10.865285],[-75.107668,10.865285],[-75.107674,10.86528],[-75.107689,10.86528],[-75.107695,10.865275],[-75.107707,10.865275],[-75.107712,10.865276],[-75.107721,10.86527],[-75.107727,10.865271],[-75.107733,10.865271],[-75.107739,10.865265],[-75.107745,10.865266],[-75.107751,10.865266],[-75.107757,10.86526],[-75.107768,10.865261],[-75.107777,10.865261],[-75.107783,10.865256],[-75.107795,10.865256],[-75.107801,10.865257],[-75.107807,10.865251],[-75.107813,10.865251],[-75.107853,10.865253],[-75.107856,10.865253],[-75.107874,10.865254],[-75.10788,10.865254],[-75.107886,10.865255],[-75.1079,10.865255],[-75.107906,10.865256],[-75.107909,10.865256],[-75.107914,10.865259],[-75.107926,10.865259],[-75.107932,10.86526],[-75.107947,10.86526],[-75.107952,10.865261],[-75.107961,10.865261],[-75.107967,10.865264],[-75.107973,10.865264],[-75.107981,10.865265],[-75.107993,10.865268],[-75.108004,10.865269],[-75.108016,10.865269],[-75.108025,10.86527],[-75.108036,10.86527],[-75.108048,10.865271],[-75.10806,10.865271],[-75.108066,10.865272],[-75.108074,10.865272],[-75.10808,10.865266],[-75.108086,10.865267],[-75.108095,10.865267],[-75.108098,10.865264],[-75.108104,10.865265],[-75.108107,10.865265],[-75.10811,10.865262],[-75.108119,10.865262],[-75.108125,10.865257],[-75.108133,10.865257],[-75.108136,10.865254],[-75.108142,10.865255],[-75.108145,10.865255],[-75.108151,10.865249],[-75.108157,10.86525],[-75.108178,10.865245],[-75.108201,10.86524],[-75.10829,10.865212],[-75.108296,10.865206],[-75.108329,10.865193],[-75.108335,10.865194],[-75.108338,10.865191],[-75.108349,10.865191],[-75.108356,10.865186],[-75.108361,10.865186],[-75.108367,10.865181],[-75.108382,10.865181],[-75.108388,10.865182],[-75.108391,10.865182],[-75.108397,10.865176],[-75.108403,10.865176],[-75.108409,10.865177],[-75.108412,10.865174],[-75.108423,10.865174],[-75.108429,10.865175],[-75.108435,10.865169],[-75.108438,10.865169],[-75.108444,10.86517],[-75.10845,10.865164],[-75.108459,10.865164],[-75.108462,10.865162],[-75.108473,10.865162],[-75.108474,10.865159],[-75.108476,10.865159],[-75.108479,10.86516],[-75.108488,10.86516],[-75.108491,10.865157],[-75.108494,10.865157],[-75.108571,10.865143],[-75.108585,10.865139],[-75.108677,10.865113],[-75.108887,10.865042],[-75.10896,10.865023],[-75.108985,10.865017],[-75.109135,10.864989],[-75.109158,10.864992],[-75.109265,10.865007],[-75.109324,10.865003],[-75.109392,10.864978],[-75.109451,10.86496],[-75.109458,10.864959],[-75.109492,10.864956],[-75.109531,10.864932],[-75.109616,10.864924],[-75.109702,10.864893],[-75.109797,10.864851],[-75.109986,10.86481],[-75.110086,10.864787],[-75.110478,10.864699],[-75.110886,10.864633],[-75.111451,10.864569],[-75.112151,10.864462],[-75.112766,10.864386],[-75.112801,10.864383],[-75.113029,10.86436],[-75.11307,10.864346],[-75.113141,10.864321],[-75.113147,10.864319],[-75.113369,10.864309],[-75.11361,10.864245],[-75.113725,10.864221],[-75.1139,10.864206],[-75.114016,10.864214],[-75.114131,10.864225],[-75.114273,10.864252],[-75.114434,10.86428],[-75.114581,10.864243],[-75.114692,10.864225],[-75.114776,10.864226],[-75.11491,10.864227],[-75.115071,10.864202],[-75.115165,10.864183],[-75.115226,10.864186],[-75.115301,10.864256],[-75.115335,10.864269],[-75.115391,10.864249],[-75.115444,10.864234],[-75.115499,10.864236],[-75.115565,10.86419],[-75.115637,10.864141],[-75.115705,10.864112],[-75.115776,10.864084],[-75.115834,10.864034],[-75.115912,10.863913],[-75.116008,10.863798],[-75.116078,10.863729],[-75.116207,10.863625],[-75.116286,10.863568],[-75.116322,10.863545],[-75.116375,10.863512],[-75.11639,10.863503],[-75.116536,10.863423],[-75.116619,10.863394],[-75.116675,10.863374],[-75.116824,10.863349],[-75.116964,10.863341],[-75.117041,10.863325],[-75.117078,10.863317],[-75.117191,10.863311],[-75.11736,10.863301],[-75.117596,10.863278],[-75.117692,10.863252],[-75.117708,10.863248],[-75.117854,10.863211],[-75.117993,10.863215],[-75.118166,10.863246],[-75.118187,10.863249],[-75.118342,10.863272],[-75.118535,10.863284],[-75.118574,10.86329],[-75.118658,10.863303],[-75.118688,10.863308],[-75.118811,10.863328],[-75.118938,10.863337],[-75.11917,10.863351],[-75.119351,10.863368],[-75.119535,10.863345],[-75.119696,10.863361],[-75.119745,10.863366],[-75.119869,10.86338],[-75.119917,10.863383],[-75.120034,10.863388],[-75.120192,10.863413],[-75.120325,10.863448],[-75.120341,10.863452],[-75.120431,10.863505],[-75.120577,10.863529],[-75.120674,10.863499],[-75.120773,10.863437],[-75.120843,10.863345],[-75.120844,10.863345],[-75.120969,10.863258],[-75.121134,10.863135],[-75.121281,10.86302],[-75.121398,10.862933],[-75.121498,10.862903],[-75.121606,10.862882],[-75.121754,10.862877],[-75.121759,10.862878],[-75.121813,10.862887],[-75.121943,10.862909],[-75.122055,10.862877],[-75.122078,10.862864],[-75.12212,10.862839],[-75.122211,10.862806],[-75.122298,10.862807],[-75.122419,10.862822],[-75.122478,10.862688],[-75.122496,10.862646],[-75.122503,10.862603],[-75.122504,10.862594],[-75.122579,10.862473],[-75.122698,10.86234],[-75.122744,10.862314],[-75.122989,10.862177],[-75.123525,10.861912],[-75.123619,10.861884],[-75.123715,10.861855],[-75.12413,10.861813],[-75.124375,10.861813],[-75.124665,10.861798],[-75.124931,10.861733],[-75.125205,10.86174],[-75.125472,10.861755],[-75.125661,10.861766],[-75.125844,10.861898],[-75.125844,10.861922],[-75.126101,10.861921],[-75.126292,10.861983],[-75.126482,10.861982],[-75.126737,10.862044],[-75.126927,10.862107],[-75.127309,10.862231],[-75.127563,10.862293],[-75.127881,10.862417],[-75.128199,10.862542],[-75.12839,10.862604],[-75.128581,10.862603],[-75.128835,10.862728],[-75.12909,10.86279],[-75.12928,10.862789],[-75.129535,10.862851],[-75.129725,10.86285],[-75.129916,10.86285],[-75.13017,10.862849],[-75.130424,10.862848],[-75.130614,10.862847],[-75.130805,10.862784],[-75.130995,10.862658],[-75.130994,10.862469],[-75.130994,10.862281],[-75.130993,10.862093],[-75.130929,10.861904],[-75.130738,10.86178],[-75.130547,10.861717],[-75.130293,10.861655],[-75.130165,10.861468],[-75.129974,10.86128],[-75.129846,10.861092],[-75.129782,10.860904],[-75.129781,10.860715],[-75.12978,10.860527],[-75.12978,10.860339],[-75.129779,10.86015],[-75.129779,10.859962],[-75.129778,10.859773],[-75.129777,10.859585],[-75.129777,10.859397],[-75.129776,10.859208],[-75.129839,10.85902],[-75.129902,10.858831],[-75.129901,10.858643],[-75.130091,10.858517],[-75.130217,10.858328],[-75.130407,10.858139],[-75.130597,10.85795],[-75.130788,10.857886],[-75.130978,10.85776],[-75.131168,10.857697],[-75.131358,10.857633],[-75.131549,10.857507],[-75.131675,10.857318],[-75.131801,10.857129],[-75.131992,10.857066],[-75.132182,10.856877],[-75.132372,10.856813],[-75.132498,10.856625],[-75.132688,10.856498],[-75.132878,10.856309],[-75.132941,10.856121],[-75.133004,10.855932],[-75.133194,10.855806],[-75.133321,10.855617],[-75.133511,10.855554],[-75.133701,10.855427],[-75.133891,10.855364],[-75.134081,10.855238],[-75.134272,10.855112],[-75.134462,10.855048],[-75.134716,10.854984],[-75.134906,10.854921],[-75.135096,10.854858],[-75.135287,10.854794],[-75.135477,10.854731],[-75.135668,10.85473],[-75.135858,10.854667],[-75.136048,10.854603],[-75.136239,10.85454],[-75.136493,10.854476],[-75.136746,10.854412],[-75.137,10.854349],[-75.137254,10.854348],[-75.137508,10.854284],[-75.137699,10.854221],[-75.137889,10.85422],[-75.13808,10.854157],[-75.13827,10.854093],[-75.138524,10.854029],[-75.138778,10.853966],[-75.138968,10.85384],[-75.139285,10.853776],[-75.140046,10.853396],[-75.140236,10.853333],[-75.140427,10.853269],[-75.140617,10.853143],[-75.140729,10.853106],[-75.140807,10.85308],[-75.140998,10.853079],[-75.14111,10.853079],[-75.141188,10.853078],[-75.141379,10.853015],[-75.141569,10.853014],[-75.141668,10.852994],[-75.141887,10.85295],[-75.141939,10.852916],[-75.142077,10.852824],[-75.142267,10.852824],[-75.142433,10.8527],[-75.142493,10.852655],[-75.142521,10.852634],[-75.142711,10.852571],[-75.142901,10.852507],[-75.143028,10.852319],[-75.143091,10.85213],[-75.143153,10.851941],[-75.143344,10.851815],[-75.143533,10.851626],[-75.143723,10.851437],[-75.143913,10.851311],[-75.144104,10.851247],[-75.144103,10.851059],[-75.144166,10.850808],[-75.144229,10.850619],[-75.144228,10.850431],[-75.144291,10.850242],[-75.144354,10.850054],[-75.144544,10.84999],[-75.144607,10.849801],[-75.144797,10.849675],[-75.14505,10.849486],[-75.14524,10.849297],[-75.145366,10.849045],[-75.145556,10.848856],[-75.145809,10.848604],[-75.145872,10.848416],[-75.145999,10.848227],[-75.146189,10.848163],[-75.146376,10.847033],[-75.146689,10.845838],[-75.147002,10.844644],[-75.147193,10.844581],[-75.147255,10.844392],[-75.147445,10.844203],[-75.147571,10.843952],[-75.147698,10.8437],[-75.147697,10.843512],[-75.147696,10.843323],[-75.147632,10.843135],[-75.147631,10.842884],[-75.147631,10.842696],[-75.147693,10.842507],[-75.147756,10.842318],[-75.147819,10.84213],[-75.147945,10.841941],[-75.148135,10.841752],[-75.148325,10.841563],[-75.148515,10.841374],[-75.148705,10.841248],[-75.148832,10.841059],[-75.148958,10.84087],[-75.149084,10.840681],[-75.149084,10.840493],[-75.149146,10.840304],[-75.149146,10.840053],[-75.149145,10.839802],[-75.149208,10.839613],[-75.149207,10.839362],[-75.149206,10.839174],[-75.149332,10.838922],[-75.149395,10.838734],[-75.149458,10.838545],[-75.14952,10.838294],[-75.149583,10.838105],[-75.149583,10.837917],[-75.149582,10.837728],[-75.149645,10.83754],[-75.149644,10.837289],[-75.149643,10.8371],[-75.149706,10.836849],[-75.149768,10.836598],[-75.149958,10.836346],[-75.150148,10.836219],[-75.150465,10.835904],[-75.150655,10.835778],[-75.150845,10.835589],[-75.151035,10.835463],[-75.151225,10.835399],[-75.151415,10.835336],[-75.151606,10.835273],[-75.151796,10.835209],[-75.151986,10.835146],[-75.152177,10.835019],[-75.152494,10.834893],[-75.152698,10.834791],[-75.152747,10.834766],[-75.152937,10.83464],[-75.153004,10.834574],[-75.153041,10.834537],[-75.153127,10.834451],[-75.153254,10.834262],[-75.153444,10.834136],[-75.153461,10.834124],[-75.153634,10.83401],[-75.153768,10.833876],[-75.153824,10.833821],[-75.154014,10.833757],[-75.154077,10.833569],[-75.154267,10.83338],[-75.154276,10.833372],[-75.154392,10.83328],[-75.154583,10.833127],[-75.154774,10.833001],[-75.155027,10.832812],[-75.155281,10.832685],[-75.155471,10.832559],[-75.15566,10.83237],[-75.155977,10.832181],[-75.156167,10.832054],[-75.156358,10.831928],[-75.156611,10.831802],[-75.156802,10.831738],[-75.157182,10.831486],[-75.157436,10.831422],[-75.157626,10.831358],[-75.157816,10.831295],[-75.158134,10.831231],[-75.158324,10.831168],[-75.158514,10.831104],[-75.158704,10.830978],[-75.159022,10.830977],[-75.159339,10.830913],[-75.159784,10.830849],[-75.160038,10.830848],[-75.160292,10.830784],[-75.160545,10.83072],[-75.160863,10.830719],[-75.161053,10.830719],[-75.161434,10.830654],[-75.161625,10.830591],[-75.161815,10.83059],[-75.162069,10.830527],[-75.162259,10.830463],[-75.16245,10.8304],[-75.16283,10.83021],[-75.16302,10.830147],[-75.163211,10.83002],[-75.163591,10.829956],[-75.163782,10.829955],[-75.164036,10.829955],[-75.164417,10.82989],[-75.164607,10.82989],[-75.164925,10.829889],[-75.165179,10.829888],[-75.165433,10.829887],[-75.165751,10.829886],[-75.165941,10.829885],[-75.166195,10.829884],[-75.166386,10.829883],[-75.166576,10.829883],[-75.166894,10.829882],[-75.167212,10.829881],[-75.167402,10.82988],[-75.167656,10.829879],[-75.167847,10.829878],[-75.168037,10.829878],[-75.168291,10.829877],[-75.168482,10.829876],[-75.168799,10.829875],[-75.16899,10.829874],[-75.16918,10.829874],[-75.169371,10.829873],[-75.169625,10.829872],[-75.169816,10.829871],[-75.17026,10.829933],[-75.170451,10.829995],[-75.170769,10.829994],[-75.17096,10.830056],[-75.171277,10.830117],[-75.171468,10.830179],[-75.171722,10.830179],[-75.171913,10.830178],[-75.172231,10.83024],[-75.172548,10.830301],[-75.172803,10.830363],[-75.172993,10.830425],[-75.173248,10.830487],[-75.173566,10.830549],[-75.173756,10.830548],[-75.173947,10.83061],[-75.174137,10.83061],[-75.174328,10.830609],[-75.174773,10.830607],[-75.174845,10.830617],[-75.174867,10.830595],[-75.174968,10.830494],[-75.175198,10.830265],[-75.175302,10.830236],[-75.1758,10.830095],[-75.175886,10.830092],[-75.175899,10.830091],[-75.176605,10.830067],[-75.176831,10.830053],[-75.17727,10.830026],[-75.177856,10.830024],[-75.177945,10.830006],[-75.178605,10.829873],[-75.178638,10.829866],[-75.17985,10.829746],[-75.180592,10.829705],[-75.180825,10.829201],[-75.181337,10.828771],[-75.181345,10.828764],[-75.18135,10.82876],[-75.181353,10.828757],[-75.181562,10.828569],[-75.181722,10.828425],[-75.182229,10.828037],[-75.182389,10.82793],[-75.18258,10.827803],[-75.183126,10.827376],[-75.183432,10.827132],[-75.183515,10.827066],[-75.183664,10.826811],[-75.183787,10.826601],[-75.183909,10.82631],[-75.183981,10.826136],[-75.184332,10.825787],[-75.184567,10.825574],[-75.184761,10.825399],[-75.184903,10.825273],[-75.185111,10.825088],[-75.186127,10.824698],[-75.187064,10.824424],[-75.187845,10.824189],[-75.188312,10.823569],[-75.188644,10.822936],[-75.188778,10.822679],[-75.189173,10.822134],[-75.189176,10.822131],[-75.189178,10.822128],[-75.189185,10.82212],[-75.189782,10.821492],[-75.189907,10.82136],[-75.19061,10.820971],[-75.191039,10.820815],[-75.191137,10.820755],[-75.191546,10.820504],[-75.191722,10.820204],[-75.191818,10.820039],[-75.191818,10.819814],[-75.191817,10.819652],[-75.191854,10.819588],[-75.192117,10.819128],[-75.192128,10.81911],[-75.192439,10.8188],[-75.193025,10.818643],[-75.193109,10.818633],[-75.193579,10.81858],[-75.194081,10.818523],[-75.194659,10.81845],[-75.194706,10.818444],[-75.194961,10.81838],[-75.195119,10.81834],[-75.195644,10.818208],[-75.195793,10.818096],[-75.1958,10.818092],[-75.195814,10.818089],[-75.196542,10.817934],[-75.197754,10.817814],[-75.198016,10.817795],[-75.198301,10.817773],[-75.199161,10.817693],[-75.20006,10.81769],[-75.200129,10.817692],[-75.201116,10.817725],[-75.201869,10.817646],[-75.203047,10.817523],[-75.203055,10.817522],[-75.203121,10.817515],[-75.203123,10.817516],[-75.203133,10.817519],[-75.203169,10.817528],[-75.203283,10.817557],[-75.203289,10.817541],[-75.203317,10.81755],[-75.20342,10.817584],[-75.20345,10.817594],[-75.203542,10.81761],[-75.203543,10.817611],[-75.203559,10.817613],[-75.203608,10.817622],[-75.203659,10.817631],[-75.203665,10.817632],[-75.203878,10.81767],[-75.203885,10.817672],[-75.203929,10.81768],[-75.203929,10.817696],[-75.20404,10.817717],[-75.204056,10.81772],[-75.204069,10.817723],[-75.204106,10.81773],[-75.204134,10.817735],[-75.20418,10.817744],[-75.204361,10.817771],[-75.204732,10.81774],[-75.204775,10.817736],[-75.204837,10.817731],[-75.204881,10.817726],[-75.2049,10.817725],[-75.204905,10.817724],[-75.204943,10.817721],[-75.204945,10.81772],[-75.205032,10.817673],[-75.205126,10.817662],[-75.205188,10.817635],[-75.205237,10.817578],[-75.205329,10.817455],[-75.20534,10.817459],[-75.205374,10.81747],[-75.205419,10.817492],[-75.205601,10.817578],[-75.205788,10.817681],[-75.205993,10.817744],[-75.206138,10.817765],[-75.206139,10.817766],[-75.206296,10.817789],[-75.206386,10.817802],[-75.206389,10.8178],[-75.206437,10.817809],[-75.206487,10.817808],[-75.206519,10.817807],[-75.206622,10.817842],[-75.20663,10.817845],[-75.206631,10.817845],[-75.206881,10.817929],[-75.207012,10.818024],[-75.207686,10.818048],[-75.207694,10.818043],[-75.207969,10.81786],[-75.207994,10.817844],[-75.208154,10.817737],[-75.208409,10.817652],[-75.208506,10.81762],[-75.208981,10.817399],[-75.209091,10.817347],[-75.209211,10.817213],[-75.209403,10.816998],[-75.209482,10.816927],[-75.209562,10.816854],[-75.209831,10.81661],[-75.210259,10.816029],[-75.210552,10.815703],[-75.210921,10.815292],[-75.211232,10.814711],[-75.211504,10.814208],[-75.211854,10.81382],[-75.212164,10.81393],[-75.212285,10.813973],[-75.212675,10.813817],[-75.212675,10.813816],[-75.212732,10.813674],[-75.212985,10.813042],[-75.213029,10.812822],[-75.2131,10.812462],[-75.213176,10.812359],[-75.213528,10.811881],[-75.213917,10.811222],[-75.214071,10.810564],[-75.214692,10.809402],[-75.214994,10.80895],[-75.215236,10.808589],[-75.215975,10.807504],[-75.216266,10.8072],[-75.216754,10.806689],[-75.216753,10.806546],[-75.216753,10.806445],[-75.216751,10.805839],[-75.216747,10.804949],[-75.216715,10.804851],[-75.216693,10.804784],[-75.216668,10.804741],[-75.216639,10.804691],[-75.216611,10.804624],[-75.216522,10.804412],[-75.216513,10.804389],[-75.21651,10.804381],[-75.216505,10.804371],[-75.216379,10.804056],[-75.216272,10.803792],[-75.21627,10.803134],[-75.216385,10.8024],[-75.216736,10.801734],[-75.216773,10.801664],[-75.217053,10.80114],[-75.217083,10.801083],[-75.21755,10.80054],[-75.217979,10.799997],[-75.218367,10.799377],[-75.218873,10.798757],[-75.219375,10.798304],[-75.219821,10.797993],[-75.220471,10.797398],[-75.220484,10.797386],[-75.220566,10.797311],[-75.220628,10.797254],[-75.220765,10.79713],[-75.220771,10.797124],[-75.220789,10.797108],[-75.220864,10.797039],[-75.220939,10.796971],[-75.221073,10.796943],[-75.221097,10.796938],[-75.221103,10.796936],[-75.221232,10.796909],[-75.221872,10.796775],[-75.222029,10.796696],[-75.222073,10.796674],[-75.222208,10.796604],[-75.22207,10.79561],[-75.221983,10.794981],[-75.22192,10.79453],[-75.221886,10.794282],[-75.221876,10.794216],[-75.221868,10.794158],[-75.221859,10.794093],[-75.221851,10.794034],[-75.22185,10.794024],[-75.221843,10.793976],[-75.221772,10.793466],[-75.221731,10.793169],[-75.221681,10.792812],[-75.221937,10.792663],[-75.221967,10.792645],[-75.222657,10.791892],[-75.223229,10.791299],[-75.223548,10.790873],[-75.224155,10.790212],[-75.225193,10.789684],[-75.226311,10.789154],[-75.226633,10.789001],[-75.228054,10.78833],[-75.228342,10.788194],[-75.228507,10.788145],[-75.228513,10.788099],[-75.228518,10.787606],[-75.228521,10.787269],[-75.228687,10.786854],[-75.228973,10.786562],[-75.229416,10.786095],[-75.229948,10.785182],[-75.230215,10.784238],[-75.230279,10.783821],[-75.230364,10.783157],[-75.230018,10.782575],[-75.229841,10.782389],[-75.229662,10.782204],[-75.229509,10.782035],[-75.228134,10.781169],[-75.227884,10.781061],[-75.227533,10.780953],[-75.226645,10.78081],[-75.226289,10.780721],[-75.225928,10.780653],[-75.225033,10.780396],[-75.224657,10.780339],[-75.224367,10.780292],[-75.224146,10.780193],[-75.223804,10.780088],[-75.223514,10.779922],[-75.223144,10.779661],[-75.222726,10.779168],[-75.222424,10.77874],[-75.221862,10.778342],[-75.22098,10.777717],[-75.220301,10.777425],[-75.21989,10.777203],[-75.220281,10.776345],[-75.220311,10.776215],[-75.220384,10.776082],[-75.220506,10.775936],[-75.220648,10.775735],[-75.22077,10.775594],[-75.220899,10.775399],[-75.22095,10.775296],[-75.221019,10.775085],[-75.221049,10.774909],[-75.221062,10.774751],[-75.221075,10.774592],[-75.22109,10.774417],[-75.221086,10.774],[-75.221051,10.773828],[-75.220994,10.773685],[-75.220966,10.77357],[-75.220995,10.773484],[-75.221064,10.77338],[-75.221198,10.773065],[-75.221256,10.772885],[-75.221343,10.772611],[-75.221408,10.772406],[-75.221557,10.772169],[-75.222001,10.77166],[-75.22228,10.771534],[-75.222574,10.771446],[-75.222925,10.771519],[-75.223129,10.771695],[-75.223366,10.771707],[-75.2234,10.771562],[-75.223412,10.771439],[-75.223423,10.77133],[-75.223461,10.771219],[-75.22362,10.771049],[-75.223743,10.771079],[-75.22386,10.771204],[-75.223975,10.771296],[-75.22407,10.771274],[-75.224134,10.77118],[-75.22411,10.771058],[-75.224062,10.770948],[-75.224034,10.770826],[-75.224098,10.770728],[-75.22421,10.770695],[-75.22445,10.770666],[-75.224587,10.770534],[-75.224789,10.770217],[-75.224851,10.770095],[-75.224959,10.770009],[-75.225125,10.769943],[-75.225286,10.769799],[-75.225499,10.769557],[-75.225703,10.769247],[-75.225941,10.768928],[-75.226169,10.768594],[-75.226258,10.768406],[-75.226419,10.768187],[-75.226554,10.76818],[-75.226782,10.768046],[-75.226939,10.767845],[-75.226989,10.767608],[-75.226915,10.767146],[-75.226791,10.766713],[-75.226796,10.766612],[-75.226959,10.766449],[-75.227312,10.766296],[-75.227931,10.76584],[-75.22804,10.765575],[-75.228154,10.765348],[-75.228255,10.765124],[-75.228257,10.765119],[-75.22829,10.76506],[-75.228325,10.764996],[-75.228328,10.764996],[-75.228342,10.764925],[-75.22834,10.76484],[-75.228242,10.764628],[-75.228188,10.76378],[-75.228035,10.763365],[-75.227906,10.763125],[-75.227871,10.762864],[-75.227954,10.762575],[-75.228199,10.762258],[-75.228225,10.762024],[-75.228175,10.760649],[-75.228145,10.75981],[-75.228134,10.759782],[-75.228317,10.759619],[-75.22898,10.758789],[-75.229341,10.759061],[-75.229606,10.759027],[-75.229706,10.759099],[-75.229908,10.759246],[-75.230315,10.759397],[-75.230168,10.759077],[-75.230026,10.758767],[-75.22996,10.758625],[-75.229961,10.758619],[-75.230154,10.757537],[-75.230167,10.757464],[-75.23033,10.756606],[-75.23036,10.756451],[-75.230669,10.756103],[-75.23129,10.755482],[-75.232015,10.754869],[-75.232671,10.75449],[-75.233222,10.754123],[-75.233567,10.753764],[-75.234194,10.753393],[-75.23507,10.752679],[-75.236234,10.751413],[-75.23673,10.750812],[-75.237494,10.749875],[-75.23833,10.748905],[-75.240543,10.747216],[-75.240433,10.745396],[-75.240429,10.745334],[-75.240426,10.745283],[-75.240343,10.745038],[-75.240167,10.744516],[-75.240166,10.744326],[-75.240165,10.744307],[-75.240161,10.743845],[-75.240563,10.743071],[-75.240641,10.742959],[-75.240908,10.742579],[-75.240909,10.742578],[-75.241313,10.742087],[-75.2414,10.742037],[-75.241477,10.741978],[-75.241554,10.741892],[-75.241712,10.741665],[-75.241884,10.741459],[-75.242015,10.741318],[-75.242204,10.741152],[-75.242282,10.741067],[-75.242348,10.740969],[-75.242452,10.74078],[-75.242483,10.740723],[-75.242552,10.740629],[-75.242637,10.740551],[-75.242828,10.740424],[-75.242852,10.740408],[-75.242907,10.740354],[-75.242916,10.740341],[-75.24294,10.740306],[-75.24295,10.740286],[-75.242975,10.740231],[-75.243006,10.74011],[-75.243028,10.73998],[-75.243032,10.739871],[-75.243024,10.739794],[-75.243006,10.739715],[-75.242898,10.739409],[-75.242856,10.73924],[-75.242856,10.739232],[-75.242847,10.739115],[-75.242855,10.739055],[-75.242877,10.738977],[-75.242927,10.738867],[-75.243022,10.738716],[-75.243115,10.738591],[-75.243139,10.738559],[-75.243242,10.738439],[-75.24334,10.738324],[-75.243515,10.738064],[-75.243565,10.737933],[-75.243608,10.737701],[-75.243665,10.737482],[-75.243707,10.737276],[-75.243761,10.737115],[-75.243762,10.737113],[-75.24381,10.737026],[-75.243952,10.736836],[-75.244029,10.736682],[-75.244038,10.736664],[-75.244092,10.736575],[-75.244149,10.736509],[-75.244238,10.736442],[-75.244248,10.736421],[-75.244239,10.736382],[-75.244224,10.736364],[-75.244167,10.736298],[-75.244096,10.736156],[-75.244052,10.73609],[-75.243975,10.736002],[-75.243781,10.735808],[-75.243697,10.735699],[-75.243657,10.735628],[-75.243626,10.735551],[-75.243605,10.735471],[-75.243596,10.73539],[-75.243603,10.735331],[-75.243624,10.73528],[-75.243748,10.735135],[-75.24379,10.735062],[-75.243823,10.734939],[-75.243877,10.734799],[-75.243901,10.734582],[-75.243934,10.734499],[-75.243967,10.734459],[-75.244013,10.73443],[-75.244062,10.734415],[-75.244198,10.734395],[-75.244244,10.734376],[-75.244269,10.734353],[-75.24429,10.734309],[-75.244295,10.734194],[-75.244326,10.734098],[-75.244353,10.734053],[-75.244396,10.733979],[-75.244489,10.733868],[-75.244514,10.733826],[-75.244521,10.733775],[-75.24451,10.733725],[-75.244432,10.733593],[-75.244372,10.733429],[-75.244335,10.733356],[-75.244252,10.733248],[-75.244159,10.733159],[-75.244158,10.733159],[-75.244206,10.73305],[-75.244275,10.732891],[-75.244278,10.732864],[-75.24431,10.732615],[-75.244334,10.732422],[-75.244403,10.73221],[-75.244357,10.731993],[-75.244391,10.731835],[-75.244786,10.731032],[-75.244905,10.730791],[-75.245139,10.730394],[-75.249527,10.722965]]]]}}]}